cell,model,condition,seed,task_id,exact,state_class,c_ops,n_groups,template
base,qwen3.5-27b,direct,s12,W-00001,0,C,1,3,capacity
base,qwen3.5-27b,direct,s12,W-00003,1,A,0,4,plan
base,qwen3.5-27b,direct,s12,W-00004,1,A,0,4,temporal
base,qwen3.5-27b,direct,s12,W-00005,0,D,1,4,alloc
base,qwen3.5-27b,direct,s12,W-00006,0,B,0,3,budget
base,qwen3.5-27b,direct,s12,W-00007,1,A,0,2,budget
base,qwen3.5-27b,direct,s12,W-00008,0,C,1,2,sourcing
base,qwen3.5-27b,direct,s12,W-00009,0,B,0,2,conflict
base,qwen3.5-27b,direct,s12,W-00010,0,C,1,3,budget
base,qwen3.5-27b,direct,s12,W-00011,0,A,0,4,plan
base,qwen3.5-27b,direct,s12,W-00012,0,B,0,4,vendor
base,qwen3.5-27b,direct,s12,W-00013,0,A,0,5,diag
base,qwen3.5-27b,direct,s12,W-00014,0,A,0,3,diag
base,qwen3.5-27b,direct,s12,W-00015,1,A,0,3,lookup
base,qwen3.5-27b,direct,s12,W-00016,0,C,0,2,budget
base,qwen3.5-27b,direct,s12,W-00017,0,B,0,4,contract_gate
base,qwen3.5-27b,direct,s12,W-00018,0,C,1,5,alloc
base,qwen3.5-27b,direct,s12,W-00019,1,A,0,3,precedence
base,qwen3.5-27b,direct,s12,W-00020,1,A,0,4,precedence
base,qwen3.5-27b,direct,s12,W-00022,1,A,0,3,precedence
base,qwen3.5-27b,direct,s12,W-00023,0,D,1,5,alloc
base,qwen3.5-27b,direct,s12,W-00024,1,A,0,2,conflict
base,qwen3.5-27b,direct,s12,W-00025,1,B,0,4,temporal
base,qwen3.5-27b,direct,s12,W-00026,0,C,1,3,temporal
base,qwen3.5-27b,direct,s12,W-00027,0,C,1,4,renewal
base,qwen3.5-27b,direct,s12,W-00028,0,B,0,5,purchase
base,qwen3.5-27b,direct,s12,W-00029,1,A,0,2,capacity
base,qwen3.5-27b,direct,s12,W-00030,1,A,0,4,plan
base,qwen3.5-27b,direct,s12,W-00031,0,C,1,3,vendor
base,qwen3.5-27b,direct,s12,W-00032,1,A,0,3,plan
base,qwen3.5-27b,direct,s12,W-00033,0,B,0,2,conflict
base,qwen3.5-27b,direct,s12,W-00034,0,A,0,4,contract_gate
base,qwen3.5-27b,direct,s12,W-00035,0,D,1,4,sourcing
base,qwen3.5-27b,direct,s12,W-00036,0,D,0,3,capacity
base,qwen3.5-27b,direct,s12,W-00037,1,A,0,2,lookup
base,qwen3.5-27b,direct,s12,W-00038,0,C,1,5,purchase
base,qwen3.5-27b,direct,s12,W-00039,0,A,0,5,diag
base,qwen3.5-27b,direct,s12,W-00040,0,B,0,3,lookup
base,qwen3.5-27b,direct,s12,W-00041,0,D,0,5,diag
base,qwen3.5-27b,direct,s12,W-00042,1,A,0,4,whatif
base,qwen3.5-27b,direct,s12,W-00043,0,C,1,2,sourcing
base,qwen3.5-27b,direct,s12,W-00044,1,A,0,3,precedence
base,qwen3.5-27b,direct,s12,W-00045,0,B,0,3,lookup
base,qwen3.5-27b,direct,s12,W-00046,0,D,0,4,contract_gate
base,qwen3.5-27b,direct,s12,W-00047,1,A,0,5,diag
base,qwen3.5-27b,direct,s12,W-00048,0,B,0,5,purchase
base,qwen3.5-27b,direct,s12,W-00049,1,A,0,3,capacity
base,qwen3.5-27b,direct,s12,W-00050,0,C,1,4,purchase
base,qwen3.5-27b,direct,s12,W-00051,1,A,0,3,plan
base,qwen3.5-27b,direct,s12,W-00052,0,D,1,5,alloc
base,qwen3.5-27b,direct,s12,W-00053,0,D,0,4,contract_gate
base,qwen3.5-27b,direct,s12,W-00054,1,A,0,2,conflict
base,qwen3.5-27b,direct,s12,W-00055,0,B,0,3,lookup
base,qwen3.5-27b,direct,s12,W-00056,0,C,1,2,capacity
base,qwen3.5-27b,direct,s12,W-00057,0,A,0,5,vendor
base,qwen3.5-27b,direct,s12,W-00058,0,B,0,4,whatif
base,qwen3.5-27b,direct,s12,W-00059,1,A,0,3,lookup
base,qwen3.5-27b,direct,s12,W-00060,0,D,0,2,budget
base,qwen3.5-27b,direct,s12,W-00061,0,C,1,4,contract_gate
base,qwen3.5-27b,direct,s12,W-00062,1,A,0,3,plan
base,qwen3.5-27b,direct,s12,W-00063,0,B,0,2,sourcing
base,qwen3.5-27b,direct,s12,W-00064,1,A,0,4,plan
base,qwen3.5-27b,direct,s12,W-00065,0,D,0,3,lookup
base,qwen3.5-27b,direct,s12,W-00066,0,C,1,5,purchase
base,qwen3.5-27b,direct,s12,W-00067,1,A,0,4,diag
base,qwen3.5-27b,direct,s12,W-00068,0,B,0,4,purchase
base,qwen3.5-27b,direct,s12,W-00069,0,A,0,5,diag
base,qwen3.5-27b,direct,s12,W-00070,0,D,0,3,contract_gate
base,qwen3.5-27b,direct,s12,W-00071,0,A,0,3,vendor
base,qwen3.5-27b,direct,s12,W-00072,0,D,0,2,budget
base,qwen3.5-27b,direct,s12,W-00073,0,B,0,5,plan
base,qwen3.5-27b,direct,s12,W-00074,1,A,0,2,budget
base,qwen3.5-27b,direct,s12,W-00076,0,C,1,3,capacity
base,qwen3.5-27b,direct,s12,W-00077,1,A,0,2,lookup
base,qwen3.5-27b,direct,s12,W-00078,1,B,0,4,temporal
base,qwen3.5-27b,direct,s12,W-00079,1,A,0,3,diag
base,qwen3.5-27b,direct,s12,W-00080,0,D,0,5,purchase
base,qwen3.5-27b,direct,s12,W-00081,0,B,0,2,conflict
base,qwen3.5-27b,direct,s12,W-00082,0,B,0,2,lookup
base,qwen3.5-27b,direct,s12,W-00083,1,A,0,3,budget
base,qwen3.5-27b,direct,s12,W-00084,1,A,0,4,diag
base,qwen3.5-27b,direct,s12,W-00085,0,C,1,3,contract_gate
base,qwen3.5-27b,direct,s12,W-00087,1,A,0,4,diag
base,qwen3.5-27b,direct,s12,W-00088,0,C,1,3,capacity
base,qwen3.5-27b,direct,s12,W-00089,1,A,0,4,temporal
base,qwen3.5-27b,direct,s12,W-00090,0,D,0,5,purchase
base,qwen3.5-27b,direct,s12,W-00091,0,A,0,4,diag
base,qwen3.5-27b,direct,s12,W-00092,0,B,0,3,lookup
base,qwen3.5-27b,direct,s12,W-00093,0,C,0,4,contract_gate
base,qwen3.5-27b,direct,s12,W-00094,0,C,1,2,capacity
base,qwen3.5-27b,direct,s12,W-00095,1,A,0,3,lookup
base,qwen3.5-27b,direct,s12,W-00096,1,A,0,4,diag
base,qwen3.5-27b,direct,s12,W-00097,0,D,0,5,purchase
base,qwen3.5-27b,direct,s12,W-00098,0,C,1,2,whatif
base,qwen3.5-27b,direct,s12,W-00099,1,A,0,3,precedence
base,qwen3.5-27b,direct,s12,W-00100,0,B,0,5,alloc
base,qwen3.5-27b,direct,s12,W-00102,1,A,0,2,lookup
base,qwen3.5-27b,direct,s12,W-00103,0,C,1,5,whatif
base,qwen3.5-27b,direct,s12,W-00104,1,A,0,5,plan
base,qwen3.5-27b,direct,s12,W-00105,0,B,0,3,capacity
base,qwen3.5-27b,direct,s12,W-00106,0,C,0,4,contract_gate
base,qwen3.5-27b,direct,s12,W-00107,0,C,1,2,capacity
base,qwen3.5-27b,direct,s12,W-00108,0,B,0,3,lookup
base,qwen3.5-27b,direct,s12,W-00109,0,A,0,4,plan
base,qwen3.5-27b,direct,s12,W-00110,0,A,0,4,temporal
base,qwen3.5-27b,direct,s12,W-00111,0,A,0,4,precedence
base,qwen3.5-27b,direct,s12,W-00112,0,C,1,5,alloc
base,qwen3.5-27b,direct,s12,W-00113,0,B,0,3,budget
base,qwen3.5-27b,direct,s12,W-00114,1,A,0,2,conflict
base,qwen3.5-27b,direct,s12,W-00116,0,C,1,3,budget
base,qwen3.5-27b,direct,s12,W-00117,1,A,0,4,diag
base,qwen3.5-27b,direct,s12,W-00118,0,B,0,3,lookup
base,qwen3.5-27b,direct,s12,W-00119,1,A,0,2,conflict
base,qwen3.5-27b,direct,s12,W-00120,0,D,0,5,purchase
base,qwen3.5-27b,direct,s12,W-00121,0,B,0,2,conflict
base,qwen3.5-27b,direct,s12,W-00122,0,A,0,4,plan
base,qwen3.5-27b,direct,s12,W-00123,0,C,1,5,alloc
base,qwen3.5-27b,direct,s12,W-00124,1,A,0,4,precedence
base,qwen3.5-27b,direct,s12,W-00125,0,C,1,3,capacity
base,qwen3.5-27b,direct,s12,W-00126,0,D,0,3,whatif
base,qwen3.5-27b,direct,s12,W-00127,1,A,0,2,lookup
base,qwen3.5-27b,direct,s12,W-00128,0,B,0,3,lookup
base,qwen3.5-27b,direct,s12,W-00129,0,C,1,5,alloc
base,qwen3.5-27b,direct,s12,W-00130,0,A,0,4,purchase
base,qwen3.5-27b,direct,s12,W-00131,1,A,0,4,plan
base,qwen3.5-27b,direct,s12,W-00132,0,D,0,3,capacity
base,qwen3.5-27b,direct,s12,W-00133,0,B,0,5,whatif
base,qwen3.5-27b,direct,s12,W-00134,0,C,1,2,sourcing
base,qwen3.5-27b,direct,s12,W-00135,1,A,0,3,diag
base,qwen3.5-27b,direct,s12,W-00136,1,A,0,4,diag
base,qwen3.5-27b,direct,s12,W-00137,0,D,0,5,temporal
base,qwen3.5-27b,direct,s12,W-00138,0,C,1,2,budget
base,qwen3.5-27b,direct,s12,W-00139,1,A,0,3,lookup
base,qwen3.5-27b,direct,s12,W-00141,0,A,0,2,lookup
base,qwen3.5-27b,direct,s12,W-00142,0,C,1,4,contract_gate
base,qwen3.5-27b,direct,s12,W-00144,0,A,0,4,diag
base,qwen3.5-27b,direct,s12,W-00145,0,D,0,3,precedence
base,qwen3.5-27b,direct,s12,W-00146,0,A,0,4,diag
base,qwen3.5-27b,direct,s12,W-00147,0,C,1,2,sourcing
base,qwen3.5-27b,direct,s12,W-00148,0,B,0,3,lookup
base,qwen3.5-27b,direct,s12,W-00149,1,A,0,4,diag
base,qwen3.5-27b,direct,s12,W-00150,0,D,0,4,whatif
base,qwen3.5-27b,direct,s13,W-00002,0,C,1,2,budget
base,qwen3.5-27b,direct,s13,W-00003,0,D,0,5,alloc
base,qwen3.5-27b,direct,s13,W-00005,0,C,1,2,budget
base,qwen3.5-27b,direct,s13,W-00006,0,D,0,3,budget
base,qwen3.5-27b,direct,s13,W-00007,1,A,0,4,diag
base,qwen3.5-27b,direct,s13,W-00008,0,A,0,5,diag
base,qwen3.5-27b,direct,s13,W-00009,0,D,1,4,alloc
base,qwen3.5-27b,direct,s13,W-00010,1,A,0,2,lookup
base,qwen3.5-27b,direct,s13,W-00011,0,A,0,3,vendor
base,qwen3.5-27b,direct,s13,W-00012,0,A,0,3,precedence
base,qwen3.5-27b,direct,s13,W-00013,0,C,1,5,temporal
base,qwen3.5-27b,direct,s13,W-00014,0,B,0,3,budget
base,qwen3.5-27b,direct,s13,W-00015,0,B,0,4,precedence
base,qwen3.5-27b,direct,s13,W-00016,1,A,0,2,budget
base,qwen3.5-27b,direct,s13,W-00017,1,A,0,3,lookup
base,qwen3.5-27b,direct,s13,W-00018,0,C,1,4,alloc
base,qwen3.5-27b,direct,s13,W-00019,0,C,1,4,contract_gate
base,qwen3.5-27b,direct,s13,W-00020,1,A,0,4,diag
base,qwen3.5-27b,direct,s13,W-00021,0,C,1,4,vendor
base,qwen3.5-27b,direct,s13,W-00022,0,A,0,3,diag
base,qwen3.5-27b,direct,s13,W-00023,0,B,0,3,capacity
base,qwen3.5-27b,direct,s13,W-00024,1,A,0,4,temporal
base,qwen3.5-27b,direct,s13,W-00025,0,B,0,2,conflict
base,qwen3.5-27b,direct,s13,W-00026,0,B,0,3,budget
base,qwen3.5-27b,direct,s13,W-00027,0,D,0,2,capacity
base,qwen3.5-27b,direct,s13,W-00028,1,A,0,4,plan
base,qwen3.5-27b,direct,s13,W-00029,0,B,0,3,lookup
base,qwen3.5-27b,direct,s13,W-00030,1,A,0,2,conflict
base,qwen3.5-27b,direct,s13,W-00031,1,A,0,3,plan
base,qwen3.5-27b,direct,s13,W-00032,0,A,0,4,plan
base,qwen3.5-27b,direct,s13,W-00033,0,D,1,5,alloc
base,qwen3.5-27b,direct,s13,W-00034,0,B,0,2,whatif
base,qwen3.5-27b,direct,s13,W-00036,0,C,1,5,alloc
base,qwen3.5-27b,direct,s13,W-00037,1,A,0,4,diag
base,qwen3.5-27b,direct,s13,W-00038,0,D,0,4,precedence
base,qwen3.5-27b,direct,s13,W-00039,1,A,0,3,precedence
base,qwen3.5-27b,direct,s13,W-00040,0,D,0,2,capacity
base,qwen3.5-27b,direct,s13,W-00041,1,B,0,2,conflict
base,qwen3.5-27b,direct,s13,W-00042,0,A,0,3,plan
base,qwen3.5-27b,direct,s13,W-00043,0,C,1,4,vendor
base,qwen3.5-27b,direct,s13,W-00044,1,A,0,4,purchase
base,qwen3.5-27b,direct,s13,W-00045,0,C,1,3,contract_gate
base,qwen3.5-27b,direct,s13,W-00046,0,B,0,5,plan
base,qwen3.5-27b,direct,s13,W-00047,0,C,1,5,purchase
base,qwen3.5-27b,direct,s13,W-00048,1,A,0,2,lookup
base,qwen3.5-27b,direct,s13,W-00049,0,B,0,3,lookup
base,qwen3.5-27b,direct,s13,W-00050,0,A,0,4,precedence
base,qwen3.5-27b,direct,s13,W-00051,0,D,0,4,plan
base,qwen3.5-27b,direct,s13,W-00052,1,A,0,4,diag
base,qwen3.5-27b,direct,s13,W-00053,1,B,0,3,lookup
base,qwen3.5-27b,direct,s13,W-00055,0,D,0,3,capacity
base,qwen3.5-27b,direct,s13,W-00056,0,A,0,2,lookup
base,qwen3.5-27b,direct,s13,W-00057,1,A,0,4,plan
base,qwen3.5-27b,direct,s13,W-00058,0,C,1,3,contract_gate
base,qwen3.5-27b,direct,s13,W-00059,0,A,0,5,diag
base,qwen3.5-27b,direct,s13,W-00061,0,C,0,4,contract_gate
base,qwen3.5-27b,direct,s13,W-00062,0,A,0,4,diag
base,qwen3.5-27b,direct,s13,W-00063,0,C,1,3,contract_gate
base,qwen3.5-27b,direct,s13,W-00064,1,A,0,2,capacity
base,qwen3.5-27b,direct,s13,W-00065,0,C,0,5,alloc
base,qwen3.5-27b,direct,s13,W-00066,0,B,0,3,lookup
base,qwen3.5-27b,direct,s13,W-00068,0,A,0,4,diag
base,qwen3.5-27b,direct,s13,W-00069,1,A,0,4,whatif
base,qwen3.5-27b,direct,s13,W-00070,0,B,0,3,contract_gate
base,qwen3.5-27b,direct,s13,W-00071,1,A,0,5,renewal
base,qwen3.5-27b,direct,s13,W-00072,0,C,1,2,budget
base,qwen3.5-27b,direct,s13,W-00073,0,B,0,4,vendor
base,qwen3.5-27b,direct,s13,W-00074,0,A,0,5,plan
base,qwen3.5-27b,direct,s13,W-00075,0,C,0,4,contract_gate
base,qwen3.5-27b,direct,s13,W-00076,0,D,1,5,alloc
base,qwen3.5-27b,direct,s13,W-00077,0,D,0,3,capacity
base,qwen3.5-27b,direct,s13,W-00078,0,B,0,3,budget
base,qwen3.5-27b,direct,s13,W-00079,0,A,0,5,diag
base,qwen3.5-27b,direct,s13,W-00080,1,A,0,3,lookup
base,qwen3.5-27b,direct,s13,W-00081,1,C,1,4,purchase
base,qwen3.5-27b,direct,s13,W-00082,1,A,0,2,budget
base,qwen3.5-27b,direct,s13,W-00084,1,A,0,3,diag
base,qwen3.5-27b,direct,s13,W-00085,0,C,1,4,alloc
base,qwen3.5-27b,direct,s13,W-00086,0,D,0,2,budget
base,qwen3.5-27b,direct,s13,W-00087,0,D,0,4,whatif
base,qwen3.5-27b,direct,s13,W-00088,1,A,0,3,lookup
base,qwen3.5-27b,direct,s13,W-00089,0,C,1,3,budget
base,qwen3.5-27b,direct,s13,W-00090,1,A,0,2,conflict
base,qwen3.5-27b,direct,s13,W-00091,0,B,0,2,conflict
base,qwen3.5-27b,direct,s13,W-00094,0,C,1,4,contract_gate
base,qwen3.5-27b,direct,s13,W-00095,0,D,0,3,sourcing
base,qwen3.5-27b,direct,s13,W-00096,0,A,0,5,purchase
base,qwen3.5-27b,direct,s13,W-00097,1,A,0,5,renewal
base,qwen3.5-27b,direct,s13,W-00098,0,C,1,2,budget
base,qwen3.5-27b,direct,s13,W-00099,0,A,0,3,lookup
base,qwen3.5-27b,direct,s13,W-00100,0,B,0,4,plan
base,qwen3.5-27b,direct,s13,W-00101,0,A,0,4,vendor
base,qwen3.5-27b,direct,s13,W-00103,1,A,0,3,vendor
base,qwen3.5-27b,direct,s13,W-00104,0,C,1,2,whatif
base,qwen3.5-27b,direct,s13,W-00105,0,D,0,2,budget
base,qwen3.5-27b,direct,s13,W-00106,1,A,0,4,temporal
base,qwen3.5-27b,direct,s13,W-00107,0,C,1,4,contract_gate
base,qwen3.5-27b,direct,s13,W-00108,0,B,0,2,conflict
base,qwen3.5-27b,direct,s13,W-00109,1,A,0,3,lookup
base,qwen3.5-27b,direct,s13,W-00110,0,B,0,4,diag
base,qwen3.5-27b,direct,s13,W-00111,1,A,0,4,contract_gate
base,qwen3.5-27b,direct,s13,W-00113,0,D,0,3,capacity
base,qwen3.5-27b,direct,s13,W-00114,1,A,0,4,plan
base,qwen3.5-27b,direct,s13,W-00115,1,D,0,4,diag
base,qwen3.5-27b,direct,s13,W-00116,0,C,1,3,budget
base,qwen3.5-27b,direct,s13,W-00117,1,A,0,2,conflict
base,qwen3.5-27b,direct,s13,W-00118,0,B,0,2,lookup
base,qwen3.5-27b,direct,s13,W-00119,1,A,0,3,lookup
base,qwen3.5-27b,direct,s13,W-00120,0,D,0,4,sourcing
base,qwen3.5-27b,direct,s13,W-00121,0,D,1,4,vendor
base,qwen3.5-27b,direct,s13,W-00122,1,A,0,3,plan
base,qwen3.5-27b,direct,s13,W-00123,0,B,0,2,conflict
base,qwen3.5-27b,direct,s13,W-00124,1,A,0,5,diag
base,qwen3.5-27b,direct,s13,W-00126,0,D,0,3,whatif
base,qwen3.5-27b,direct,s13,W-00127,1,A,0,4,diag
base,qwen3.5-27b,direct,s13,W-00128,0,B,0,3,lookup
base,qwen3.5-27b,direct,s13,W-00129,0,C,1,4,purchase
base,qwen3.5-27b,direct,s13,W-00130,1,A,0,2,temporal
base,qwen3.5-27b,direct,s13,W-00131,0,B,0,3,plan
base,qwen3.5-27b,direct,s13,W-00132,1,A,0,4,purchase
base,qwen3.5-27b,direct,s13,W-00133,0,D,0,2,capacity
base,qwen3.5-27b,direct,s13,W-00134,0,C,1,5,purchase
base,qwen3.5-27b,direct,s13,W-00135,1,A,0,3,lookup
base,qwen3.5-27b,direct,s13,W-00136,1,A,0,4,purchase
base,qwen3.5-27b,direct,s13,W-00137,0,D,0,5,temporal
base,qwen3.5-27b,direct,s13,W-00138,0,C,1,2,sourcing
base,qwen3.5-27b,direct,s13,W-00139,0,B,0,4,renewal
base,qwen3.5-27b,direct,s13,W-00140,1,A,0,3,lookup
base,qwen3.5-27b,direct,s13,W-00141,0,B,0,4,plan
base,qwen3.5-27b,direct,s13,W-00142,1,A,0,3,plan
base,qwen3.5-27b,direct,s13,W-00143,0,C,1,5,purchase
base,qwen3.5-27b,direct,s13,W-00144,0,D,0,2,budget
base,qwen3.5-27b,direct,s13,W-00145,1,A,0,3,capacity
base,qwen3.5-27b,direct,s13,W-00146,0,A,0,4,contract_gate
base,qwen3.5-27b,direct,s13,W-00147,0,C,1,5,purchase
base,qwen3.5-27b,direct,s13,W-00148,0,B,0,3,lookup
base,qwen3.5-27b,direct,s13,W-00149,0,A,0,2,conflict
base,qwen3.5-27b,direct,s13,W-00150,0,C,0,4,contract_gate
base,qwen3.5-27b,direct,s14,W-00002,0,C,1,3,capacity
base,qwen3.5-27b,direct,s14,W-00003,1,A,0,4,precedence
base,qwen3.5-27b,direct,s14,W-00004,0,A,0,2,conflict
base,qwen3.5-27b,direct,s14,W-00006,1,A,0,4,plan
base,qwen3.5-27b,direct,s14,W-00007,1,A,0,3,precedence
base,qwen3.5-27b,direct,s14,W-00008,0,B,0,5,purchase
base,qwen3.5-27b,direct,s14,W-00009,0,C,1,2,budget
base,qwen3.5-27b,direct,s14,W-00010,0,D,0,3,budget
base,qwen3.5-27b,direct,s14,W-00011,1,A,0,3,plan
base,qwen3.5-27b,direct,s14,W-00012,1,B,0,4,whatif
base,qwen3.5-27b,direct,s14,W-00013,1,A,0,5,temporal
base,qwen3.5-27b,direct,s14,W-00014,0,D,1,5,purchase
base,qwen3.5-27b,direct,s14,W-00015,0,B,0,2,budget
base,qwen3.5-27b,direct,s14,W-00016,1,A,0,4,whatif
base,qwen3.5-27b,direct,s14,W-00017,0,B,0,2,conflict
base,qwen3.5-27b,direct,s14,W-00018,0,C,1,4,contract_gate
base,qwen3.5-27b,direct,s14,W-00019,1,A,0,3,lookup
base,qwen3.5-27b,direct,s14,W-00020,1,A,0,4,renewal
base,qwen3.5-27b,direct,s14,W-00021,1,A,0,4,plan
base,qwen3.5-27b,direct,s14,W-00022,0,B,0,2,conflict
base,qwen3.5-27b,direct,s14,W-00023,0,C,1,5,alloc
base,qwen3.5-27b,direct,s14,W-00024,1,A,0,2,lookup
base,qwen3.5-27b,direct,s14,W-00025,0,C,0,5,alloc
base,qwen3.5-27b,direct,s14,W-00026,0,B,0,3,lookup
base,qwen3.5-27b,direct,s14,W-00027,0,C,1,3,contract_gate
base,qwen3.5-27b,direct,s14,W-00028,0,B,0,5,purchase
base,qwen3.5-27b,direct,s14,W-00029,1,A,0,2,capacity
base,qwen3.5-27b,direct,s14,W-00030,1,A,0,4,whatif
base,qwen3.5-27b,direct,s14,W-00031,1,A,0,4,plan
base,qwen3.5-27b,direct,s14,W-00032,0,C,1,3,capacity
base,qwen3.5-27b,direct,s14,W-00033,0,D,0,2,capacity
base,qwen3.5-27b,direct,s14,W-00034,0,D,0,3,contract_gate
base,qwen3.5-27b,direct,s14,W-00035,1,A,0,3,sourcing
base,qwen3.5-27b,direct,s14,W-00036,0,C,1,3,capacity
base,qwen3.5-27b,direct,s14,W-00037,1,A,0,3,lookup
base,qwen3.5-27b,direct,s14,W-00038,0,B,0,4,whatif
base,qwen3.5-27b,direct,s14,W-00039,0,B,0,4,vendor
base,qwen3.5-27b,direct,s14,W-00040,0,D,0,2,capacity
base,qwen3.5-27b,direct,s14,W-00041,0,C,1,3,purchase
base,qwen3.5-27b,direct,s14,W-00042,0,A,0,4,temporal
base,qwen3.5-27b,direct,s14,W-00043,1,A,0,3,diag
base,qwen3.5-27b,direct,s14,W-00044,1,B,0,5,purchase
base,qwen3.5-27b,direct,s14,W-00045,0,C,1,4,contract_gate
base,qwen3.5-27b,direct,s14,W-00046,1,A,0,3,lookup
base,qwen3.5-27b,direct,s14,W-00047,1,A,0,4,renewal
base,qwen3.5-27b,direct,s14,W-00048,1,B,0,5,plan
base,qwen3.5-27b,direct,s14,W-00049,0,C,1,5,alloc
base,qwen3.5-27b,direct,s14,W-00050,0,A,0,2,conflict
base,qwen3.5-27b,direct,s14,W-00051,0,C,1,3,contract_gate
base,qwen3.5-27b,direct,s14,W-00052,0,A,0,3,diag
base,qwen3.5-27b,direct,s14,W-00053,0,B,0,4,alloc
base,qwen3.5-27b,direct,s14,W-00054,1,A,0,5,whatif
base,qwen3.5-27b,direct,s14,W-00055,0,D,0,3,capacity
base,qwen3.5-27b,direct,s14,W-00056,1,A,0,2,lookup
base,qwen3.5-27b,direct,s14,W-00057,0,D,0,2,capacity
base,qwen3.5-27b,direct,s14,W-00058,0,C,1,5,alloc
base,qwen3.5-27b,direct,s14,W-00059,0,A,0,4,contract_gate
base,qwen3.5-27b,direct,s14,W-00060,0,B,0,4,purchase
base,qwen3.5-27b,direct,s14,W-00061,0,B,0,2,conflict
base,qwen3.5-27b,direct,s14,W-00062,0,A,0,3,plan
base,qwen3.5-27b,direct,s14,W-00063,0,A,0,4,plan
base,qwen3.5-27b,direct,s14,W-00064,0,D,1,4,sourcing
base,qwen3.5-27b,direct,s14,W-00065,0,D,0,2,budget
base,qwen3.5-27b,direct,s14,W-00066,0,D,0,3,capacity
base,qwen3.5-27b,direct,s14,W-00067,0,D,1,4,sourcing
base,qwen3.5-27b,direct,s14,W-00068,1,A,0,2,lookup
base,qwen3.5-27b,direct,s14,W-00069,1,A,0,3,conflict
base,qwen3.5-27b,direct,s14,W-00070,0,B,0,3,contract_gate
base,qwen3.5-27b,direct,s14,W-00071,0,A,0,2,lookup
base,qwen3.5-27b,direct,s14,W-00072,0,A,0,3,vendor
base,qwen3.5-27b,direct,s14,W-00073,0,C,1,4,purchase
base,qwen3.5-27b,direct,s14,W-00074,1,B,0,4,precedence
base,qwen3.5-27b,direct,s14,W-00075,0,D,0,3,capacity
base,qwen3.5-27b,direct,s14,W-00076,0,C,1,4,purchase
base,qwen3.5-27b,direct,s14,W-00077,0,C,0,5,alloc
base,qwen3.5-27b,direct,s14,W-00078,1,A,0,2,whatif
base,qwen3.5-27b,direct,s14,W-00079,0,D,0,3,capacity
base,qwen3.5-27b,direct,s14,W-00080,1,A,0,4,temporal
base,qwen3.5-27b,direct,s14,W-00081,0,B,0,4,plan
base,qwen3.5-27b,direct,s14,W-00082,0,C,1,3,sourcing
base,qwen3.5-27b,direct,s14,W-00083,1,A,0,2,conflict
base,qwen3.5-27b,direct,s14,W-00084,0,A,0,5,purchase
base,qwen3.5-27b,direct,s14,W-00085,0,C,1,5,alloc
base,qwen3.5-27b,direct,s14,W-00086,0,B,0,3,lookup
base,qwen3.5-27b,direct,s14,W-00087,0,A,0,4,plan
base,qwen3.5-27b,direct,s14,W-00088,0,B,0,3,lookup
base,qwen3.5-27b,direct,s14,W-00089,0,C,1,2,capacity
base,qwen3.5-27b,direct,s14,W-00090,1,A,0,4,contract_gate
base,qwen3.5-27b,direct,s14,W-00091,1,A,0,4,plan
base,qwen3.5-27b,direct,s14,W-00092,0,D,0,3,vendor
base,qwen3.5-27b,direct,s14,W-00093,0,C,0,2,temporal
base,qwen3.5-27b,direct,s14,W-00094,0,C,1,5,alloc
base,qwen3.5-27b,direct,s14,W-00095,1,A,0,3,lookup
base,qwen3.5-27b,direct,s14,W-00096,1,B,0,4,plan
base,qwen3.5-27b,direct,s14,W-00097,1,A,0,2,budget
base,qwen3.5-27b,direct,s14,W-00098,0,C,1,4,contract_gate
base,qwen3.5-27b,direct,s14,W-00099,1,A,0,3,plan
base,qwen3.5-27b,direct,s14,W-00100,0,B,0,5,purchase
base,qwen3.5-27b,direct,s14,W-00101,0,C,1,5,purchase
base,qwen3.5-27b,direct,s14,W-00102,1,A,0,4,plan
base,qwen3.5-27b,direct,s14,W-00103,0,B,0,3,lookup
base,qwen3.5-27b,direct,s14,W-00104,1,A,0,2,conflict
base,qwen3.5-27b,direct,s14,W-00105,0,C,1,3,contract_gate
base,qwen3.5-27b,direct,s14,W-00106,1,A,0,4,renewal
base,qwen3.5-27b,direct,s14,W-00107,0,D,0,5,alloc
base,qwen3.5-27b,direct,s14,W-00108,0,B,0,3,lookup
base,qwen3.5-27b,direct,s14,W-00109,1,A,0,2,capacity
base,qwen3.5-27b,direct,s14,W-00110,0,D,0,4,sourcing
base,qwen3.5-27b,direct,s14,W-00111,0,A,0,5,temporal
base,qwen3.5-27b,direct,s14,W-00112,0,D,1,3,capacity
base,qwen3.5-27b,direct,s14,W-00113,0,B,0,4,contract_gate
base,qwen3.5-27b,direct,s14,W-00114,1,A,0,2,budget
base,qwen3.5-27b,direct,s14,W-00115,0,C,0,5,alloc
base,qwen3.5-27b,direct,s14,W-00116,0,C,1,3,capacity
base,qwen3.5-27b,direct,s14,W-00117,0,A,0,4,temporal
base,qwen3.5-27b,direct,s14,W-00118,0,B,0,3,lookup
base,qwen3.5-27b,direct,s14,W-00119,0,C,0,2,budget
base,qwen3.5-27b,direct,s14,W-00120,0,A,0,4,diag
base,qwen3.5-27b,direct,s14,W-00121,1,A,0,3,plan
base,qwen3.5-27b,direct,s14,W-00122,0,C,1,2,vendor
base,qwen3.5-27b,direct,s14,W-00123,0,B,0,5,plan
base,qwen3.5-27b,direct,s14,W-00124,1,A,0,4,whatif
base,qwen3.5-27b,direct,s14,W-00125,0,C,1,5,alloc
base,qwen3.5-27b,direct,s14,W-00126,0,D,0,4,purchase
base,qwen3.5-27b,direct,s14,W-00127,1,A,0,3,lookup
base,qwen3.5-27b,direct,s14,W-00128,0,B,0,3,lookup
base,qwen3.5-27b,direct,s14,W-00129,0,C,1,4,purchase
base,qwen3.5-27b,direct,s14,W-00131,1,A,0,3,plan
base,qwen3.5-27b,direct,s14,W-00132,0,D,0,4,sourcing
base,qwen3.5-27b,direct,s14,W-00133,0,B,0,2,capacity
base,qwen3.5-27b,direct,s14,W-00134,0,C,1,4,purchase
base,qwen3.5-27b,direct,s14,W-00135,1,A,0,3,lookup
base,qwen3.5-27b,direct,s14,W-00136,0,A,0,5,diag
base,qwen3.5-27b,direct,s14,W-00137,0,D,0,5,purchase
base,qwen3.5-27b,direct,s14,W-00138,0,C,1,4,contract_gate
base,qwen3.5-27b,direct,s14,W-00139,0,B,0,2,budget
base,qwen3.5-27b,direct,s14,W-00140,1,A,0,3,lookup
base,qwen3.5-27b,direct,s14,W-00141,0,D,0,3,vendor
base,qwen3.5-27b,direct,s14,W-00142,1,A,0,4,precedence
base,qwen3.5-27b,direct,s14,W-00143,0,C,1,2,whatif
base,qwen3.5-27b,direct,s14,W-00144,1,A,0,5,diag
base,qwen3.5-27b,direct,s14,W-00145,0,B,0,3,lookup
base,qwen3.5-27b,direct,s14,W-00146,0,D,0,4,contract_gate
base,qwen3.5-27b,direct,s14,W-00147,0,C,1,5,alloc
base,qwen3.5-27b,direct,s14,W-00148,1,B,0,5,plan
base,qwen3.5-27b,direct,s14,W-00149,1,A,0,5,plan
base,qwen3.5-27b,direct,s14,W-00150,0,A,0,3,temporal
base,qwen3.5-27b,routing,s12,W-00001,0,C,1,3,capacity
base,qwen3.5-27b,routing,s12,W-00003,1,A,0,4,plan
base,qwen3.5-27b,routing,s12,W-00004,1,A,0,4,temporal
base,qwen3.5-27b,routing,s12,W-00005,0,D,1,4,alloc
base,qwen3.5-27b,routing,s12,W-00006,0,B,0,3,budget
base,qwen3.5-27b,routing,s12,W-00007,1,A,0,2,budget
base,qwen3.5-27b,routing,s12,W-00008,0,C,1,2,sourcing
base,qwen3.5-27b,routing,s12,W-00009,0,B,0,2,conflict
base,qwen3.5-27b,routing,s12,W-00010,0,C,1,3,budget
base,qwen3.5-27b,routing,s12,W-00011,1,A,0,4,plan
base,qwen3.5-27b,routing,s12,W-00012,0,B,0,4,vendor
base,qwen3.5-27b,routing,s12,W-00013,0,A,0,5,diag
base,qwen3.5-27b,routing,s12,W-00014,1,A,0,3,diag
base,qwen3.5-27b,routing,s12,W-00015,1,A,0,3,lookup
base,qwen3.5-27b,routing,s12,W-00016,0,C,0,2,budget
base,qwen3.5-27b,routing,s12,W-00017,0,B,0,4,contract_gate
base,qwen3.5-27b,routing,s12,W-00018,0,C,1,5,alloc
base,qwen3.5-27b,routing,s12,W-00019,0,A,0,3,precedence
base,qwen3.5-27b,routing,s12,W-00020,1,A,0,4,precedence
base,qwen3.5-27b,routing,s12,W-00022,1,A,0,3,precedence
base,qwen3.5-27b,routing,s12,W-00023,0,D,1,5,alloc
base,qwen3.5-27b,routing,s12,W-00024,1,A,0,2,conflict
base,qwen3.5-27b,routing,s12,W-00025,1,B,0,4,temporal
base,qwen3.5-27b,routing,s12,W-00026,0,C,1,3,temporal
base,qwen3.5-27b,routing,s12,W-00027,1,C,1,4,renewal
base,qwen3.5-27b,routing,s12,W-00028,0,B,0,5,purchase
base,qwen3.5-27b,routing,s12,W-00029,1,A,0,2,capacity
base,qwen3.5-27b,routing,s12,W-00030,1,A,0,4,plan
base,qwen3.5-27b,routing,s12,W-00031,0,C,1,3,vendor
base,qwen3.5-27b,routing,s12,W-00032,1,A,0,3,plan
base,qwen3.5-27b,routing,s12,W-00033,1,B,0,2,conflict
base,qwen3.5-27b,routing,s12,W-00034,0,A,0,4,contract_gate
base,qwen3.5-27b,routing,s12,W-00035,0,D,1,4,sourcing
base,qwen3.5-27b,routing,s12,W-00036,0,D,0,3,capacity
base,qwen3.5-27b,routing,s12,W-00037,1,A,0,2,lookup
base,qwen3.5-27b,routing,s12,W-00038,0,C,1,5,purchase
base,qwen3.5-27b,routing,s12,W-00039,0,A,0,5,diag
base,qwen3.5-27b,routing,s12,W-00040,1,B,0,3,lookup
base,qwen3.5-27b,routing,s12,W-00041,0,D,0,5,diag
base,qwen3.5-27b,routing,s12,W-00042,1,A,0,4,whatif
base,qwen3.5-27b,routing,s12,W-00043,0,C,1,2,sourcing
base,qwen3.5-27b,routing,s12,W-00044,1,A,0,3,precedence
base,qwen3.5-27b,routing,s12,W-00045,1,B,0,3,lookup
base,qwen3.5-27b,routing,s12,W-00046,0,D,0,4,contract_gate
base,qwen3.5-27b,routing,s12,W-00047,1,A,0,5,diag
base,qwen3.5-27b,routing,s12,W-00048,0,B,0,5,purchase
base,qwen3.5-27b,routing,s12,W-00049,1,A,0,3,capacity
base,qwen3.5-27b,routing,s12,W-00050,0,C,1,4,purchase
base,qwen3.5-27b,routing,s12,W-00051,1,A,0,3,plan
base,qwen3.5-27b,routing,s12,W-00052,0,D,1,5,alloc
base,qwen3.5-27b,routing,s12,W-00053,0,D,0,4,contract_gate
base,qwen3.5-27b,routing,s12,W-00054,1,A,0,2,conflict
base,qwen3.5-27b,routing,s12,W-00055,1,B,0,3,lookup
base,qwen3.5-27b,routing,s12,W-00056,0,C,1,2,capacity
base,qwen3.5-27b,routing,s12,W-00057,0,A,0,5,vendor
base,qwen3.5-27b,routing,s12,W-00058,0,B,0,4,whatif
base,qwen3.5-27b,routing,s12,W-00059,1,A,0,3,lookup
base,qwen3.5-27b,routing,s12,W-00060,0,D,0,2,budget
base,qwen3.5-27b,routing,s12,W-00061,0,C,1,4,contract_gate
base,qwen3.5-27b,routing,s12,W-00062,1,A,0,3,plan
base,qwen3.5-27b,routing,s12,W-00063,0,B,0,2,sourcing
base,qwen3.5-27b,routing,s12,W-00064,1,A,0,4,plan
base,qwen3.5-27b,routing,s12,W-00065,0,D,0,3,lookup
base,qwen3.5-27b,routing,s12,W-00066,0,C,1,5,purchase
base,qwen3.5-27b,routing,s12,W-00067,1,A,0,4,diag
base,qwen3.5-27b,routing,s12,W-00068,0,B,0,4,purchase
base,qwen3.5-27b,routing,s12,W-00069,0,A,0,5,diag
base,qwen3.5-27b,routing,s12,W-00070,0,D,0,3,contract_gate
base,qwen3.5-27b,routing,s12,W-00071,0,A,0,3,vendor
base,qwen3.5-27b,routing,s12,W-00072,0,D,0,2,budget
base,qwen3.5-27b,routing,s12,W-00073,0,B,0,5,plan
base,qwen3.5-27b,routing,s12,W-00074,1,A,0,2,budget
base,qwen3.5-27b,routing,s12,W-00076,0,C,1,3,capacity
base,qwen3.5-27b,routing,s12,W-00077,1,A,0,2,lookup
base,qwen3.5-27b,routing,s12,W-00078,1,B,0,4,temporal
base,qwen3.5-27b,routing,s12,W-00079,1,A,0,3,diag
base,qwen3.5-27b,routing,s12,W-00080,0,D,0,5,purchase
base,qwen3.5-27b,routing,s12,W-00081,0,B,0,2,conflict
base,qwen3.5-27b,routing,s12,W-00082,1,B,0,2,lookup
base,qwen3.5-27b,routing,s12,W-00083,0,A,0,3,budget
base,qwen3.5-27b,routing,s12,W-00084,1,A,0,4,diag
base,qwen3.5-27b,routing,s12,W-00085,1,C,1,3,contract_gate
base,qwen3.5-27b,routing,s12,W-00087,1,A,0,4,diag
base,qwen3.5-27b,routing,s12,W-00088,1,C,1,3,capacity
base,qwen3.5-27b,routing,s12,W-00089,1,A,0,4,temporal
base,qwen3.5-27b,routing,s12,W-00090,0,D,0,5,purchase
base,qwen3.5-27b,routing,s12,W-00091,0,A,0,4,diag
base,qwen3.5-27b,routing,s12,W-00092,0,B,0,3,lookup
base,qwen3.5-27b,routing,s12,W-00093,1,C,0,4,contract_gate
base,qwen3.5-27b,routing,s12,W-00094,0,C,1,2,capacity
base,qwen3.5-27b,routing,s12,W-00095,1,A,0,3,lookup
base,qwen3.5-27b,routing,s12,W-00096,1,A,0,4,diag
base,qwen3.5-27b,routing,s12,W-00097,0,D,0,5,purchase
base,qwen3.5-27b,routing,s12,W-00098,0,C,1,2,whatif
base,qwen3.5-27b,routing,s12,W-00099,1,A,0,3,precedence
base,qwen3.5-27b,routing,s12,W-00100,0,B,0,5,alloc
base,qwen3.5-27b,routing,s12,W-00102,1,A,0,2,lookup
base,qwen3.5-27b,routing,s12,W-00103,0,C,1,5,whatif
base,qwen3.5-27b,routing,s12,W-00104,1,A,0,5,plan
base,qwen3.5-27b,routing,s12,W-00105,0,B,0,3,capacity
base,qwen3.5-27b,routing,s12,W-00106,0,C,0,4,contract_gate
base,qwen3.5-27b,routing,s12,W-00107,0,C,1,2,capacity
base,qwen3.5-27b,routing,s12,W-00108,1,B,0,3,lookup
base,qwen3.5-27b,routing,s12,W-00109,0,A,0,4,plan
base,qwen3.5-27b,routing,s12,W-00110,0,A,0,4,temporal
base,qwen3.5-27b,routing,s12,W-00111,0,A,0,4,precedence
base,qwen3.5-27b,routing,s12,W-00112,0,C,1,5,alloc
base,qwen3.5-27b,routing,s12,W-00113,0,B,0,3,budget
base,qwen3.5-27b,routing,s12,W-00114,1,A,0,2,conflict
base,qwen3.5-27b,routing,s12,W-00116,0,C,1,3,budget
base,qwen3.5-27b,routing,s12,W-00117,1,A,0,4,diag
base,qwen3.5-27b,routing,s12,W-00118,0,B,0,3,lookup
base,qwen3.5-27b,routing,s12,W-00119,0,A,0,2,conflict
base,qwen3.5-27b,routing,s12,W-00120,0,D,0,5,purchase
base,qwen3.5-27b,routing,s12,W-00121,0,B,0,2,conflict
base,qwen3.5-27b,routing,s12,W-00122,0,A,0,4,plan
base,qwen3.5-27b,routing,s12,W-00123,0,C,1,5,alloc
base,qwen3.5-27b,routing,s12,W-00124,1,A,0,4,precedence
base,qwen3.5-27b,routing,s12,W-00125,0,C,1,3,capacity
base,qwen3.5-27b,routing,s12,W-00126,0,D,0,3,whatif
base,qwen3.5-27b,routing,s12,W-00127,1,A,0,2,lookup
base,qwen3.5-27b,routing,s12,W-00128,1,B,0,3,lookup
base,qwen3.5-27b,routing,s12,W-00129,0,C,1,5,alloc
base,qwen3.5-27b,routing,s12,W-00130,1,A,0,4,purchase
base,qwen3.5-27b,routing,s12,W-00131,0,A,0,4,plan
base,qwen3.5-27b,routing,s12,W-00132,0,D,0,3,capacity
base,qwen3.5-27b,routing,s12,W-00133,0,B,0,5,whatif
base,qwen3.5-27b,routing,s12,W-00134,0,C,1,2,sourcing
base,qwen3.5-27b,routing,s12,W-00135,1,A,0,3,diag
base,qwen3.5-27b,routing,s12,W-00136,1,A,0,4,diag
base,qwen3.5-27b,routing,s12,W-00137,0,D,0,5,temporal
base,qwen3.5-27b,routing,s12,W-00138,0,C,1,2,budget
base,qwen3.5-27b,routing,s12,W-00139,1,A,0,3,lookup
base,qwen3.5-27b,routing,s12,W-00141,1,A,0,2,lookup
base,qwen3.5-27b,routing,s12,W-00142,0,C,1,4,contract_gate
base,qwen3.5-27b,routing,s12,W-00144,0,A,0,4,diag
base,qwen3.5-27b,routing,s12,W-00145,0,D,0,3,precedence
base,qwen3.5-27b,routing,s12,W-00146,0,A,0,4,diag
base,qwen3.5-27b,routing,s12,W-00147,0,C,1,2,sourcing
base,qwen3.5-27b,routing,s12,W-00148,0,B,0,3,lookup
base,qwen3.5-27b,routing,s12,W-00149,1,A,0,4,diag
base,qwen3.5-27b,routing,s12,W-00150,0,D,0,4,whatif
base,qwen3.5-27b,routing,s13,W-00002,0,C,1,2,budget
base,qwen3.5-27b,routing,s13,W-00003,0,D,0,5,alloc
base,qwen3.5-27b,routing,s13,W-00005,0,C,1,2,budget
base,qwen3.5-27b,routing,s13,W-00006,1,D,0,3,budget
base,qwen3.5-27b,routing,s13,W-00007,0,A,0,4,diag
base,qwen3.5-27b,routing,s13,W-00008,0,A,0,5,diag
base,qwen3.5-27b,routing,s13,W-00009,0,D,1,4,alloc
base,qwen3.5-27b,routing,s13,W-00010,1,A,0,2,lookup
base,qwen3.5-27b,routing,s13,W-00011,0,A,0,3,vendor
base,qwen3.5-27b,routing,s13,W-00012,0,A,0,3,precedence
base,qwen3.5-27b,routing,s13,W-00013,0,C,1,5,temporal
base,qwen3.5-27b,routing,s13,W-00014,0,B,0,3,budget
base,qwen3.5-27b,routing,s13,W-00015,1,B,0,4,precedence
base,qwen3.5-27b,routing,s13,W-00016,1,A,0,2,budget
base,qwen3.5-27b,routing,s13,W-00017,1,A,0,3,lookup
base,qwen3.5-27b,routing,s13,W-00018,0,C,1,4,alloc
base,qwen3.5-27b,routing,s13,W-00019,0,C,1,4,contract_gate
base,qwen3.5-27b,routing,s13,W-00020,0,A,0,4,diag
base,qwen3.5-27b,routing,s13,W-00021,0,C,1,4,vendor
base,qwen3.5-27b,routing,s13,W-00022,0,A,0,3,diag
base,qwen3.5-27b,routing,s13,W-00023,0,B,0,3,capacity
base,qwen3.5-27b,routing,s13,W-00024,1,A,0,4,temporal
base,qwen3.5-27b,routing,s13,W-00025,1,B,0,2,conflict
base,qwen3.5-27b,routing,s13,W-00026,0,B,0,3,budget
base,qwen3.5-27b,routing,s13,W-00027,0,D,0,2,capacity
base,qwen3.5-27b,routing,s13,W-00028,0,A,0,4,plan
base,qwen3.5-27b,routing,s13,W-00029,0,B,0,3,lookup
base,qwen3.5-27b,routing,s13,W-00030,1,A,0,2,conflict
base,qwen3.5-27b,routing,s13,W-00031,1,A,0,3,plan
base,qwen3.5-27b,routing,s13,W-00032,1,A,0,4,plan
base,qwen3.5-27b,routing,s13,W-00033,0,D,1,5,alloc
base,qwen3.5-27b,routing,s13,W-00034,1,B,0,2,whatif
base,qwen3.5-27b,routing,s13,W-00036,0,C,1,5,alloc
base,qwen3.5-27b,routing,s13,W-00037,1,A,0,4,diag
base,qwen3.5-27b,routing,s13,W-00038,0,D,0,4,precedence
base,qwen3.5-27b,routing,s13,W-00039,1,A,0,3,precedence
base,qwen3.5-27b,routing,s13,W-00040,0,D,0,2,capacity
base,qwen3.5-27b,routing,s13,W-00041,1,B,0,2,conflict
base,qwen3.5-27b,routing,s13,W-00042,0,A,0,3,plan
base,qwen3.5-27b,routing,s13,W-00043,0,C,1,4,vendor
base,qwen3.5-27b,routing,s13,W-00044,1,A,0,4,purchase
base,qwen3.5-27b,routing,s13,W-00045,0,C,1,3,contract_gate
base,qwen3.5-27b,routing,s13,W-00046,0,B,0,5,plan
base,qwen3.5-27b,routing,s13,W-00047,0,C,1,5,purchase
base,qwen3.5-27b,routing,s13,W-00048,1,A,0,2,lookup
base,qwen3.5-27b,routing,s13,W-00049,1,B,0,3,lookup
base,qwen3.5-27b,routing,s13,W-00050,0,A,0,4,precedence
base,qwen3.5-27b,routing,s13,W-00051,0,D,0,4,plan
base,qwen3.5-27b,routing,s13,W-00052,1,A,0,4,diag
base,qwen3.5-27b,routing,s13,W-00053,1,B,0,3,lookup
base,qwen3.5-27b,routing,s13,W-00055,0,D,0,3,capacity
base,qwen3.5-27b,routing,s13,W-00056,0,A,0,2,lookup
base,qwen3.5-27b,routing,s13,W-00057,1,A,0,4,plan
base,qwen3.5-27b,routing,s13,W-00058,0,C,1,3,contract_gate
base,qwen3.5-27b,routing,s13,W-00059,0,A,0,5,diag
base,qwen3.5-27b,routing,s13,W-00061,0,C,0,4,contract_gate
base,qwen3.5-27b,routing,s13,W-00062,0,A,0,4,diag
base,qwen3.5-27b,routing,s13,W-00063,1,C,1,3,contract_gate
base,qwen3.5-27b,routing,s13,W-00064,1,A,0,2,capacity
base,qwen3.5-27b,routing,s13,W-00065,0,C,0,5,alloc
base,qwen3.5-27b,routing,s13,W-00066,1,B,0,3,lookup
base,qwen3.5-27b,routing,s13,W-00068,0,A,0,4,diag
base,qwen3.5-27b,routing,s13,W-00069,1,A,0,4,whatif
base,qwen3.5-27b,routing,s13,W-00070,0,B,0,3,contract_gate
base,qwen3.5-27b,routing,s13,W-00071,1,A,0,5,renewal
base,qwen3.5-27b,routing,s13,W-00072,0,C,1,2,budget
base,qwen3.5-27b,routing,s13,W-00073,0,B,0,4,vendor
base,qwen3.5-27b,routing,s13,W-00074,0,A,0,5,plan
base,qwen3.5-27b,routing,s13,W-00075,0,C,0,4,contract_gate
base,qwen3.5-27b,routing,s13,W-00076,0,D,1,5,alloc
base,qwen3.5-27b,routing,s13,W-00077,0,D,0,3,capacity
base,qwen3.5-27b,routing,s13,W-00078,0,B,0,3,budget
base,qwen3.5-27b,routing,s13,W-00079,0,A,0,5,diag
base,qwen3.5-27b,routing,s13,W-00080,1,A,0,3,lookup
base,qwen3.5-27b,routing,s13,W-00081,1,C,1,4,purchase
base,qwen3.5-27b,routing,s13,W-00082,1,A,0,2,budget
base,qwen3.5-27b,routing,s13,W-00084,1,A,0,3,diag
base,qwen3.5-27b,routing,s13,W-00085,0,C,1,4,alloc
base,qwen3.5-27b,routing,s13,W-00086,0,D,0,2,budget
base,qwen3.5-27b,routing,s13,W-00087,0,D,0,4,whatif
base,qwen3.5-27b,routing,s13,W-00088,1,A,0,3,lookup
base,qwen3.5-27b,routing,s13,W-00089,0,C,1,3,budget
base,qwen3.5-27b,routing,s13,W-00090,1,A,0,2,conflict
base,qwen3.5-27b,routing,s13,W-00091,1,B,0,2,conflict
base,qwen3.5-27b,routing,s13,W-00094,0,C,1,4,contract_gate
base,qwen3.5-27b,routing,s13,W-00095,0,D,0,3,sourcing
base,qwen3.5-27b,routing,s13,W-00096,0,A,0,5,purchase
base,qwen3.5-27b,routing,s13,W-00097,1,A,0,5,renewal
base,qwen3.5-27b,routing,s13,W-00098,0,C,1,2,budget
base,qwen3.5-27b,routing,s13,W-00099,0,A,0,3,lookup
base,qwen3.5-27b,routing,s13,W-00100,1,B,0,4,plan
base,qwen3.5-27b,routing,s13,W-00101,0,A,0,4,vendor
base,qwen3.5-27b,routing,s13,W-00103,0,A,0,3,vendor
base,qwen3.5-27b,routing,s13,W-00104,0,C,1,2,whatif
base,qwen3.5-27b,routing,s13,W-00105,0,D,0,2,budget
base,qwen3.5-27b,routing,s13,W-00106,1,A,0,4,temporal
base,qwen3.5-27b,routing,s13,W-00107,0,C,1,4,contract_gate
base,qwen3.5-27b,routing,s13,W-00108,1,B,0,2,conflict
base,qwen3.5-27b,routing,s13,W-00109,1,A,0,3,lookup
base,qwen3.5-27b,routing,s13,W-00110,0,B,0,4,diag
base,qwen3.5-27b,routing,s13,W-00111,1,A,0,4,contract_gate
base,qwen3.5-27b,routing,s13,W-00113,0,D,0,3,capacity
base,qwen3.5-27b,routing,s13,W-00114,1,A,0,4,plan
base,qwen3.5-27b,routing,s13,W-00115,0,D,0,4,diag
base,qwen3.5-27b,routing,s13,W-00116,0,C,1,3,budget
base,qwen3.5-27b,routing,s13,W-00117,1,A,0,2,conflict
base,qwen3.5-27b,routing,s13,W-00118,0,B,0,2,lookup
base,qwen3.5-27b,routing,s13,W-00119,1,A,0,3,lookup
base,qwen3.5-27b,routing,s13,W-00120,0,D,0,4,sourcing
base,qwen3.5-27b,routing,s13,W-00121,0,D,1,4,vendor
base,qwen3.5-27b,routing,s13,W-00122,1,A,0,3,plan
base,qwen3.5-27b,routing,s13,W-00123,0,B,0,2,conflict
base,qwen3.5-27b,routing,s13,W-00124,1,A,0,5,diag
base,qwen3.5-27b,routing,s13,W-00126,0,D,0,3,whatif
base,qwen3.5-27b,routing,s13,W-00127,1,A,0,4,diag
base,qwen3.5-27b,routing,s13,W-00128,1,B,0,3,lookup
base,qwen3.5-27b,routing,s13,W-00129,0,C,1,4,purchase
base,qwen3.5-27b,routing,s13,W-00130,1,A,0,2,temporal
base,qwen3.5-27b,routing,s13,W-00131,1,B,0,3,plan
base,qwen3.5-27b,routing,s13,W-00132,1,A,0,4,purchase
base,qwen3.5-27b,routing,s13,W-00133,0,D,0,2,capacity
base,qwen3.5-27b,routing,s13,W-00134,0,C,1,5,purchase
base,qwen3.5-27b,routing,s13,W-00135,1,A,0,3,lookup
base,qwen3.5-27b,routing,s13,W-00136,1,A,0,4,purchase
base,qwen3.5-27b,routing,s13,W-00137,0,D,0,5,temporal
base,qwen3.5-27b,routing,s13,W-00138,0,C,1,2,sourcing
base,qwen3.5-27b,routing,s13,W-00139,0,B,0,4,renewal
base,qwen3.5-27b,routing,s13,W-00140,1,A,0,3,lookup
base,qwen3.5-27b,routing,s13,W-00141,0,B,0,4,plan
base,qwen3.5-27b,routing,s13,W-00142,1,A,0,3,plan
base,qwen3.5-27b,routing,s13,W-00143,0,C,1,5,purchase
base,qwen3.5-27b,routing,s13,W-00144,1,D,0,2,budget
base,qwen3.5-27b,routing,s13,W-00145,1,A,0,3,capacity
base,qwen3.5-27b,routing,s13,W-00146,0,A,0,4,contract_gate
base,qwen3.5-27b,routing,s13,W-00147,0,C,1,5,purchase
base,qwen3.5-27b,routing,s13,W-00148,0,B,0,3,lookup
base,qwen3.5-27b,routing,s13,W-00149,0,A,0,2,conflict
base,qwen3.5-27b,routing,s13,W-00150,0,C,0,4,contract_gate
base,qwen3.5-27b,routing,s14,W-00002,0,C,1,3,capacity
base,qwen3.5-27b,routing,s14,W-00003,1,A,0,4,precedence
base,qwen3.5-27b,routing,s14,W-00004,1,A,0,2,conflict
base,qwen3.5-27b,routing,s14,W-00006,0,A,0,4,plan
base,qwen3.5-27b,routing,s14,W-00007,1,A,0,3,precedence
base,qwen3.5-27b,routing,s14,W-00008,0,B,0,5,purchase
base,qwen3.5-27b,routing,s14,W-00009,0,C,1,2,budget
base,qwen3.5-27b,routing,s14,W-00010,0,D,0,3,budget
base,qwen3.5-27b,routing,s14,W-00011,1,A,0,3,plan
base,qwen3.5-27b,routing,s14,W-00012,0,B,0,4,whatif
base,qwen3.5-27b,routing,s14,W-00013,1,A,0,5,temporal
base,qwen3.5-27b,routing,s14,W-00014,0,D,1,5,purchase
base,qwen3.5-27b,routing,s14,W-00015,0,B,0,2,budget
base,qwen3.5-27b,routing,s14,W-00016,0,A,0,4,whatif
base,qwen3.5-27b,routing,s14,W-00017,1,B,0,2,conflict
base,qwen3.5-27b,routing,s14,W-00018,1,C,1,4,contract_gate
base,qwen3.5-27b,routing,s14,W-00019,1,A,0,3,lookup
base,qwen3.5-27b,routing,s14,W-00020,1,A,0,4,renewal
base,qwen3.5-27b,routing,s14,W-00021,0,A,0,4,plan
base,qwen3.5-27b,routing,s14,W-00022,0,B,0,2,conflict
base,qwen3.5-27b,routing,s14,W-00023,0,C,1,5,alloc
base,qwen3.5-27b,routing,s14,W-00024,1,A,0,2,lookup
base,qwen3.5-27b,routing,s14,W-00025,0,C,0,5,alloc
base,qwen3.5-27b,routing,s14,W-00026,0,B,0,3,lookup
base,qwen3.5-27b,routing,s14,W-00027,1,C,1,3,contract_gate
base,qwen3.5-27b,routing,s14,W-00028,0,B,0,5,purchase
base,qwen3.5-27b,routing,s14,W-00029,1,A,0,2,capacity
base,qwen3.5-27b,routing,s14,W-00030,1,A,0,4,whatif
base,qwen3.5-27b,routing,s14,W-00031,1,A,0,4,plan
base,qwen3.5-27b,routing,s14,W-00032,0,C,1,3,capacity
base,qwen3.5-27b,routing,s14,W-00033,0,D,0,2,capacity
base,qwen3.5-27b,routing,s14,W-00034,0,D,0,3,contract_gate
base,qwen3.5-27b,routing,s14,W-00035,0,A,0,3,sourcing
base,qwen3.5-27b,routing,s14,W-00036,0,C,1,3,capacity
base,qwen3.5-27b,routing,s14,W-00037,1,A,0,3,lookup
base,qwen3.5-27b,routing,s14,W-00038,0,B,0,4,whatif
base,qwen3.5-27b,routing,s14,W-00039,0,B,0,4,vendor
base,qwen3.5-27b,routing,s14,W-00040,0,D,0,2,capacity
base,qwen3.5-27b,routing,s14,W-00041,0,C,1,3,purchase
base,qwen3.5-27b,routing,s14,W-00042,1,A,0,4,temporal
base,qwen3.5-27b,routing,s14,W-00043,1,A,0,3,diag
base,qwen3.5-27b,routing,s14,W-00044,0,B,0,5,purchase
base,qwen3.5-27b,routing,s14,W-00045,1,C,1,4,contract_gate
base,qwen3.5-27b,routing,s14,W-00046,1,A,0,3,lookup
base,qwen3.5-27b,routing,s14,W-00047,0,A,0,4,renewal
base,qwen3.5-27b,routing,s14,W-00048,1,B,0,5,plan
base,qwen3.5-27b,routing,s14,W-00049,0,C,1,5,alloc
base,qwen3.5-27b,routing,s14,W-00050,1,A,0,2,conflict
base,qwen3.5-27b,routing,s14,W-00051,1,C,1,3,contract_gate
base,qwen3.5-27b,routing,s14,W-00052,0,A,0,3,diag
base,qwen3.5-27b,routing,s14,W-00053,0,B,0,4,alloc
base,qwen3.5-27b,routing,s14,W-00054,0,A,0,5,whatif
base,qwen3.5-27b,routing,s14,W-00055,0,D,0,3,capacity
base,qwen3.5-27b,routing,s14,W-00056,1,A,0,2,lookup
base,qwen3.5-27b,routing,s14,W-00057,0,D,0,2,capacity
base,qwen3.5-27b,routing,s14,W-00058,0,C,1,5,alloc
base,qwen3.5-27b,routing,s14,W-00059,1,A,0,4,contract_gate
base,qwen3.5-27b,routing,s14,W-00060,0,B,0,4,purchase
base,qwen3.5-27b,routing,s14,W-00061,0,B,0,2,conflict
base,qwen3.5-27b,routing,s14,W-00062,0,A,0,3,plan
base,qwen3.5-27b,routing,s14,W-00063,1,A,0,4,plan
base,qwen3.5-27b,routing,s14,W-00064,0,D,1,4,sourcing
base,qwen3.5-27b,routing,s14,W-00065,0,D,0,2,budget
base,qwen3.5-27b,routing,s14,W-00066,0,D,0,3,capacity
base,qwen3.5-27b,routing,s14,W-00067,0,D,1,4,sourcing
base,qwen3.5-27b,routing,s14,W-00068,1,A,0,2,lookup
base,qwen3.5-27b,routing,s14,W-00069,1,A,0,3,conflict
base,qwen3.5-27b,routing,s14,W-00070,1,B,0,3,contract_gate
base,qwen3.5-27b,routing,s14,W-00071,0,A,0,2,lookup
base,qwen3.5-27b,routing,s14,W-00072,0,A,0,3,vendor
base,qwen3.5-27b,routing,s14,W-00073,0,C,1,4,purchase
base,qwen3.5-27b,routing,s14,W-00074,1,B,0,4,precedence
base,qwen3.5-27b,routing,s14,W-00075,0,D,0,3,capacity
base,qwen3.5-27b,routing,s14,W-00076,0,C,1,4,purchase
base,qwen3.5-27b,routing,s14,W-00077,0,C,0,5,alloc
base,qwen3.5-27b,routing,s14,W-00078,1,A,0,2,whatif
base,qwen3.5-27b,routing,s14,W-00079,0,D,0,3,capacity
base,qwen3.5-27b,routing,s14,W-00080,1,A,0,4,temporal
base,qwen3.5-27b,routing,s14,W-00081,0,B,0,4,plan
base,qwen3.5-27b,routing,s14,W-00082,0,C,1,3,sourcing
base,qwen3.5-27b,routing,s14,W-00083,0,A,0,2,conflict
base,qwen3.5-27b,routing,s14,W-00084,0,A,0,5,purchase
base,qwen3.5-27b,routing,s14,W-00085,0,C,1,5,alloc
base,qwen3.5-27b,routing,s14,W-00086,0,B,0,3,lookup
base,qwen3.5-27b,routing,s14,W-00087,1,A,0,4,plan
base,qwen3.5-27b,routing,s14,W-00088,0,B,0,3,lookup
base,qwen3.5-27b,routing,s14,W-00089,0,C,1,2,capacity
base,qwen3.5-27b,routing,s14,W-00090,1,A,0,4,contract_gate
base,qwen3.5-27b,routing,s14,W-00091,1,A,0,4,plan
base,qwen3.5-27b,routing,s14,W-00092,0,D,0,3,vendor
base,qwen3.5-27b,routing,s14,W-00093,0,C,0,2,temporal
base,qwen3.5-27b,routing,s14,W-00094,0,C,1,5,alloc
base,qwen3.5-27b,routing,s14,W-00095,1,A,0,3,lookup
base,qwen3.5-27b,routing,s14,W-00096,0,B,0,4,plan
base,qwen3.5-27b,routing,s14,W-00097,1,A,0,2,budget
base,qwen3.5-27b,routing,s14,W-00098,1,C,1,4,contract_gate
base,qwen3.5-27b,routing,s14,W-00099,1,A,0,3,plan
base,qwen3.5-27b,routing,s14,W-00100,0,B,0,5,purchase
base,qwen3.5-27b,routing,s14,W-00101,0,C,1,5,purchase
base,qwen3.5-27b,routing,s14,W-00102,1,A,0,4,plan
base,qwen3.5-27b,routing,s14,W-00103,0,B,0,3,lookup
base,qwen3.5-27b,routing,s14,W-00104,1,A,0,2,conflict
base,qwen3.5-27b,routing,s14,W-00105,0,C,1,3,contract_gate
base,qwen3.5-27b,routing,s14,W-00106,1,A,0,4,renewal
base,qwen3.5-27b,routing,s14,W-00107,0,D,0,5,alloc
base,qwen3.5-27b,routing,s14,W-00108,0,B,0,3,lookup
base,qwen3.5-27b,routing,s14,W-00109,1,A,0,2,capacity
base,qwen3.5-27b,routing,s14,W-00110,0,D,0,4,sourcing
base,qwen3.5-27b,routing,s14,W-00111,0,A,0,5,temporal
base,qwen3.5-27b,routing,s14,W-00112,0,D,1,3,capacity
base,qwen3.5-27b,routing,s14,W-00113,1,B,0,4,contract_gate
base,qwen3.5-27b,routing,s14,W-00114,1,A,0,2,budget
base,qwen3.5-27b,routing,s14,W-00115,0,C,0,5,alloc
base,qwen3.5-27b,routing,s14,W-00116,0,C,1,3,capacity
base,qwen3.5-27b,routing,s14,W-00117,0,A,0,4,temporal
base,qwen3.5-27b,routing,s14,W-00118,1,B,0,3,lookup
base,qwen3.5-27b,routing,s14,W-00119,0,C,0,2,budget
base,qwen3.5-27b,routing,s14,W-00120,0,A,0,4,diag
base,qwen3.5-27b,routing,s14,W-00121,0,A,0,3,plan
base,qwen3.5-27b,routing,s14,W-00122,0,C,1,2,vendor
base,qwen3.5-27b,routing,s14,W-00123,0,B,0,5,plan
base,qwen3.5-27b,routing,s14,W-00124,0,A,0,4,whatif
base,qwen3.5-27b,routing,s14,W-00125,0,C,1,5,alloc
base,qwen3.5-27b,routing,s14,W-00126,0,D,0,4,purchase
base,qwen3.5-27b,routing,s14,W-00127,1,A,0,3,lookup
base,qwen3.5-27b,routing,s14,W-00128,0,B,0,3,lookup
base,qwen3.5-27b,routing,s14,W-00129,0,C,1,4,purchase
base,qwen3.5-27b,routing,s14,W-00131,1,A,0,3,plan
base,qwen3.5-27b,routing,s14,W-00132,0,D,0,4,sourcing
base,qwen3.5-27b,routing,s14,W-00133,0,B,0,2,capacity
base,qwen3.5-27b,routing,s14,W-00134,0,C,1,4,purchase
base,qwen3.5-27b,routing,s14,W-00135,1,A,0,3,lookup
base,qwen3.5-27b,routing,s14,W-00136,1,A,0,5,diag
base,qwen3.5-27b,routing,s14,W-00137,0,D,0,5,purchase
base,qwen3.5-27b,routing,s14,W-00138,0,C,1,4,contract_gate
base,qwen3.5-27b,routing,s14,W-00139,0,B,0,2,budget
base,qwen3.5-27b,routing,s14,W-00140,1,A,0,3,lookup
base,qwen3.5-27b,routing,s14,W-00141,0,D,0,3,vendor
base,qwen3.5-27b,routing,s14,W-00142,1,A,0,4,precedence
base,qwen3.5-27b,routing,s14,W-00143,0,C,1,2,whatif
base,qwen3.5-27b,routing,s14,W-00144,1,A,0,5,diag
base,qwen3.5-27b,routing,s14,W-00145,0,B,0,3,lookup
base,qwen3.5-27b,routing,s14,W-00146,0,D,0,4,contract_gate
base,qwen3.5-27b,routing,s14,W-00147,0,C,1,5,alloc
base,qwen3.5-27b,routing,s14,W-00148,1,B,0,5,plan
base,qwen3.5-27b,routing,s14,W-00149,0,A,0,5,plan
base,qwen3.5-27b,routing,s14,W-00150,0,A,0,3,temporal
base,qwen3.5-27b,ingress,s12,W-00001,1,C,1,3,capacity
base,qwen3.5-27b,ingress,s12,W-00003,1,A,0,4,plan
base,qwen3.5-27b,ingress,s12,W-00004,1,A,0,4,temporal
base,qwen3.5-27b,ingress,s12,W-00005,0,D,1,4,alloc
base,qwen3.5-27b,ingress,s12,W-00006,1,B,0,3,budget
base,qwen3.5-27b,ingress,s12,W-00007,1,A,0,2,budget
base,qwen3.5-27b,ingress,s12,W-00008,1,C,1,2,sourcing
base,qwen3.5-27b,ingress,s12,W-00009,1,B,0,2,conflict
base,qwen3.5-27b,ingress,s12,W-00010,0,C,1,3,budget
base,qwen3.5-27b,ingress,s12,W-00011,1,A,0,4,plan
base,qwen3.5-27b,ingress,s12,W-00012,1,B,0,4,vendor
base,qwen3.5-27b,ingress,s12,W-00013,0,A,0,5,diag
base,qwen3.5-27b,ingress,s12,W-00014,1,A,0,3,diag
base,qwen3.5-27b,ingress,s12,W-00015,1,A,0,3,lookup
base,qwen3.5-27b,ingress,s12,W-00016,1,C,0,2,budget
base,qwen3.5-27b,ingress,s12,W-00017,0,B,0,4,contract_gate
base,qwen3.5-27b,ingress,s12,W-00018,0,C,1,5,alloc
base,qwen3.5-27b,ingress,s12,W-00019,0,A,0,3,precedence
base,qwen3.5-27b,ingress,s12,W-00020,1,A,0,4,precedence
base,qwen3.5-27b,ingress,s12,W-00022,1,A,0,3,precedence
base,qwen3.5-27b,ingress,s12,W-00023,0,D,1,5,alloc
base,qwen3.5-27b,ingress,s12,W-00024,1,A,0,2,conflict
base,qwen3.5-27b,ingress,s12,W-00025,1,B,0,4,temporal
base,qwen3.5-27b,ingress,s12,W-00026,0,C,1,3,temporal
base,qwen3.5-27b,ingress,s12,W-00027,1,C,1,4,renewal
base,qwen3.5-27b,ingress,s12,W-00028,0,B,0,5,purchase
base,qwen3.5-27b,ingress,s12,W-00029,1,A,0,2,capacity
base,qwen3.5-27b,ingress,s12,W-00030,1,A,0,4,plan
base,qwen3.5-27b,ingress,s12,W-00031,0,C,1,3,vendor
base,qwen3.5-27b,ingress,s12,W-00032,1,A,0,3,plan
base,qwen3.5-27b,ingress,s12,W-00033,1,B,0,2,conflict
base,qwen3.5-27b,ingress,s12,W-00034,1,A,0,4,contract_gate
base,qwen3.5-27b,ingress,s12,W-00035,0,D,1,4,sourcing
base,qwen3.5-27b,ingress,s12,W-00036,1,D,0,3,capacity
base,qwen3.5-27b,ingress,s12,W-00037,1,A,0,2,lookup
base,qwen3.5-27b,ingress,s12,W-00038,0,C,1,5,purchase
base,qwen3.5-27b,ingress,s12,W-00039,0,A,0,5,diag
base,qwen3.5-27b,ingress,s12,W-00040,1,B,0,3,lookup
base,qwen3.5-27b,ingress,s12,W-00041,0,D,0,5,diag
base,qwen3.5-27b,ingress,s12,W-00042,1,A,0,4,whatif
base,qwen3.5-27b,ingress,s12,W-00043,0,C,1,2,sourcing
base,qwen3.5-27b,ingress,s12,W-00044,1,A,0,3,precedence
base,qwen3.5-27b,ingress,s12,W-00045,1,B,0,3,lookup
base,qwen3.5-27b,ingress,s12,W-00046,1,D,0,4,contract_gate
base,qwen3.5-27b,ingress,s12,W-00047,1,A,0,5,diag
base,qwen3.5-27b,ingress,s12,W-00048,1,B,0,5,purchase
base,qwen3.5-27b,ingress,s12,W-00049,1,A,0,3,capacity
base,qwen3.5-27b,ingress,s12,W-00050,0,C,1,4,purchase
base,qwen3.5-27b,ingress,s12,W-00051,1,A,0,3,plan
base,qwen3.5-27b,ingress,s12,W-00052,0,D,1,5,alloc
base,qwen3.5-27b,ingress,s12,W-00053,1,D,0,4,contract_gate
base,qwen3.5-27b,ingress,s12,W-00054,1,A,0,2,conflict
base,qwen3.5-27b,ingress,s12,W-00055,1,B,0,3,lookup
base,qwen3.5-27b,ingress,s12,W-00056,0,C,1,2,capacity
base,qwen3.5-27b,ingress,s12,W-00057,0,A,0,5,vendor
base,qwen3.5-27b,ingress,s12,W-00058,1,B,0,4,whatif
base,qwen3.5-27b,ingress,s12,W-00059,1,A,0,3,lookup
base,qwen3.5-27b,ingress,s12,W-00060,0,D,0,2,budget
base,qwen3.5-27b,ingress,s12,W-00061,1,C,1,4,contract_gate
base,qwen3.5-27b,ingress,s12,W-00062,1,A,0,3,plan
base,qwen3.5-27b,ingress,s12,W-00063,0,B,0,2,sourcing
base,qwen3.5-27b,ingress,s12,W-00064,1,A,0,4,plan
base,qwen3.5-27b,ingress,s12,W-00065,1,D,0,3,lookup
base,qwen3.5-27b,ingress,s12,W-00066,0,C,1,5,purchase
base,qwen3.5-27b,ingress,s12,W-00067,1,A,0,4,diag
base,qwen3.5-27b,ingress,s12,W-00068,1,B,0,4,purchase
base,qwen3.5-27b,ingress,s12,W-00069,0,A,0,5,diag
base,qwen3.5-27b,ingress,s12,W-00070,1,D,0,3,contract_gate
base,qwen3.5-27b,ingress,s12,W-00071,1,A,0,3,vendor
base,qwen3.5-27b,ingress,s12,W-00072,0,D,0,2,budget
base,qwen3.5-27b,ingress,s12,W-00073,0,B,0,5,plan
base,qwen3.5-27b,ingress,s12,W-00074,0,A,0,2,budget
base,qwen3.5-27b,ingress,s12,W-00076,1,C,1,3,capacity
base,qwen3.5-27b,ingress,s12,W-00077,1,A,0,2,lookup
base,qwen3.5-27b,ingress,s12,W-00078,0,B,0,4,temporal
base,qwen3.5-27b,ingress,s12,W-00079,1,A,0,3,diag
base,qwen3.5-27b,ingress,s12,W-00080,0,D,0,5,purchase
base,qwen3.5-27b,ingress,s12,W-00081,0,B,0,2,conflict
base,qwen3.5-27b,ingress,s12,W-00082,0,B,0,2,lookup
base,qwen3.5-27b,ingress,s12,W-00083,1,A,0,3,budget
base,qwen3.5-27b,ingress,s12,W-00084,1,A,0,4,diag
base,qwen3.5-27b,ingress,s12,W-00085,1,C,1,3,contract_gate
base,qwen3.5-27b,ingress,s12,W-00087,0,A,0,4,diag
base,qwen3.5-27b,ingress,s12,W-00088,1,C,1,3,capacity
base,qwen3.5-27b,ingress,s12,W-00089,1,A,0,4,temporal
base,qwen3.5-27b,ingress,s12,W-00090,0,D,0,5,purchase
base,qwen3.5-27b,ingress,s12,W-00091,0,A,0,4,diag
base,qwen3.5-27b,ingress,s12,W-00092,1,B,0,3,lookup
base,qwen3.5-27b,ingress,s12,W-00093,1,C,0,4,contract_gate
base,qwen3.5-27b,ingress,s12,W-00094,0,C,1,2,capacity
base,qwen3.5-27b,ingress,s12,W-00095,1,A,0,3,lookup
base,qwen3.5-27b,ingress,s12,W-00096,1,A,0,4,diag
base,qwen3.5-27b,ingress,s12,W-00097,0,D,0,5,purchase
base,qwen3.5-27b,ingress,s12,W-00098,0,C,1,2,whatif
base,qwen3.5-27b,ingress,s12,W-00099,1,A,0,3,precedence
base,qwen3.5-27b,ingress,s12,W-00100,0,B,0,5,alloc
base,qwen3.5-27b,ingress,s12,W-00102,1,A,0,2,lookup
base,qwen3.5-27b,ingress,s12,W-00103,0,C,1,5,whatif
base,qwen3.5-27b,ingress,s12,W-00104,1,A,0,5,plan
base,qwen3.5-27b,ingress,s12,W-00105,0,B,0,3,capacity
base,qwen3.5-27b,ingress,s12,W-00106,0,C,0,4,contract_gate
base,qwen3.5-27b,ingress,s12,W-00107,0,C,1,2,capacity
base,qwen3.5-27b,ingress,s12,W-00108,1,B,0,3,lookup
base,qwen3.5-27b,ingress,s12,W-00109,0,A,0,4,plan
base,qwen3.5-27b,ingress,s12,W-00110,0,A,0,4,temporal
base,qwen3.5-27b,ingress,s12,W-00111,0,A,0,4,precedence
base,qwen3.5-27b,ingress,s12,W-00112,0,C,1,5,alloc
base,qwen3.5-27b,ingress,s12,W-00113,0,B,0,3,budget
base,qwen3.5-27b,ingress,s12,W-00114,0,A,0,2,conflict
base,qwen3.5-27b,ingress,s12,W-00116,0,C,1,3,budget
base,qwen3.5-27b,ingress,s12,W-00117,1,A,0,4,diag
base,qwen3.5-27b,ingress,s12,W-00118,1,B,0,3,lookup
base,qwen3.5-27b,ingress,s12,W-00119,1,A,0,2,conflict
base,qwen3.5-27b,ingress,s12,W-00120,0,D,0,5,purchase
base,qwen3.5-27b,ingress,s12,W-00121,1,B,0,2,conflict
base,qwen3.5-27b,ingress,s12,W-00122,0,A,0,4,plan
base,qwen3.5-27b,ingress,s12,W-00123,0,C,1,5,alloc
base,qwen3.5-27b,ingress,s12,W-00124,1,A,0,4,precedence
base,qwen3.5-27b,ingress,s12,W-00125,0,C,1,3,capacity
base,qwen3.5-27b,ingress,s12,W-00126,0,D,0,3,whatif
base,qwen3.5-27b,ingress,s12,W-00127,1,A,0,2,lookup
base,qwen3.5-27b,ingress,s12,W-00128,1,B,0,3,lookup
base,qwen3.5-27b,ingress,s12,W-00129,0,C,1,5,alloc
base,qwen3.5-27b,ingress,s12,W-00130,0,A,0,4,purchase
base,qwen3.5-27b,ingress,s12,W-00131,1,A,0,4,plan
base,qwen3.5-27b,ingress,s12,W-00132,0,D,0,3,capacity
base,qwen3.5-27b,ingress,s12,W-00133,0,B,0,5,whatif
base,qwen3.5-27b,ingress,s12,W-00134,0,C,1,2,sourcing
base,qwen3.5-27b,ingress,s12,W-00135,1,A,0,3,diag
base,qwen3.5-27b,ingress,s12,W-00136,1,A,0,4,diag
base,qwen3.5-27b,ingress,s12,W-00137,0,D,0,5,temporal
base,qwen3.5-27b,ingress,s12,W-00138,1,C,1,2,budget
base,qwen3.5-27b,ingress,s12,W-00139,1,A,0,3,lookup
base,qwen3.5-27b,ingress,s12,W-00141,0,A,0,2,lookup
base,qwen3.5-27b,ingress,s12,W-00142,1,C,1,4,contract_gate
base,qwen3.5-27b,ingress,s12,W-00144,0,A,0,4,diag
base,qwen3.5-27b,ingress,s12,W-00145,1,D,0,3,precedence
base,qwen3.5-27b,ingress,s12,W-00146,0,A,0,4,diag
base,qwen3.5-27b,ingress,s12,W-00147,0,C,1,2,sourcing
base,qwen3.5-27b,ingress,s12,W-00148,1,B,0,3,lookup
base,qwen3.5-27b,ingress,s12,W-00149,1,A,0,4,diag
base,qwen3.5-27b,ingress,s12,W-00150,0,D,0,4,whatif
base,qwen3.5-27b,ingress,s13,W-00002,0,C,1,2,budget
base,qwen3.5-27b,ingress,s13,W-00003,0,D,0,5,alloc
base,qwen3.5-27b,ingress,s13,W-00005,1,C,1,2,budget
base,qwen3.5-27b,ingress,s13,W-00006,1,D,0,3,budget
base,qwen3.5-27b,ingress,s13,W-00007,0,A,0,4,diag
base,qwen3.5-27b,ingress,s13,W-00008,0,A,0,5,diag
base,qwen3.5-27b,ingress,s13,W-00009,0,D,1,4,alloc
base,qwen3.5-27b,ingress,s13,W-00010,1,A,0,2,lookup
base,qwen3.5-27b,ingress,s13,W-00011,1,A,0,3,vendor
base,qwen3.5-27b,ingress,s13,W-00012,0,A,0,3,precedence
base,qwen3.5-27b,ingress,s13,W-00013,0,C,1,5,temporal
base,qwen3.5-27b,ingress,s13,W-00014,1,B,0,3,budget
base,qwen3.5-27b,ingress,s13,W-00015,0,B,0,4,precedence
base,qwen3.5-27b,ingress,s13,W-00016,1,A,0,2,budget
base,qwen3.5-27b,ingress,s13,W-00017,1,A,0,3,lookup
base,qwen3.5-27b,ingress,s13,W-00018,1,C,1,4,alloc
base,qwen3.5-27b,ingress,s13,W-00019,1,C,1,4,contract_gate
base,qwen3.5-27b,ingress,s13,W-00020,0,A,0,4,diag
base,qwen3.5-27b,ingress,s13,W-00021,0,C,1,4,vendor
base,qwen3.5-27b,ingress,s13,W-00022,0,A,0,3,diag
base,qwen3.5-27b,ingress,s13,W-00023,1,B,0,3,capacity
base,qwen3.5-27b,ingress,s13,W-00024,1,A,0,4,temporal
base,qwen3.5-27b,ingress,s13,W-00025,1,B,0,2,conflict
base,qwen3.5-27b,ingress,s13,W-00026,0,B,0,3,budget
base,qwen3.5-27b,ingress,s13,W-00027,1,D,0,2,capacity
base,qwen3.5-27b,ingress,s13,W-00028,0,A,0,4,plan
base,qwen3.5-27b,ingress,s13,W-00029,1,B,0,3,lookup
base,qwen3.5-27b,ingress,s13,W-00030,1,A,0,2,conflict
base,qwen3.5-27b,ingress,s13,W-00031,0,A,0,3,plan
base,qwen3.5-27b,ingress,s13,W-00032,1,A,0,4,plan
base,qwen3.5-27b,ingress,s13,W-00033,0,D,1,5,alloc
base,qwen3.5-27b,ingress,s13,W-00034,0,B,0,2,whatif
base,qwen3.5-27b,ingress,s13,W-00036,0,C,1,5,alloc
base,qwen3.5-27b,ingress,s13,W-00037,1,A,0,4,diag
base,qwen3.5-27b,ingress,s13,W-00038,0,D,0,4,precedence
base,qwen3.5-27b,ingress,s13,W-00039,1,A,0,3,precedence
base,qwen3.5-27b,ingress,s13,W-00040,1,D,0,2,capacity
base,qwen3.5-27b,ingress,s13,W-00041,1,B,0,2,conflict
base,qwen3.5-27b,ingress,s13,W-00042,1,A,0,3,plan
base,qwen3.5-27b,ingress,s13,W-00043,0,C,1,4,vendor
base,qwen3.5-27b,ingress,s13,W-00044,0,A,0,4,purchase
base,qwen3.5-27b,ingress,s13,W-00045,1,C,1,3,contract_gate
base,qwen3.5-27b,ingress,s13,W-00046,0,B,0,5,plan
base,qwen3.5-27b,ingress,s13,W-00047,0,C,1,5,purchase
base,qwen3.5-27b,ingress,s13,W-00048,1,A,0,2,lookup
base,qwen3.5-27b,ingress,s13,W-00049,1,B,0,3,lookup
base,qwen3.5-27b,ingress,s13,W-00050,0,A,0,4,precedence
base,qwen3.5-27b,ingress,s13,W-00051,1,D,0,4,plan
base,qwen3.5-27b,ingress,s13,W-00052,1,A,0,4,diag
base,qwen3.5-27b,ingress,s13,W-00053,1,B,0,3,lookup
base,qwen3.5-27b,ingress,s13,W-00055,1,D,0,3,capacity
base,qwen3.5-27b,ingress,s13,W-00056,0,A,0,2,lookup
base,qwen3.5-27b,ingress,s13,W-00057,0,A,0,4,plan
base,qwen3.5-27b,ingress,s13,W-00058,0,C,1,3,contract_gate
base,qwen3.5-27b,ingress,s13,W-00059,0,A,0,5,diag
base,qwen3.5-27b,ingress,s13,W-00061,0,C,0,4,contract_gate
base,qwen3.5-27b,ingress,s13,W-00062,0,A,0,4,diag
base,qwen3.5-27b,ingress,s13,W-00063,1,C,1,3,contract_gate
base,qwen3.5-27b,ingress,s13,W-00064,1,A,0,2,capacity
base,qwen3.5-27b,ingress,s13,W-00065,0,C,0,5,alloc
base,qwen3.5-27b,ingress,s13,W-00066,1,B,0,3,lookup
base,qwen3.5-27b,ingress,s13,W-00068,0,A,0,4,diag
base,qwen3.5-27b,ingress,s13,W-00069,1,A,0,4,whatif
base,qwen3.5-27b,ingress,s13,W-00070,1,B,0,3,contract_gate
base,qwen3.5-27b,ingress,s13,W-00071,1,A,0,5,renewal
base,qwen3.5-27b,ingress,s13,W-00072,0,C,1,2,budget
base,qwen3.5-27b,ingress,s13,W-00073,0,B,0,4,vendor
base,qwen3.5-27b,ingress,s13,W-00074,0,A,0,5,plan
base,qwen3.5-27b,ingress,s13,W-00075,1,C,0,4,contract_gate
base,qwen3.5-27b,ingress,s13,W-00076,1,D,1,5,alloc
base,qwen3.5-27b,ingress,s13,W-00077,1,D,0,3,capacity
base,qwen3.5-27b,ingress,s13,W-00078,1,B,0,3,budget
base,qwen3.5-27b,ingress,s13,W-00079,0,A,0,5,diag
base,qwen3.5-27b,ingress,s13,W-00080,1,A,0,3,lookup
base,qwen3.5-27b,ingress,s13,W-00081,0,C,1,4,purchase
base,qwen3.5-27b,ingress,s13,W-00082,1,A,0,2,budget
base,qwen3.5-27b,ingress,s13,W-00084,1,A,0,3,diag
base,qwen3.5-27b,ingress,s13,W-00085,0,C,1,4,alloc
base,qwen3.5-27b,ingress,s13,W-00086,1,D,0,2,budget
base,qwen3.5-27b,ingress,s13,W-00087,1,D,0,4,whatif
base,qwen3.5-27b,ingress,s13,W-00088,1,A,0,3,lookup
base,qwen3.5-27b,ingress,s13,W-00089,0,C,1,3,budget
base,qwen3.5-27b,ingress,s13,W-00090,1,A,0,2,conflict
base,qwen3.5-27b,ingress,s13,W-00091,0,B,0,2,conflict
base,qwen3.5-27b,ingress,s13,W-00094,1,C,1,4,contract_gate
base,qwen3.5-27b,ingress,s13,W-00095,0,D,0,3,sourcing
base,qwen3.5-27b,ingress,s13,W-00096,0,A,0,5,purchase
base,qwen3.5-27b,ingress,s13,W-00097,1,A,0,5,renewal
base,qwen3.5-27b,ingress,s13,W-00098,1,C,1,2,budget
base,qwen3.5-27b,ingress,s13,W-00099,1,A,0,3,lookup
base,qwen3.5-27b,ingress,s13,W-00100,0,B,0,4,plan
base,qwen3.5-27b,ingress,s13,W-00101,0,A,0,4,vendor
base,qwen3.5-27b,ingress,s13,W-00103,0,A,0,3,vendor
base,qwen3.5-27b,ingress,s13,W-00104,0,C,1,2,whatif
base,qwen3.5-27b,ingress,s13,W-00105,0,D,0,2,budget
base,qwen3.5-27b,ingress,s13,W-00106,1,A,0,4,temporal
base,qwen3.5-27b,ingress,s13,W-00107,0,C,1,4,contract_gate
base,qwen3.5-27b,ingress,s13,W-00108,1,B,0,2,conflict
base,qwen3.5-27b,ingress,s13,W-00109,1,A,0,3,lookup
base,qwen3.5-27b,ingress,s13,W-00110,0,B,0,4,diag
base,qwen3.5-27b,ingress,s13,W-00111,1,A,0,4,contract_gate
base,qwen3.5-27b,ingress,s13,W-00113,0,D,0,3,capacity
base,qwen3.5-27b,ingress,s13,W-00114,1,A,0,4,plan
base,qwen3.5-27b,ingress,s13,W-00115,1,D,0,4,diag
base,qwen3.5-27b,ingress,s13,W-00116,0,C,1,3,budget
base,qwen3.5-27b,ingress,s13,W-00117,1,A,0,2,conflict
base,qwen3.5-27b,ingress,s13,W-00118,1,B,0,2,lookup
base,qwen3.5-27b,ingress,s13,W-00119,1,A,0,3,lookup
base,qwen3.5-27b,ingress,s13,W-00120,0,D,0,4,sourcing
base,qwen3.5-27b,ingress,s13,W-00121,0,D,1,4,vendor
base,qwen3.5-27b,ingress,s13,W-00122,1,A,0,3,plan
base,qwen3.5-27b,ingress,s13,W-00123,1,B,0,2,conflict
base,qwen3.5-27b,ingress,s13,W-00124,1,A,0,5,diag
base,qwen3.5-27b,ingress,s13,W-00126,0,D,0,3,whatif
base,qwen3.5-27b,ingress,s13,W-00127,1,A,0,4,diag
base,qwen3.5-27b,ingress,s13,W-00128,1,B,0,3,lookup
base,qwen3.5-27b,ingress,s13,W-00129,0,C,1,4,purchase
base,qwen3.5-27b,ingress,s13,W-00130,1,A,0,2,temporal
base,qwen3.5-27b,ingress,s13,W-00131,1,B,0,3,plan
base,qwen3.5-27b,ingress,s13,W-00132,1,A,0,4,purchase
base,qwen3.5-27b,ingress,s13,W-00133,0,D,0,2,capacity
base,qwen3.5-27b,ingress,s13,W-00134,0,C,1,5,purchase
base,qwen3.5-27b,ingress,s13,W-00135,1,A,0,3,lookup
base,qwen3.5-27b,ingress,s13,W-00136,1,A,0,4,purchase
base,qwen3.5-27b,ingress,s13,W-00137,0,D,0,5,temporal
base,qwen3.5-27b,ingress,s13,W-00138,0,C,1,2,sourcing
base,qwen3.5-27b,ingress,s13,W-00139,0,B,0,4,renewal
base,qwen3.5-27b,ingress,s13,W-00140,1,A,0,3,lookup
base,qwen3.5-27b,ingress,s13,W-00141,0,B,0,4,plan
base,qwen3.5-27b,ingress,s13,W-00142,1,A,0,3,plan
base,qwen3.5-27b,ingress,s13,W-00143,0,C,1,5,purchase
base,qwen3.5-27b,ingress,s13,W-00144,0,D,0,2,budget
base,qwen3.5-27b,ingress,s13,W-00145,1,A,0,3,capacity
base,qwen3.5-27b,ingress,s13,W-00146,0,A,0,4,contract_gate
base,qwen3.5-27b,ingress,s13,W-00147,0,C,1,5,purchase
base,qwen3.5-27b,ingress,s13,W-00148,1,B,0,3,lookup
base,qwen3.5-27b,ingress,s13,W-00149,1,A,0,2,conflict
base,qwen3.5-27b,ingress,s13,W-00150,1,C,0,4,contract_gate
base,qwen3.5-27b,ingress,s14,W-00002,1,C,1,3,capacity
base,qwen3.5-27b,ingress,s14,W-00003,1,A,0,4,precedence
base,qwen3.5-27b,ingress,s14,W-00004,1,A,0,2,conflict
base,qwen3.5-27b,ingress,s14,W-00006,1,A,0,4,plan
base,qwen3.5-27b,ingress,s14,W-00007,1,A,0,3,precedence
base,qwen3.5-27b,ingress,s14,W-00008,0,B,0,5,purchase
base,qwen3.5-27b,ingress,s14,W-00009,1,C,1,2,budget
base,qwen3.5-27b,ingress,s14,W-00010,0,D,0,3,budget
base,qwen3.5-27b,ingress,s14,W-00011,1,A,0,3,plan
base,qwen3.5-27b,ingress,s14,W-00012,0,B,0,4,whatif
base,qwen3.5-27b,ingress,s14,W-00013,1,A,0,5,temporal
base,qwen3.5-27b,ingress,s14,W-00014,1,D,1,5,purchase
base,qwen3.5-27b,ingress,s14,W-00015,0,B,0,2,budget
base,qwen3.5-27b,ingress,s14,W-00016,0,A,0,4,whatif
base,qwen3.5-27b,ingress,s14,W-00017,1,B,0,2,conflict
base,qwen3.5-27b,ingress,s14,W-00018,0,C,1,4,contract_gate
base,qwen3.5-27b,ingress,s14,W-00019,1,A,0,3,lookup
base,qwen3.5-27b,ingress,s14,W-00020,1,A,0,4,renewal
base,qwen3.5-27b,ingress,s14,W-00021,0,A,0,4,plan
base,qwen3.5-27b,ingress,s14,W-00022,1,B,0,2,conflict
base,qwen3.5-27b,ingress,s14,W-00023,0,C,1,5,alloc
base,qwen3.5-27b,ingress,s14,W-00024,1,A,0,2,lookup
base,qwen3.5-27b,ingress,s14,W-00025,0,C,0,5,alloc
base,qwen3.5-27b,ingress,s14,W-00026,1,B,0,3,lookup
base,qwen3.5-27b,ingress,s14,W-00027,1,C,1,3,contract_gate
base,qwen3.5-27b,ingress,s14,W-00028,0,B,0,5,purchase
base,qwen3.5-27b,ingress,s14,W-00029,1,A,0,2,capacity
base,qwen3.5-27b,ingress,s14,W-00030,1,A,0,4,whatif
base,qwen3.5-27b,ingress,s14,W-00031,0,A,0,4,plan
base,qwen3.5-27b,ingress,s14,W-00032,0,C,1,3,capacity
base,qwen3.5-27b,ingress,s14,W-00033,1,D,0,2,capacity
base,qwen3.5-27b,ingress,s14,W-00034,1,D,0,3,contract_gate
base,qwen3.5-27b,ingress,s14,W-00035,1,A,0,3,sourcing
base,qwen3.5-27b,ingress,s14,W-00036,1,C,1,3,capacity
base,qwen3.5-27b,ingress,s14,W-00037,1,A,0,3,lookup
base,qwen3.5-27b,ingress,s14,W-00038,0,B,0,4,whatif
base,qwen3.5-27b,ingress,s14,W-00039,0,B,0,4,vendor
base,qwen3.5-27b,ingress,s14,W-00040,1,D,0,2,capacity
base,qwen3.5-27b,ingress,s14,W-00041,0,C,1,3,purchase
base,qwen3.5-27b,ingress,s14,W-00042,1,A,0,4,temporal
base,qwen3.5-27b,ingress,s14,W-00043,1,A,0,3,diag
base,qwen3.5-27b,ingress,s14,W-00044,1,B,0,5,purchase
base,qwen3.5-27b,ingress,s14,W-00045,1,C,1,4,contract_gate
base,qwen3.5-27b,ingress,s14,W-00046,1,A,0,3,lookup
base,qwen3.5-27b,ingress,s14,W-00047,1,A,0,4,renewal
base,qwen3.5-27b,ingress,s14,W-00048,0,B,0,5,plan
base,qwen3.5-27b,ingress,s14,W-00049,0,C,1,5,alloc
base,qwen3.5-27b,ingress,s14,W-00050,0,A,0,2,conflict
base,qwen3.5-27b,ingress,s14,W-00051,1,C,1,3,contract_gate
base,qwen3.5-27b,ingress,s14,W-00052,0,A,0,3,diag
base,qwen3.5-27b,ingress,s14,W-00053,0,B,0,4,alloc
base,qwen3.5-27b,ingress,s14,W-00054,1,A,0,5,whatif
base,qwen3.5-27b,ingress,s14,W-00055,1,D,0,3,capacity
base,qwen3.5-27b,ingress,s14,W-00056,1,A,0,2,lookup
base,qwen3.5-27b,ingress,s14,W-00057,1,D,0,2,capacity
base,qwen3.5-27b,ingress,s14,W-00058,0,C,1,5,alloc
base,qwen3.5-27b,ingress,s14,W-00059,1,A,0,4,contract_gate
base,qwen3.5-27b,ingress,s14,W-00060,0,B,0,4,purchase
base,qwen3.5-27b,ingress,s14,W-00061,0,B,0,2,conflict
base,qwen3.5-27b,ingress,s14,W-00062,0,A,0,3,plan
base,qwen3.5-27b,ingress,s14,W-00063,1,A,0,4,plan
base,qwen3.5-27b,ingress,s14,W-00064,0,D,1,4,sourcing
base,qwen3.5-27b,ingress,s14,W-00065,0,D,0,2,budget
base,qwen3.5-27b,ingress,s14,W-00066,0,D,0,3,capacity
base,qwen3.5-27b,ingress,s14,W-00067,0,D,1,4,sourcing
base,qwen3.5-27b,ingress,s14,W-00068,1,A,0,2,lookup
base,qwen3.5-27b,ingress,s14,W-00069,0,A,0,3,conflict
base,qwen3.5-27b,ingress,s14,W-00070,1,B,0,3,contract_gate
base,qwen3.5-27b,ingress,s14,W-00071,0,A,0,2,lookup
base,qwen3.5-27b,ingress,s14,W-00072,0,A,0,3,vendor
base,qwen3.5-27b,ingress,s14,W-00073,1,C,1,4,purchase
base,qwen3.5-27b,ingress,s14,W-00074,0,B,0,4,precedence
base,qwen3.5-27b,ingress,s14,W-00075,0,D,0,3,capacity
base,qwen3.5-27b,ingress,s14,W-00076,0,C,1,4,purchase
base,qwen3.5-27b,ingress,s14,W-00077,0,C,0,5,alloc
base,qwen3.5-27b,ingress,s14,W-00078,1,A,0,2,whatif
base,qwen3.5-27b,ingress,s14,W-00079,1,D,0,3,capacity
base,qwen3.5-27b,ingress,s14,W-00080,1,A,0,4,temporal
base,qwen3.5-27b,ingress,s14,W-00081,1,B,0,4,plan
base,qwen3.5-27b,ingress,s14,W-00082,0,C,1,3,sourcing
base,qwen3.5-27b,ingress,s14,W-00083,1,A,0,2,conflict
base,qwen3.5-27b,ingress,s14,W-00084,0,A,0,5,purchase
base,qwen3.5-27b,ingress,s14,W-00085,0,C,1,5,alloc
base,qwen3.5-27b,ingress,s14,W-00086,1,B,0,3,lookup
base,qwen3.5-27b,ingress,s14,W-00087,0,A,0,4,plan
base,qwen3.5-27b,ingress,s14,W-00088,1,B,0,3,lookup
base,qwen3.5-27b,ingress,s14,W-00089,0,C,1,2,capacity
base,qwen3.5-27b,ingress,s14,W-00090,1,A,0,4,contract_gate
base,qwen3.5-27b,ingress,s14,W-00091,1,A,0,4,plan
base,qwen3.5-27b,ingress,s14,W-00092,0,D,0,3,vendor
base,qwen3.5-27b,ingress,s14,W-00093,0,C,0,2,temporal
base,qwen3.5-27b,ingress,s14,W-00094,0,C,1,5,alloc
base,qwen3.5-27b,ingress,s14,W-00095,1,A,0,3,lookup
base,qwen3.5-27b,ingress,s14,W-00096,0,B,0,4,plan
base,qwen3.5-27b,ingress,s14,W-00097,0,A,0,2,budget
base,qwen3.5-27b,ingress,s14,W-00098,1,C,1,4,contract_gate
base,qwen3.5-27b,ingress,s14,W-00099,1,A,0,3,plan
base,qwen3.5-27b,ingress,s14,W-00100,0,B,0,5,purchase
base,qwen3.5-27b,ingress,s14,W-00101,0,C,1,5,purchase
base,qwen3.5-27b,ingress,s14,W-00102,1,A,0,4,plan
base,qwen3.5-27b,ingress,s14,W-00103,1,B,0,3,lookup
base,qwen3.5-27b,ingress,s14,W-00104,1,A,0,2,conflict
base,qwen3.5-27b,ingress,s14,W-00105,1,C,1,3,contract_gate
base,qwen3.5-27b,ingress,s14,W-00106,1,A,0,4,renewal
base,qwen3.5-27b,ingress,s14,W-00107,0,D,0,5,alloc
base,qwen3.5-27b,ingress,s14,W-00108,1,B,0,3,lookup
base,qwen3.5-27b,ingress,s14,W-00109,1,A,0,2,capacity
base,qwen3.5-27b,ingress,s14,W-00110,0,D,0,4,sourcing
base,qwen3.5-27b,ingress,s14,W-00111,0,A,0,5,temporal
base,qwen3.5-27b,ingress,s14,W-00112,1,D,1,3,capacity
base,qwen3.5-27b,ingress,s14,W-00113,1,B,0,4,contract_gate
base,qwen3.5-27b,ingress,s14,W-00114,1,A,0,2,budget
base,qwen3.5-27b,ingress,s14,W-00115,0,C,0,5,alloc
base,qwen3.5-27b,ingress,s14,W-00116,0,C,1,3,capacity
base,qwen3.5-27b,ingress,s14,W-00117,1,A,0,4,temporal
base,qwen3.5-27b,ingress,s14,W-00118,0,B,0,3,lookup
base,qwen3.5-27b,ingress,s14,W-00119,0,C,0,2,budget
base,qwen3.5-27b,ingress,s14,W-00120,0,A,0,4,diag
base,qwen3.5-27b,ingress,s14,W-00121,0,A,0,3,plan
base,qwen3.5-27b,ingress,s14,W-00122,0,C,1,2,vendor
base,qwen3.5-27b,ingress,s14,W-00123,0,B,0,5,plan
base,qwen3.5-27b,ingress,s14,W-00124,0,A,0,4,whatif
base,qwen3.5-27b,ingress,s14,W-00125,0,C,1,5,alloc
base,qwen3.5-27b,ingress,s14,W-00126,0,D,0,4,purchase
base,qwen3.5-27b,ingress,s14,W-00127,1,A,0,3,lookup
base,qwen3.5-27b,ingress,s14,W-00128,1,B,0,3,lookup
base,qwen3.5-27b,ingress,s14,W-00129,1,C,1,4,purchase
base,qwen3.5-27b,ingress,s14,W-00131,1,A,0,3,plan
base,qwen3.5-27b,ingress,s14,W-00132,0,D,0,4,sourcing
base,qwen3.5-27b,ingress,s14,W-00133,0,B,0,2,capacity
base,qwen3.5-27b,ingress,s14,W-00134,0,C,1,4,purchase
base,qwen3.5-27b,ingress,s14,W-00135,0,A,0,3,lookup
base,qwen3.5-27b,ingress,s14,W-00136,1,A,0,5,diag
base,qwen3.5-27b,ingress,s14,W-00137,0,D,0,5,purchase
base,qwen3.5-27b,ingress,s14,W-00138,1,C,1,4,contract_gate
base,qwen3.5-27b,ingress,s14,W-00139,0,B,0,2,budget
base,qwen3.5-27b,ingress,s14,W-00140,1,A,0,3,lookup
base,qwen3.5-27b,ingress,s14,W-00141,0,D,0,3,vendor
base,qwen3.5-27b,ingress,s14,W-00142,1,A,0,4,precedence
base,qwen3.5-27b,ingress,s14,W-00143,0,C,1,2,whatif
base,qwen3.5-27b,ingress,s14,W-00144,1,A,0,5,diag
base,qwen3.5-27b,ingress,s14,W-00145,1,B,0,3,lookup
base,qwen3.5-27b,ingress,s14,W-00146,1,D,0,4,contract_gate
base,qwen3.5-27b,ingress,s14,W-00147,0,C,1,5,alloc
base,qwen3.5-27b,ingress,s14,W-00148,1,B,0,5,plan
base,qwen3.5-27b,ingress,s14,W-00149,1,A,0,5,plan
base,qwen3.5-27b,ingress,s14,W-00150,0,A,0,3,temporal
base,qwen3.5-27b,full_load,s12,W-00001,0,C,1,3,capacity
base,qwen3.5-27b,full_load,s12,W-00003,1,A,0,4,plan
base,qwen3.5-27b,full_load,s12,W-00004,1,A,0,4,temporal
base,qwen3.5-27b,full_load,s12,W-00005,0,D,1,4,alloc
base,qwen3.5-27b,full_load,s12,W-00006,1,B,0,3,budget
base,qwen3.5-27b,full_load,s12,W-00007,1,A,0,2,budget
base,qwen3.5-27b,full_load,s12,W-00008,1,C,1,2,sourcing
base,qwen3.5-27b,full_load,s12,W-00009,1,B,0,2,conflict
base,qwen3.5-27b,full_load,s12,W-00010,0,C,1,3,budget
base,qwen3.5-27b,full_load,s12,W-00011,1,A,0,4,plan
base,qwen3.5-27b,full_load,s12,W-00012,0,B,0,4,vendor
base,qwen3.5-27b,full_load,s12,W-00013,0,A,0,5,diag
base,qwen3.5-27b,full_load,s12,W-00014,1,A,0,3,diag
base,qwen3.5-27b,full_load,s12,W-00015,1,A,0,3,lookup
base,qwen3.5-27b,full_load,s12,W-00016,0,C,0,2,budget
base,qwen3.5-27b,full_load,s12,W-00017,0,B,0,4,contract_gate
base,qwen3.5-27b,full_load,s12,W-00018,0,C,1,5,alloc
base,qwen3.5-27b,full_load,s12,W-00019,1,A,0,3,precedence
base,qwen3.5-27b,full_load,s12,W-00020,1,A,0,4,precedence
base,qwen3.5-27b,full_load,s12,W-00022,1,A,0,3,precedence
base,qwen3.5-27b,full_load,s12,W-00023,0,D,1,5,alloc
base,qwen3.5-27b,full_load,s12,W-00024,1,A,0,2,conflict
base,qwen3.5-27b,full_load,s12,W-00025,1,B,0,4,temporal
base,qwen3.5-27b,full_load,s12,W-00026,0,C,1,3,temporal
base,qwen3.5-27b,full_load,s12,W-00027,1,C,1,4,renewal
base,qwen3.5-27b,full_load,s12,W-00028,0,B,0,5,purchase
base,qwen3.5-27b,full_load,s12,W-00029,1,A,0,2,capacity
base,qwen3.5-27b,full_load,s12,W-00030,1,A,0,4,plan
base,qwen3.5-27b,full_load,s12,W-00031,0,C,1,3,vendor
base,qwen3.5-27b,full_load,s12,W-00032,1,A,0,3,plan
base,qwen3.5-27b,full_load,s12,W-00033,1,B,0,2,conflict
base,qwen3.5-27b,full_load,s12,W-00034,1,A,0,4,contract_gate
base,qwen3.5-27b,full_load,s12,W-00035,0,D,1,4,sourcing
base,qwen3.5-27b,full_load,s12,W-00036,1,D,0,3,capacity
base,qwen3.5-27b,full_load,s12,W-00037,1,A,0,2,lookup
base,qwen3.5-27b,full_load,s12,W-00038,0,C,1,5,purchase
base,qwen3.5-27b,full_load,s12,W-00039,0,A,0,5,diag
base,qwen3.5-27b,full_load,s12,W-00040,0,B,0,3,lookup
base,qwen3.5-27b,full_load,s12,W-00041,1,D,0,5,diag
base,qwen3.5-27b,full_load,s12,W-00042,1,A,0,4,whatif
base,qwen3.5-27b,full_load,s12,W-00043,0,C,1,2,sourcing
base,qwen3.5-27b,full_load,s12,W-00044,1,A,0,3,precedence
base,qwen3.5-27b,full_load,s12,W-00045,0,B,0,3,lookup
base,qwen3.5-27b,full_load,s12,W-00046,1,D,0,4,contract_gate
base,qwen3.5-27b,full_load,s12,W-00047,1,A,0,5,diag
base,qwen3.5-27b,full_load,s12,W-00048,0,B,0,5,purchase
base,qwen3.5-27b,full_load,s12,W-00049,1,A,0,3,capacity
base,qwen3.5-27b,full_load,s12,W-00050,0,C,1,4,purchase
base,qwen3.5-27b,full_load,s12,W-00051,1,A,0,3,plan
base,qwen3.5-27b,full_load,s12,W-00052,0,D,1,5,alloc
base,qwen3.5-27b,full_load,s12,W-00053,0,D,0,4,contract_gate
base,qwen3.5-27b,full_load,s12,W-00054,1,A,0,2,conflict
base,qwen3.5-27b,full_load,s12,W-00055,0,B,0,3,lookup
base,qwen3.5-27b,full_load,s12,W-00056,1,C,1,2,capacity
base,qwen3.5-27b,full_load,s12,W-00057,0,A,0,5,vendor
base,qwen3.5-27b,full_load,s12,W-00058,0,B,0,4,whatif
base,qwen3.5-27b,full_load,s12,W-00059,1,A,0,3,lookup
base,qwen3.5-27b,full_load,s12,W-00060,1,D,0,2,budget
base,qwen3.5-27b,full_load,s12,W-00061,0,C,1,4,contract_gate
base,qwen3.5-27b,full_load,s12,W-00062,1,A,0,3,plan
base,qwen3.5-27b,full_load,s12,W-00063,1,B,0,2,sourcing
base,qwen3.5-27b,full_load,s12,W-00064,1,A,0,4,plan
base,qwen3.5-27b,full_load,s12,W-00065,0,D,0,3,lookup
base,qwen3.5-27b,full_load,s12,W-00066,0,C,1,5,purchase
base,qwen3.5-27b,full_load,s12,W-00067,0,A,0,4,diag
base,qwen3.5-27b,full_load,s12,W-00068,0,B,0,4,purchase
base,qwen3.5-27b,full_load,s12,W-00069,0,A,0,5,diag
base,qwen3.5-27b,full_load,s12,W-00070,1,D,0,3,contract_gate
base,qwen3.5-27b,full_load,s12,W-00071,0,A,0,3,vendor
base,qwen3.5-27b,full_load,s12,W-00072,1,D,0,2,budget
base,qwen3.5-27b,full_load,s12,W-00073,1,B,0,5,plan
base,qwen3.5-27b,full_load,s12,W-00074,1,A,0,2,budget
base,qwen3.5-27b,full_load,s12,W-00076,1,C,1,3,capacity
base,qwen3.5-27b,full_load,s12,W-00077,1,A,0,2,lookup
base,qwen3.5-27b,full_load,s12,W-00078,1,B,0,4,temporal
base,qwen3.5-27b,full_load,s12,W-00079,1,A,0,3,diag
base,qwen3.5-27b,full_load,s12,W-00080,0,D,0,5,purchase
base,qwen3.5-27b,full_load,s12,W-00081,1,B,0,2,conflict
base,qwen3.5-27b,full_load,s12,W-00082,0,B,0,2,lookup
base,qwen3.5-27b,full_load,s12,W-00083,1,A,0,3,budget
base,qwen3.5-27b,full_load,s12,W-00084,1,A,0,4,diag
base,qwen3.5-27b,full_load,s12,W-00085,0,C,1,3,contract_gate
base,qwen3.5-27b,full_load,s12,W-00087,1,A,0,4,diag
base,qwen3.5-27b,full_load,s12,W-00088,0,C,1,3,capacity
base,qwen3.5-27b,full_load,s12,W-00089,1,A,0,4,temporal
base,qwen3.5-27b,full_load,s12,W-00090,0,D,0,5,purchase
base,qwen3.5-27b,full_load,s12,W-00091,1,A,0,4,diag
base,qwen3.5-27b,full_load,s12,W-00092,0,B,0,3,lookup
base,qwen3.5-27b,full_load,s12,W-00093,1,C,0,4,contract_gate
base,qwen3.5-27b,full_load,s12,W-00094,1,C,1,2,capacity
base,qwen3.5-27b,full_load,s12,W-00095,1,A,0,3,lookup
base,qwen3.5-27b,full_load,s12,W-00096,1,A,0,4,diag
base,qwen3.5-27b,full_load,s12,W-00097,0,D,0,5,purchase
base,qwen3.5-27b,full_load,s12,W-00098,0,C,1,2,whatif
base,qwen3.5-27b,full_load,s12,W-00099,1,A,0,3,precedence
base,qwen3.5-27b,full_load,s12,W-00100,0,B,0,5,alloc
base,qwen3.5-27b,full_load,s12,W-00102,1,A,0,2,lookup
base,qwen3.5-27b,full_load,s12,W-00103,0,C,1,5,whatif
base,qwen3.5-27b,full_load,s12,W-00104,1,A,0,5,plan
base,qwen3.5-27b,full_load,s12,W-00105,1,B,0,3,capacity
base,qwen3.5-27b,full_load,s12,W-00106,1,C,0,4,contract_gate
base,qwen3.5-27b,full_load,s12,W-00107,0,C,1,2,capacity
base,qwen3.5-27b,full_load,s12,W-00108,0,B,0,3,lookup
base,qwen3.5-27b,full_load,s12,W-00109,0,A,0,4,plan
base,qwen3.5-27b,full_load,s12,W-00110,0,A,0,4,temporal
base,qwen3.5-27b,full_load,s12,W-00111,0,A,0,4,precedence
base,qwen3.5-27b,full_load,s12,W-00112,0,C,1,5,alloc
base,qwen3.5-27b,full_load,s12,W-00113,0,B,0,3,budget
base,qwen3.5-27b,full_load,s12,W-00114,1,A,0,2,conflict
base,qwen3.5-27b,full_load,s12,W-00116,0,C,1,3,budget
base,qwen3.5-27b,full_load,s12,W-00117,1,A,0,4,diag
base,qwen3.5-27b,full_load,s12,W-00118,0,B,0,3,lookup
base,qwen3.5-27b,full_load,s12,W-00119,1,A,0,2,conflict
base,qwen3.5-27b,full_load,s12,W-00120,0,D,0,5,purchase
base,qwen3.5-27b,full_load,s12,W-00121,0,B,0,2,conflict
base,qwen3.5-27b,full_load,s12,W-00122,1,A,0,4,plan
base,qwen3.5-27b,full_load,s12,W-00123,0,C,1,5,alloc
base,qwen3.5-27b,full_load,s12,W-00124,1,A,0,4,precedence
base,qwen3.5-27b,full_load,s12,W-00125,1,C,1,3,capacity
base,qwen3.5-27b,full_load,s12,W-00126,0,D,0,3,whatif
base,qwen3.5-27b,full_load,s12,W-00127,1,A,0,2,lookup
base,qwen3.5-27b,full_load,s12,W-00128,0,B,0,3,lookup
base,qwen3.5-27b,full_load,s12,W-00129,0,C,1,5,alloc
base,qwen3.5-27b,full_load,s12,W-00130,1,A,0,4,purchase
base,qwen3.5-27b,full_load,s12,W-00131,1,A,0,4,plan
base,qwen3.5-27b,full_load,s12,W-00132,1,D,0,3,capacity
base,qwen3.5-27b,full_load,s12,W-00133,0,B,0,5,whatif
base,qwen3.5-27b,full_load,s12,W-00134,1,C,1,2,sourcing
base,qwen3.5-27b,full_load,s12,W-00135,1,A,0,3,diag
base,qwen3.5-27b,full_load,s12,W-00136,1,A,0,4,diag
base,qwen3.5-27b,full_load,s12,W-00137,0,D,0,5,temporal
base,qwen3.5-27b,full_load,s12,W-00138,1,C,1,2,budget
base,qwen3.5-27b,full_load,s12,W-00139,1,A,0,3,lookup
base,qwen3.5-27b,full_load,s12,W-00141,1,A,0,2,lookup
base,qwen3.5-27b,full_load,s12,W-00142,1,C,1,4,contract_gate
base,qwen3.5-27b,full_load,s12,W-00144,0,A,0,4,diag
base,qwen3.5-27b,full_load,s12,W-00145,1,D,0,3,precedence
base,qwen3.5-27b,full_load,s12,W-00146,0,A,0,4,diag
base,qwen3.5-27b,full_load,s12,W-00147,0,C,1,2,sourcing
base,qwen3.5-27b,full_load,s12,W-00148,1,B,0,3,lookup
base,qwen3.5-27b,full_load,s12,W-00149,1,A,0,4,diag
base,qwen3.5-27b,full_load,s12,W-00150,0,D,0,4,whatif
base,qwen3.5-27b,full_load,s13,W-00002,0,C,1,2,budget
base,qwen3.5-27b,full_load,s13,W-00003,0,D,0,5,alloc
base,qwen3.5-27b,full_load,s13,W-00005,0,C,1,2,budget
base,qwen3.5-27b,full_load,s13,W-00006,0,D,0,3,budget
base,qwen3.5-27b,full_load,s13,W-00007,0,A,0,4,diag
base,qwen3.5-27b,full_load,s13,W-00008,0,A,0,5,diag
base,qwen3.5-27b,full_load,s13,W-00009,0,D,1,4,alloc
base,qwen3.5-27b,full_load,s13,W-00010,1,A,0,2,lookup
base,qwen3.5-27b,full_load,s13,W-00011,0,A,0,3,vendor
base,qwen3.5-27b,full_load,s13,W-00012,1,A,0,3,precedence
base,qwen3.5-27b,full_load,s13,W-00013,0,C,1,5,temporal
base,qwen3.5-27b,full_load,s13,W-00014,0,B,0,3,budget
base,qwen3.5-27b,full_load,s13,W-00015,1,B,0,4,precedence
base,qwen3.5-27b,full_load,s13,W-00016,1,A,0,2,budget
base,qwen3.5-27b,full_load,s13,W-00017,1,A,0,3,lookup
base,qwen3.5-27b,full_load,s13,W-00018,0,C,1,4,alloc
base,qwen3.5-27b,full_load,s13,W-00019,0,C,1,4,contract_gate
base,qwen3.5-27b,full_load,s13,W-00020,0,A,0,4,diag
base,qwen3.5-27b,full_load,s13,W-00021,1,C,1,4,vendor
base,qwen3.5-27b,full_load,s13,W-00022,1,A,0,3,diag
base,qwen3.5-27b,full_load,s13,W-00023,1,B,0,3,capacity
base,qwen3.5-27b,full_load,s13,W-00024,1,A,0,4,temporal
base,qwen3.5-27b,full_load,s13,W-00025,1,B,0,2,conflict
base,qwen3.5-27b,full_load,s13,W-00026,0,B,0,3,budget
base,qwen3.5-27b,full_load,s13,W-00027,0,D,0,2,capacity
base,qwen3.5-27b,full_load,s13,W-00028,1,A,0,4,plan
base,qwen3.5-27b,full_load,s13,W-00029,0,B,0,3,lookup
base,qwen3.5-27b,full_load,s13,W-00030,1,A,0,2,conflict
base,qwen3.5-27b,full_load,s13,W-00031,1,A,0,3,plan
base,qwen3.5-27b,full_load,s13,W-00032,1,A,0,4,plan
base,qwen3.5-27b,full_load,s13,W-00033,0,D,1,5,alloc
base,qwen3.5-27b,full_load,s13,W-00034,1,B,0,2,whatif
base,qwen3.5-27b,full_load,s13,W-00036,0,C,1,5,alloc
base,qwen3.5-27b,full_load,s13,W-00037,1,A,0,4,diag
base,qwen3.5-27b,full_load,s13,W-00038,0,D,0,4,precedence
base,qwen3.5-27b,full_load,s13,W-00039,1,A,0,3,precedence
base,qwen3.5-27b,full_load,s13,W-00040,1,D,0,2,capacity
base,qwen3.5-27b,full_load,s13,W-00041,1,B,0,2,conflict
base,qwen3.5-27b,full_load,s13,W-00042,0,A,0,3,plan
base,qwen3.5-27b,full_load,s13,W-00043,0,C,1,4,vendor
base,qwen3.5-27b,full_load,s13,W-00044,1,A,0,4,purchase
base,qwen3.5-27b,full_load,s13,W-00045,0,C,1,3,contract_gate
base,qwen3.5-27b,full_load,s13,W-00046,1,B,0,5,plan
base,qwen3.5-27b,full_load,s13,W-00047,0,C,1,5,purchase
base,qwen3.5-27b,full_load,s13,W-00048,1,A,0,2,lookup
base,qwen3.5-27b,full_load,s13,W-00049,0,B,0,3,lookup
base,qwen3.5-27b,full_load,s13,W-00050,1,A,0,4,precedence
base,qwen3.5-27b,full_load,s13,W-00051,0,D,0,4,plan
base,qwen3.5-27b,full_load,s13,W-00052,1,A,0,4,diag
base,qwen3.5-27b,full_load,s13,W-00053,1,B,0,3,lookup
base,qwen3.5-27b,full_load,s13,W-00055,0,D,0,3,capacity
base,qwen3.5-27b,full_load,s13,W-00056,0,A,0,2,lookup
base,qwen3.5-27b,full_load,s13,W-00057,1,A,0,4,plan
base,qwen3.5-27b,full_load,s13,W-00058,1,C,1,3,contract_gate
base,qwen3.5-27b,full_load,s13,W-00059,1,A,0,5,diag
base,qwen3.5-27b,full_load,s13,W-00061,0,C,0,4,contract_gate
base,qwen3.5-27b,full_load,s13,W-00062,0,A,0,4,diag
base,qwen3.5-27b,full_load,s13,W-00063,1,C,1,3,contract_gate
base,qwen3.5-27b,full_load,s13,W-00064,1,A,0,2,capacity
base,qwen3.5-27b,full_load,s13,W-00065,0,C,0,5,alloc
base,qwen3.5-27b,full_load,s13,W-00066,0,B,0,3,lookup
base,qwen3.5-27b,full_load,s13,W-00068,1,A,0,4,diag
base,qwen3.5-27b,full_load,s13,W-00069,1,A,0,4,whatif
base,qwen3.5-27b,full_load,s13,W-00070,1,B,0,3,contract_gate
base,qwen3.5-27b,full_load,s13,W-00071,1,A,0,5,renewal
base,qwen3.5-27b,full_load,s13,W-00072,1,C,1,2,budget
base,qwen3.5-27b,full_load,s13,W-00073,0,B,0,4,vendor
base,qwen3.5-27b,full_load,s13,W-00074,0,A,0,5,plan
base,qwen3.5-27b,full_load,s13,W-00075,1,C,0,4,contract_gate
base,qwen3.5-27b,full_load,s13,W-00076,0,D,1,5,alloc
base,qwen3.5-27b,full_load,s13,W-00077,1,D,0,3,capacity
base,qwen3.5-27b,full_load,s13,W-00078,0,B,0,3,budget
base,qwen3.5-27b,full_load,s13,W-00079,0,A,0,5,diag
base,qwen3.5-27b,full_load,s13,W-00080,1,A,0,3,lookup
base,qwen3.5-27b,full_load,s13,W-00081,0,C,1,4,purchase
base,qwen3.5-27b,full_load,s13,W-00082,1,A,0,2,budget
base,qwen3.5-27b,full_load,s13,W-00084,1,A,0,3,diag
base,qwen3.5-27b,full_load,s13,W-00085,0,C,1,4,alloc
base,qwen3.5-27b,full_load,s13,W-00086,0,D,0,2,budget
base,qwen3.5-27b,full_load,s13,W-00087,1,D,0,4,whatif
base,qwen3.5-27b,full_load,s13,W-00088,1,A,0,3,lookup
base,qwen3.5-27b,full_load,s13,W-00089,0,C,1,3,budget
base,qwen3.5-27b,full_load,s13,W-00090,1,A,0,2,conflict
base,qwen3.5-27b,full_load,s13,W-00091,1,B,0,2,conflict
base,qwen3.5-27b,full_load,s13,W-00094,1,C,1,4,contract_gate
base,qwen3.5-27b,full_load,s13,W-00095,1,D,0,3,sourcing
base,qwen3.5-27b,full_load,s13,W-00096,0,A,0,5,purchase
base,qwen3.5-27b,full_load,s13,W-00097,1,A,0,5,renewal
base,qwen3.5-27b,full_load,s13,W-00098,0,C,1,2,budget
base,qwen3.5-27b,full_load,s13,W-00099,0,A,0,3,lookup
base,qwen3.5-27b,full_load,s13,W-00100,1,B,0,4,plan
base,qwen3.5-27b,full_load,s13,W-00101,0,A,0,4,vendor
base,qwen3.5-27b,full_load,s13,W-00103,0,A,0,3,vendor
base,qwen3.5-27b,full_load,s13,W-00104,0,C,1,2,whatif
base,qwen3.5-27b,full_load,s13,W-00105,1,D,0,2,budget
base,qwen3.5-27b,full_load,s13,W-00106,1,A,0,4,temporal
base,qwen3.5-27b,full_load,s13,W-00107,0,C,1,4,contract_gate
base,qwen3.5-27b,full_load,s13,W-00108,1,B,0,2,conflict
base,qwen3.5-27b,full_load,s13,W-00109,1,A,0,3,lookup
base,qwen3.5-27b,full_load,s13,W-00110,1,B,0,4,diag
base,qwen3.5-27b,full_load,s13,W-00111,1,A,0,4,contract_gate
base,qwen3.5-27b,full_load,s13,W-00113,0,D,0,3,capacity
base,qwen3.5-27b,full_load,s13,W-00114,1,A,0,4,plan
base,qwen3.5-27b,full_load,s13,W-00115,1,D,0,4,diag
base,qwen3.5-27b,full_load,s13,W-00116,0,C,1,3,budget
base,qwen3.5-27b,full_load,s13,W-00117,1,A,0,2,conflict
base,qwen3.5-27b,full_load,s13,W-00118,0,B,0,2,lookup
base,qwen3.5-27b,full_load,s13,W-00119,1,A,0,3,lookup
base,qwen3.5-27b,full_load,s13,W-00120,0,D,0,4,sourcing
base,qwen3.5-27b,full_load,s13,W-00121,0,D,1,4,vendor
base,qwen3.5-27b,full_load,s13,W-00122,1,A,0,3,plan
base,qwen3.5-27b,full_load,s13,W-00123,1,B,0,2,conflict
base,qwen3.5-27b,full_load,s13,W-00124,1,A,0,5,diag
base,qwen3.5-27b,full_load,s13,W-00126,0,D,0,3,whatif
base,qwen3.5-27b,full_load,s13,W-00127,1,A,0,4,diag
base,qwen3.5-27b,full_load,s13,W-00128,0,B,0,3,lookup
base,qwen3.5-27b,full_load,s13,W-00129,0,C,1,4,purchase
base,qwen3.5-27b,full_load,s13,W-00130,1,A,0,2,temporal
base,qwen3.5-27b,full_load,s13,W-00131,0,B,0,3,plan
base,qwen3.5-27b,full_load,s13,W-00132,1,A,0,4,purchase
base,qwen3.5-27b,full_load,s13,W-00133,0,D,0,2,capacity
base,qwen3.5-27b,full_load,s13,W-00134,0,C,1,5,purchase
base,qwen3.5-27b,full_load,s13,W-00135,1,A,0,3,lookup
base,qwen3.5-27b,full_load,s13,W-00136,1,A,0,4,purchase
base,qwen3.5-27b,full_load,s13,W-00137,0,D,0,5,temporal
base,qwen3.5-27b,full_load,s13,W-00138,0,C,1,2,sourcing
base,qwen3.5-27b,full_load,s13,W-00139,0,B,0,4,renewal
base,qwen3.5-27b,full_load,s13,W-00140,1,A,0,3,lookup
base,qwen3.5-27b,full_load,s13,W-00141,1,B,0,4,plan
base,qwen3.5-27b,full_load,s13,W-00142,0,A,0,3,plan
base,qwen3.5-27b,full_load,s13,W-00143,0,C,1,5,purchase
base,qwen3.5-27b,full_load,s13,W-00144,1,D,0,2,budget
base,qwen3.5-27b,full_load,s13,W-00145,1,A,0,3,capacity
base,qwen3.5-27b,full_load,s13,W-00146,1,A,0,4,contract_gate
base,qwen3.5-27b,full_load,s13,W-00147,1,C,1,5,purchase
base,qwen3.5-27b,full_load,s13,W-00148,0,B,0,3,lookup
base,qwen3.5-27b,full_load,s13,W-00149,1,A,0,2,conflict
base,qwen3.5-27b,full_load,s13,W-00150,1,C,0,4,contract_gate
base,qwen3.5-27b,full_load,s14,W-00002,1,C,1,3,capacity
base,qwen3.5-27b,full_load,s14,W-00003,1,A,0,4,precedence
base,qwen3.5-27b,full_load,s14,W-00004,1,A,0,2,conflict
base,qwen3.5-27b,full_load,s14,W-00006,1,A,0,4,plan
base,qwen3.5-27b,full_load,s14,W-00007,1,A,0,3,precedence
base,qwen3.5-27b,full_load,s14,W-00008,0,B,0,5,purchase
base,qwen3.5-27b,full_load,s14,W-00009,0,C,1,2,budget
base,qwen3.5-27b,full_load,s14,W-00010,0,D,0,3,budget
base,qwen3.5-27b,full_load,s14,W-00011,0,A,0,3,plan
base,qwen3.5-27b,full_load,s14,W-00012,1,B,0,4,whatif
base,qwen3.5-27b,full_load,s14,W-00013,1,A,0,5,temporal
base,qwen3.5-27b,full_load,s14,W-00014,0,D,1,5,purchase
base,qwen3.5-27b,full_load,s14,W-00015,1,B,0,2,budget
base,qwen3.5-27b,full_load,s14,W-00016,1,A,0,4,whatif
base,qwen3.5-27b,full_load,s14,W-00017,1,B,0,2,conflict
base,qwen3.5-27b,full_load,s14,W-00018,1,C,1,4,contract_gate
base,qwen3.5-27b,full_load,s14,W-00019,1,A,0,3,lookup
base,qwen3.5-27b,full_load,s14,W-00020,1,A,0,4,renewal
base,qwen3.5-27b,full_load,s14,W-00021,0,A,0,4,plan
base,qwen3.5-27b,full_load,s14,W-00022,1,B,0,2,conflict
base,qwen3.5-27b,full_load,s14,W-00023,0,C,1,5,alloc
base,qwen3.5-27b,full_load,s14,W-00024,1,A,0,2,lookup
base,qwen3.5-27b,full_load,s14,W-00025,0,C,0,5,alloc
base,qwen3.5-27b,full_load,s14,W-00026,0,B,0,3,lookup
base,qwen3.5-27b,full_load,s14,W-00027,1,C,1,3,contract_gate
base,qwen3.5-27b,full_load,s14,W-00028,0,B,0,5,purchase
base,qwen3.5-27b,full_load,s14,W-00029,1,A,0,2,capacity
base,qwen3.5-27b,full_load,s14,W-00030,1,A,0,4,whatif
base,qwen3.5-27b,full_load,s14,W-00031,0,A,0,4,plan
base,qwen3.5-27b,full_load,s14,W-00032,1,C,1,3,capacity
base,qwen3.5-27b,full_load,s14,W-00033,1,D,0,2,capacity
base,qwen3.5-27b,full_load,s14,W-00034,0,D,0,3,contract_gate
base,qwen3.5-27b,full_load,s14,W-00035,0,A,0,3,sourcing
base,qwen3.5-27b,full_load,s14,W-00036,0,C,1,3,capacity
base,qwen3.5-27b,full_load,s14,W-00037,1,A,0,3,lookup
base,qwen3.5-27b,full_load,s14,W-00038,0,B,0,4,whatif
base,qwen3.5-27b,full_load,s14,W-00039,0,B,0,4,vendor
base,qwen3.5-27b,full_load,s14,W-00040,1,D,0,2,capacity
base,qwen3.5-27b,full_load,s14,W-00041,0,C,1,3,purchase
base,qwen3.5-27b,full_load,s14,W-00042,1,A,0,4,temporal
base,qwen3.5-27b,full_load,s14,W-00043,1,A,0,3,diag
base,qwen3.5-27b,full_load,s14,W-00044,0,B,0,5,purchase
base,qwen3.5-27b,full_load,s14,W-00045,1,C,1,4,contract_gate
base,qwen3.5-27b,full_load,s14,W-00046,1,A,0,3,lookup
base,qwen3.5-27b,full_load,s14,W-00047,1,A,0,4,renewal
base,qwen3.5-27b,full_load,s14,W-00048,1,B,0,5,plan
base,qwen3.5-27b,full_load,s14,W-00049,0,C,1,5,alloc
base,qwen3.5-27b,full_load,s14,W-00050,1,A,0,2,conflict
base,qwen3.5-27b,full_load,s14,W-00051,0,C,1,3,contract_gate
base,qwen3.5-27b,full_load,s14,W-00052,0,A,0,3,diag
base,qwen3.5-27b,full_load,s14,W-00053,0,B,0,4,alloc
base,qwen3.5-27b,full_load,s14,W-00054,1,A,0,5,whatif
base,qwen3.5-27b,full_load,s14,W-00055,1,D,0,3,capacity
base,qwen3.5-27b,full_load,s14,W-00056,1,A,0,2,lookup
base,qwen3.5-27b,full_load,s14,W-00057,0,D,0,2,capacity
base,qwen3.5-27b,full_load,s14,W-00058,0,C,1,5,alloc
base,qwen3.5-27b,full_load,s14,W-00059,1,A,0,4,contract_gate
base,qwen3.5-27b,full_load,s14,W-00060,0,B,0,4,purchase
base,qwen3.5-27b,full_load,s14,W-00061,0,B,0,2,conflict
base,qwen3.5-27b,full_load,s14,W-00062,0,A,0,3,plan
base,qwen3.5-27b,full_load,s14,W-00063,0,A,0,4,plan
base,qwen3.5-27b,full_load,s14,W-00064,0,D,1,4,sourcing
base,qwen3.5-27b,full_load,s14,W-00065,1,D,0,2,budget
base,qwen3.5-27b,full_load,s14,W-00066,0,D,0,3,capacity
base,qwen3.5-27b,full_load,s14,W-00067,0,D,1,4,sourcing
base,qwen3.5-27b,full_load,s14,W-00068,1,A,0,2,lookup
base,qwen3.5-27b,full_load,s14,W-00069,1,A,0,3,conflict
base,qwen3.5-27b,full_load,s14,W-00070,1,B,0,3,contract_gate
base,qwen3.5-27b,full_load,s14,W-00071,1,A,0,2,lookup
base,qwen3.5-27b,full_load,s14,W-00072,1,A,0,3,vendor
base,qwen3.5-27b,full_load,s14,W-00073,0,C,1,4,purchase
base,qwen3.5-27b,full_load,s14,W-00074,0,B,0,4,precedence
base,qwen3.5-27b,full_load,s14,W-00075,1,D,0,3,capacity
base,qwen3.5-27b,full_load,s14,W-00076,0,C,1,4,purchase
base,qwen3.5-27b,full_load,s14,W-00077,0,C,0,5,alloc
base,qwen3.5-27b,full_load,s14,W-00078,1,A,0,2,whatif
base,qwen3.5-27b,full_load,s14,W-00079,1,D,0,3,capacity
base,qwen3.5-27b,full_load,s14,W-00080,1,A,0,4,temporal
base,qwen3.5-27b,full_load,s14,W-00081,0,B,0,4,plan
base,qwen3.5-27b,full_load,s14,W-00082,0,C,1,3,sourcing
base,qwen3.5-27b,full_load,s14,W-00083,1,A,0,2,conflict
base,qwen3.5-27b,full_load,s14,W-00084,0,A,0,5,purchase
base,qwen3.5-27b,full_load,s14,W-00085,0,C,1,5,alloc
base,qwen3.5-27b,full_load,s14,W-00086,0,B,0,3,lookup
base,qwen3.5-27b,full_load,s14,W-00087,0,A,0,4,plan
base,qwen3.5-27b,full_load,s14,W-00088,0,B,0,3,lookup
base,qwen3.5-27b,full_load,s14,W-00089,0,C,1,2,capacity
base,qwen3.5-27b,full_load,s14,W-00090,1,A,0,4,contract_gate
base,qwen3.5-27b,full_load,s14,W-00091,0,A,0,4,plan
base,qwen3.5-27b,full_load,s14,W-00092,0,D,0,3,vendor
base,qwen3.5-27b,full_load,s14,W-00093,0,C,0,2,temporal
base,qwen3.5-27b,full_load,s14,W-00094,0,C,1,5,alloc
base,qwen3.5-27b,full_load,s14,W-00095,1,A,0,3,lookup
base,qwen3.5-27b,full_load,s14,W-00096,1,B,0,4,plan
base,qwen3.5-27b,full_load,s14,W-00097,1,A,0,2,budget
base,qwen3.5-27b,full_load,s14,W-00098,1,C,1,4,contract_gate
base,qwen3.5-27b,full_load,s14,W-00099,1,A,0,3,plan
base,qwen3.5-27b,full_load,s14,W-00100,0,B,0,5,purchase
base,qwen3.5-27b,full_load,s14,W-00101,0,C,1,5,purchase
base,qwen3.5-27b,full_load,s14,W-00102,1,A,0,4,plan
base,qwen3.5-27b,full_load,s14,W-00103,0,B,0,3,lookup
base,qwen3.5-27b,full_load,s14,W-00104,1,A,0,2,conflict
base,qwen3.5-27b,full_load,s14,W-00105,0,C,1,3,contract_gate
base,qwen3.5-27b,full_load,s14,W-00106,1,A,0,4,renewal
base,qwen3.5-27b,full_load,s14,W-00107,0,D,0,5,alloc
base,qwen3.5-27b,full_load,s14,W-00108,0,B,0,3,lookup
base,qwen3.5-27b,full_load,s14,W-00109,1,A,0,2,capacity
base,qwen3.5-27b,full_load,s14,W-00110,0,D,0,4,sourcing
base,qwen3.5-27b,full_load,s14,W-00111,1,A,0,5,temporal
base,qwen3.5-27b,full_load,s14,W-00112,0,D,1,3,capacity
base,qwen3.5-27b,full_load,s14,W-00113,1,B,0,4,contract_gate
base,qwen3.5-27b,full_load,s14,W-00114,1,A,0,2,budget
base,qwen3.5-27b,full_load,s14,W-00115,0,C,0,5,alloc
base,qwen3.5-27b,full_load,s14,W-00116,0,C,1,3,capacity
base,qwen3.5-27b,full_load,s14,W-00117,1,A,0,4,temporal
base,qwen3.5-27b,full_load,s14,W-00118,0,B,0,3,lookup
base,qwen3.5-27b,full_load,s14,W-00119,0,C,0,2,budget
base,qwen3.5-27b,full_load,s14,W-00120,0,A,0,4,diag
base,qwen3.5-27b,full_load,s14,W-00121,0,A,0,3,plan
base,qwen3.5-27b,full_load,s14,W-00122,1,C,1,2,vendor
base,qwen3.5-27b,full_load,s14,W-00123,1,B,0,5,plan
base,qwen3.5-27b,full_load,s14,W-00124,1,A,0,4,whatif
base,qwen3.5-27b,full_load,s14,W-00125,0,C,1,5,alloc
base,qwen3.5-27b,full_load,s14,W-00126,0,D,0,4,purchase
base,qwen3.5-27b,full_load,s14,W-00127,1,A,0,3,lookup
base,qwen3.5-27b,full_load,s14,W-00128,0,B,0,3,lookup
base,qwen3.5-27b,full_load,s14,W-00129,0,C,1,4,purchase
base,qwen3.5-27b,full_load,s14,W-00131,0,A,0,3,plan
base,qwen3.5-27b,full_load,s14,W-00132,0,D,0,4,sourcing
base,qwen3.5-27b,full_load,s14,W-00133,0,B,0,2,capacity
base,qwen3.5-27b,full_load,s14,W-00134,0,C,1,4,purchase
base,qwen3.5-27b,full_load,s14,W-00135,1,A,0,3,lookup
base,qwen3.5-27b,full_load,s14,W-00136,1,A,0,5,diag
base,qwen3.5-27b,full_load,s14,W-00137,0,D,0,5,purchase
base,qwen3.5-27b,full_load,s14,W-00138,1,C,1,4,contract_gate
base,qwen3.5-27b,full_load,s14,W-00139,0,B,0,2,budget
base,qwen3.5-27b,full_load,s14,W-00140,1,A,0,3,lookup
base,qwen3.5-27b,full_load,s14,W-00141,0,D,0,3,vendor
base,qwen3.5-27b,full_load,s14,W-00142,1,A,0,4,precedence
base,qwen3.5-27b,full_load,s14,W-00143,0,C,1,2,whatif
base,qwen3.5-27b,full_load,s14,W-00144,1,A,0,5,diag
base,qwen3.5-27b,full_load,s14,W-00145,0,B,0,3,lookup
base,qwen3.5-27b,full_load,s14,W-00146,1,D,0,4,contract_gate
base,qwen3.5-27b,full_load,s14,W-00147,0,C,1,5,alloc
base,qwen3.5-27b,full_load,s14,W-00148,1,B,0,5,plan
base,qwen3.5-27b,full_load,s14,W-00149,1,A,0,5,plan
base,qwen3.5-27b,full_load,s14,W-00150,0,A,0,3,temporal
base,qwen3.5-9b,direct,s12,W-00001,0,C,1,3,capacity
base,qwen3.5-9b,direct,s12,W-00003,1,A,0,4,plan
base,qwen3.5-9b,direct,s12,W-00004,1,A,0,4,temporal
base,qwen3.5-9b,direct,s12,W-00005,0,D,1,4,alloc
base,qwen3.5-9b,direct,s12,W-00006,0,B,0,3,budget
base,qwen3.5-9b,direct,s12,W-00007,0,A,0,2,budget
base,qwen3.5-9b,direct,s12,W-00008,0,C,1,2,sourcing
base,qwen3.5-9b,direct,s12,W-00009,0,B,0,2,conflict
base,qwen3.5-9b,direct,s12,W-00010,0,C,1,3,budget
base,qwen3.5-9b,direct,s12,W-00011,0,A,0,4,plan
base,qwen3.5-9b,direct,s12,W-00012,0,B,0,4,vendor
base,qwen3.5-9b,direct,s12,W-00013,1,A,0,5,diag
base,qwen3.5-9b,direct,s12,W-00014,1,A,0,3,diag
base,qwen3.5-9b,direct,s12,W-00015,1,A,0,3,lookup
base,qwen3.5-9b,direct,s12,W-00016,0,C,0,2,budget
base,qwen3.5-9b,direct,s12,W-00017,0,B,0,4,contract_gate
base,qwen3.5-9b,direct,s12,W-00018,0,C,1,5,alloc
base,qwen3.5-9b,direct,s12,W-00019,0,A,0,3,precedence
base,qwen3.5-9b,direct,s12,W-00020,1,A,0,4,precedence
base,qwen3.5-9b,direct,s12,W-00022,0,A,0,3,precedence
base,qwen3.5-9b,direct,s12,W-00023,0,D,1,5,alloc
base,qwen3.5-9b,direct,s12,W-00024,1,A,0,2,conflict
base,qwen3.5-9b,direct,s12,W-00025,0,B,0,4,temporal
base,qwen3.5-9b,direct,s12,W-00026,0,C,1,3,temporal
base,qwen3.5-9b,direct,s12,W-00027,0,C,1,4,renewal
base,qwen3.5-9b,direct,s12,W-00028,0,B,0,5,purchase
base,qwen3.5-9b,direct,s12,W-00029,0,A,0,2,capacity
base,qwen3.5-9b,direct,s12,W-00030,1,A,0,4,plan
base,qwen3.5-9b,direct,s12,W-00031,0,C,1,3,vendor
base,qwen3.5-9b,direct,s12,W-00032,0,A,0,3,plan
base,qwen3.5-9b,direct,s12,W-00033,0,B,0,2,conflict
base,qwen3.5-9b,direct,s12,W-00034,0,A,0,4,contract_gate
base,qwen3.5-9b,direct,s12,W-00035,0,D,1,4,sourcing
base,qwen3.5-9b,direct,s12,W-00036,0,D,0,3,capacity
base,qwen3.5-9b,direct,s12,W-00037,1,A,0,2,lookup
base,qwen3.5-9b,direct,s12,W-00038,0,C,1,5,purchase
base,qwen3.5-9b,direct,s12,W-00039,0,A,0,5,diag
base,qwen3.5-9b,direct,s12,W-00040,0,B,0,3,lookup
base,qwen3.5-9b,direct,s12,W-00041,0,D,0,5,diag
base,qwen3.5-9b,direct,s12,W-00042,0,A,0,4,whatif
base,qwen3.5-9b,direct,s12,W-00043,0,C,1,2,sourcing
base,qwen3.5-9b,direct,s12,W-00044,1,A,0,3,precedence
base,qwen3.5-9b,direct,s12,W-00045,0,B,0,3,lookup
base,qwen3.5-9b,direct,s12,W-00046,0,D,0,4,contract_gate
base,qwen3.5-9b,direct,s12,W-00047,0,A,0,5,diag
base,qwen3.5-9b,direct,s12,W-00048,0,B,0,5,purchase
base,qwen3.5-9b,direct,s12,W-00049,0,A,0,3,capacity
base,qwen3.5-9b,direct,s12,W-00050,0,C,1,4,purchase
base,qwen3.5-9b,direct,s12,W-00051,1,A,0,3,plan
base,qwen3.5-9b,direct,s12,W-00052,0,D,1,5,alloc
base,qwen3.5-9b,direct,s12,W-00053,0,D,0,4,contract_gate
base,qwen3.5-9b,direct,s12,W-00054,1,A,0,2,conflict
base,qwen3.5-9b,direct,s12,W-00055,0,B,0,3,lookup
base,qwen3.5-9b,direct,s12,W-00056,0,C,1,2,capacity
base,qwen3.5-9b,direct,s12,W-00057,0,A,0,5,vendor
base,qwen3.5-9b,direct,s12,W-00058,0,B,0,4,whatif
base,qwen3.5-9b,direct,s12,W-00059,1,A,0,3,lookup
base,qwen3.5-9b,direct,s12,W-00060,0,D,0,2,budget
base,qwen3.5-9b,direct,s12,W-00061,0,C,1,4,contract_gate
base,qwen3.5-9b,direct,s12,W-00062,0,A,0,3,plan
base,qwen3.5-9b,direct,s12,W-00063,0,B,0,2,sourcing
base,qwen3.5-9b,direct,s12,W-00064,0,A,0,4,plan
base,qwen3.5-9b,direct,s12,W-00065,0,D,0,3,lookup
base,qwen3.5-9b,direct,s12,W-00066,0,C,1,5,purchase
base,qwen3.5-9b,direct,s12,W-00067,0,A,0,4,diag
base,qwen3.5-9b,direct,s12,W-00068,0,B,0,4,purchase
base,qwen3.5-9b,direct,s12,W-00069,0,A,0,5,diag
base,qwen3.5-9b,direct,s12,W-00070,0,D,0,3,contract_gate
base,qwen3.5-9b,direct,s12,W-00071,0,A,0,3,vendor
base,qwen3.5-9b,direct,s12,W-00072,0,D,0,2,budget
base,qwen3.5-9b,direct,s12,W-00073,0,B,0,5,plan
base,qwen3.5-9b,direct,s12,W-00074,0,A,0,2,budget
base,qwen3.5-9b,direct,s12,W-00076,0,C,1,3,capacity
base,qwen3.5-9b,direct,s12,W-00077,1,A,0,2,lookup
base,qwen3.5-9b,direct,s12,W-00078,1,B,0,4,temporal
base,qwen3.5-9b,direct,s12,W-00079,0,A,0,3,diag
base,qwen3.5-9b,direct,s12,W-00080,0,D,0,5,purchase
base,qwen3.5-9b,direct,s12,W-00081,0,B,0,2,conflict
base,qwen3.5-9b,direct,s12,W-00082,0,B,0,2,lookup
base,qwen3.5-9b,direct,s12,W-00083,0,A,0,3,budget
base,qwen3.5-9b,direct,s12,W-00084,1,A,0,4,diag
base,qwen3.5-9b,direct,s12,W-00085,0,C,1,3,contract_gate
base,qwen3.5-9b,direct,s12,W-00087,0,A,0,4,diag
base,qwen3.5-9b,direct,s12,W-00088,0,C,1,3,capacity
base,qwen3.5-9b,direct,s12,W-00089,0,A,0,4,temporal
base,qwen3.5-9b,direct,s12,W-00090,0,D,0,5,purchase
base,qwen3.5-9b,direct,s12,W-00091,0,A,0,4,diag
base,qwen3.5-9b,direct,s12,W-00092,0,B,0,3,lookup
base,qwen3.5-9b,direct,s12,W-00093,0,C,0,4,contract_gate
base,qwen3.5-9b,direct,s12,W-00094,0,C,1,2,capacity
base,qwen3.5-9b,direct,s12,W-00095,1,A,0,3,lookup
base,qwen3.5-9b,direct,s12,W-00096,0,A,0,4,diag
base,qwen3.5-9b,direct,s12,W-00097,0,D,0,5,purchase
base,qwen3.5-9b,direct,s12,W-00098,0,C,1,2,whatif
base,qwen3.5-9b,direct,s12,W-00099,1,A,0,3,precedence
base,qwen3.5-9b,direct,s12,W-00100,0,B,0,5,alloc
base,qwen3.5-9b,direct,s12,W-00102,0,A,0,2,lookup
base,qwen3.5-9b,direct,s12,W-00103,0,C,1,5,whatif
base,qwen3.5-9b,direct,s12,W-00104,0,A,0,5,plan
base,qwen3.5-9b,direct,s12,W-00105,0,B,0,3,capacity
base,qwen3.5-9b,direct,s12,W-00106,0,C,0,4,contract_gate
base,qwen3.5-9b,direct,s12,W-00107,0,C,1,2,capacity
base,qwen3.5-9b,direct,s12,W-00108,0,B,0,3,lookup
base,qwen3.5-9b,direct,s12,W-00109,0,A,0,4,plan
base,qwen3.5-9b,direct,s12,W-00110,0,A,0,4,temporal
base,qwen3.5-9b,direct,s12,W-00111,0,A,0,4,precedence
base,qwen3.5-9b,direct,s12,W-00112,0,C,1,5,alloc
base,qwen3.5-9b,direct,s12,W-00113,0,B,0,3,budget
base,qwen3.5-9b,direct,s12,W-00114,0,A,0,2,conflict
base,qwen3.5-9b,direct,s12,W-00116,0,C,1,3,budget
base,qwen3.5-9b,direct,s12,W-00117,1,A,0,4,diag
base,qwen3.5-9b,direct,s12,W-00118,0,B,0,3,lookup
base,qwen3.5-9b,direct,s12,W-00119,0,A,0,2,conflict
base,qwen3.5-9b,direct,s12,W-00120,0,D,0,5,purchase
base,qwen3.5-9b,direct,s12,W-00121,0,B,0,2,conflict
base,qwen3.5-9b,direct,s12,W-00122,0,A,0,4,plan
base,qwen3.5-9b,direct,s12,W-00123,0,C,1,5,alloc
base,qwen3.5-9b,direct,s12,W-00124,1,A,0,4,precedence
base,qwen3.5-9b,direct,s12,W-00125,0,C,1,3,capacity
base,qwen3.5-9b,direct,s12,W-00126,0,D,0,3,whatif
base,qwen3.5-9b,direct,s12,W-00127,1,A,0,2,lookup
base,qwen3.5-9b,direct,s12,W-00128,0,B,0,3,lookup
base,qwen3.5-9b,direct,s12,W-00129,0,C,1,5,alloc
base,qwen3.5-9b,direct,s12,W-00130,0,A,0,4,purchase
base,qwen3.5-9b,direct,s12,W-00131,0,A,0,4,plan
base,qwen3.5-9b,direct,s12,W-00132,0,D,0,3,capacity
base,qwen3.5-9b,direct,s12,W-00133,0,B,0,5,whatif
base,qwen3.5-9b,direct,s12,W-00134,0,C,1,2,sourcing
base,qwen3.5-9b,direct,s12,W-00135,1,A,0,3,diag
base,qwen3.5-9b,direct,s12,W-00136,1,A,0,4,diag
base,qwen3.5-9b,direct,s12,W-00137,0,D,0,5,temporal
base,qwen3.5-9b,direct,s12,W-00138,0,C,1,2,budget
base,qwen3.5-9b,direct,s12,W-00139,1,A,0,3,lookup
base,qwen3.5-9b,direct,s12,W-00141,0,A,0,2,lookup
base,qwen3.5-9b,direct,s12,W-00142,0,C,1,4,contract_gate
base,qwen3.5-9b,direct,s12,W-00144,0,A,0,4,diag
base,qwen3.5-9b,direct,s12,W-00145,1,D,0,3,precedence
base,qwen3.5-9b,direct,s12,W-00146,0,A,0,4,diag
base,qwen3.5-9b,direct,s12,W-00147,0,C,1,2,sourcing
base,qwen3.5-9b,direct,s12,W-00148,0,B,0,3,lookup
base,qwen3.5-9b,direct,s12,W-00149,0,A,0,4,diag
base,qwen3.5-9b,direct,s12,W-00150,0,D,0,4,whatif
base,qwen3.5-9b,direct,s13,W-00002,0,C,1,2,budget
base,qwen3.5-9b,direct,s13,W-00003,0,D,0,5,alloc
base,qwen3.5-9b,direct,s13,W-00005,0,C,1,2,budget
base,qwen3.5-9b,direct,s13,W-00006,0,D,0,3,budget
base,qwen3.5-9b,direct,s13,W-00007,1,A,0,4,diag
base,qwen3.5-9b,direct,s13,W-00008,0,A,0,5,diag
base,qwen3.5-9b,direct,s13,W-00009,0,D,1,4,alloc
base,qwen3.5-9b,direct,s13,W-00010,1,A,0,2,lookup
base,qwen3.5-9b,direct,s13,W-00011,0,A,0,3,vendor
base,qwen3.5-9b,direct,s13,W-00012,0,A,0,3,precedence
base,qwen3.5-9b,direct,s13,W-00013,0,C,1,5,temporal
base,qwen3.5-9b,direct,s13,W-00014,0,B,0,3,budget
base,qwen3.5-9b,direct,s13,W-00015,0,B,0,4,precedence
base,qwen3.5-9b,direct,s13,W-00016,0,A,0,2,budget
base,qwen3.5-9b,direct,s13,W-00017,0,A,0,3,lookup
base,qwen3.5-9b,direct,s13,W-00018,0,C,1,4,alloc
base,qwen3.5-9b,direct,s13,W-00019,0,C,1,4,contract_gate
base,qwen3.5-9b,direct,s13,W-00020,1,A,0,4,diag
base,qwen3.5-9b,direct,s13,W-00021,0,C,1,4,vendor
base,qwen3.5-9b,direct,s13,W-00022,0,A,0,3,diag
base,qwen3.5-9b,direct,s13,W-00023,0,B,0,3,capacity
base,qwen3.5-9b,direct,s13,W-00024,1,A,0,4,temporal
base,qwen3.5-9b,direct,s13,W-00025,0,B,0,2,conflict
base,qwen3.5-9b,direct,s13,W-00026,0,B,0,3,budget
base,qwen3.5-9b,direct,s13,W-00027,0,D,0,2,capacity
base,qwen3.5-9b,direct,s13,W-00028,0,A,0,4,plan
base,qwen3.5-9b,direct,s13,W-00029,0,B,0,3,lookup
base,qwen3.5-9b,direct,s13,W-00030,1,A,0,2,conflict
base,qwen3.5-9b,direct,s13,W-00031,1,A,0,3,plan
base,qwen3.5-9b,direct,s13,W-00032,0,A,0,4,plan
base,qwen3.5-9b,direct,s13,W-00033,0,D,1,5,alloc
base,qwen3.5-9b,direct,s13,W-00034,0,B,0,2,whatif
base,qwen3.5-9b,direct,s13,W-00036,0,C,1,5,alloc
base,qwen3.5-9b,direct,s13,W-00037,1,A,0,4,diag
base,qwen3.5-9b,direct,s13,W-00038,0,D,0,4,precedence
base,qwen3.5-9b,direct,s13,W-00039,0,A,0,3,precedence
base,qwen3.5-9b,direct,s13,W-00040,0,D,0,2,capacity
base,qwen3.5-9b,direct,s13,W-00041,0,B,0,2,conflict
base,qwen3.5-9b,direct,s13,W-00042,0,A,0,3,plan
base,qwen3.5-9b,direct,s13,W-00043,0,C,1,4,vendor
base,qwen3.5-9b,direct,s13,W-00044,1,A,0,4,purchase
base,qwen3.5-9b,direct,s13,W-00045,0,C,1,3,contract_gate
base,qwen3.5-9b,direct,s13,W-00046,0,B,0,5,plan
base,qwen3.5-9b,direct,s13,W-00047,0,C,1,5,purchase
base,qwen3.5-9b,direct,s13,W-00048,1,A,0,2,lookup
base,qwen3.5-9b,direct,s13,W-00049,0,B,0,3,lookup
base,qwen3.5-9b,direct,s13,W-00050,0,A,0,4,precedence
base,qwen3.5-9b,direct,s13,W-00051,0,D,0,4,plan
base,qwen3.5-9b,direct,s13,W-00052,1,A,0,4,diag
base,qwen3.5-9b,direct,s13,W-00053,1,B,0,3,lookup
base,qwen3.5-9b,direct,s13,W-00055,0,D,0,3,capacity
base,qwen3.5-9b,direct,s13,W-00056,0,A,0,2,lookup
base,qwen3.5-9b,direct,s13,W-00057,0,A,0,4,plan
base,qwen3.5-9b,direct,s13,W-00058,0,C,1,3,contract_gate
base,qwen3.5-9b,direct,s13,W-00059,0,A,0,5,diag
base,qwen3.5-9b,direct,s13,W-00061,0,C,0,4,contract_gate
base,qwen3.5-9b,direct,s13,W-00062,0,A,0,4,diag
base,qwen3.5-9b,direct,s13,W-00063,0,C,1,3,contract_gate
base,qwen3.5-9b,direct,s13,W-00064,1,A,0,2,capacity
base,qwen3.5-9b,direct,s13,W-00065,0,C,0,5,alloc
base,qwen3.5-9b,direct,s13,W-00066,0,B,0,3,lookup
base,qwen3.5-9b,direct,s13,W-00068,1,A,0,4,diag
base,qwen3.5-9b,direct,s13,W-00069,0,A,0,4,whatif
base,qwen3.5-9b,direct,s13,W-00070,0,B,0,3,contract_gate
base,qwen3.5-9b,direct,s13,W-00071,0,A,0,5,renewal
base,qwen3.5-9b,direct,s13,W-00072,0,C,1,2,budget
base,qwen3.5-9b,direct,s13,W-00073,0,B,0,4,vendor
base,qwen3.5-9b,direct,s13,W-00074,0,A,0,5,plan
base,qwen3.5-9b,direct,s13,W-00075,0,C,0,4,contract_gate
base,qwen3.5-9b,direct,s13,W-00076,0,D,1,5,alloc
base,qwen3.5-9b,direct,s13,W-00077,0,D,0,3,capacity
base,qwen3.5-9b,direct,s13,W-00078,0,B,0,3,budget
base,qwen3.5-9b,direct,s13,W-00079,1,A,0,5,diag
base,qwen3.5-9b,direct,s13,W-00080,1,A,0,3,lookup
base,qwen3.5-9b,direct,s13,W-00081,0,C,1,4,purchase
base,qwen3.5-9b,direct,s13,W-00082,0,A,0,2,budget
base,qwen3.5-9b,direct,s13,W-00084,0,A,0,3,diag
base,qwen3.5-9b,direct,s13,W-00085,0,C,1,4,alloc
base,qwen3.5-9b,direct,s13,W-00086,0,D,0,2,budget
base,qwen3.5-9b,direct,s13,W-00087,0,D,0,4,whatif
base,qwen3.5-9b,direct,s13,W-00088,1,A,0,3,lookup
base,qwen3.5-9b,direct,s13,W-00089,0,C,1,3,budget
base,qwen3.5-9b,direct,s13,W-00090,0,A,0,2,conflict
base,qwen3.5-9b,direct,s13,W-00091,0,B,0,2,conflict
base,qwen3.5-9b,direct,s13,W-00094,0,C,1,4,contract_gate
base,qwen3.5-9b,direct,s13,W-00095,0,D,0,3,sourcing
base,qwen3.5-9b,direct,s13,W-00096,1,A,0,5,purchase
base,qwen3.5-9b,direct,s13,W-00097,1,A,0,5,renewal
base,qwen3.5-9b,direct,s13,W-00098,0,C,1,2,budget
base,qwen3.5-9b,direct,s13,W-00099,0,A,0,3,lookup
base,qwen3.5-9b,direct,s13,W-00100,0,B,0,4,plan
base,qwen3.5-9b,direct,s13,W-00101,0,A,0,4,vendor
base,qwen3.5-9b,direct,s13,W-00103,0,A,0,3,vendor
base,qwen3.5-9b,direct,s13,W-00104,0,C,1,2,whatif
base,qwen3.5-9b,direct,s13,W-00105,0,D,0,2,budget
base,qwen3.5-9b,direct,s13,W-00106,1,A,0,4,temporal
base,qwen3.5-9b,direct,s13,W-00107,0,C,1,4,contract_gate
base,qwen3.5-9b,direct,s13,W-00108,0,B,0,2,conflict
base,qwen3.5-9b,direct,s13,W-00109,0,A,0,3,lookup
base,qwen3.5-9b,direct,s13,W-00110,0,B,0,4,diag
base,qwen3.5-9b,direct,s13,W-00111,1,A,0,4,contract_gate
base,qwen3.5-9b,direct,s13,W-00113,0,D,0,3,capacity
base,qwen3.5-9b,direct,s13,W-00114,0,A,0,4,plan
base,qwen3.5-9b,direct,s13,W-00115,0,D,0,4,diag
base,qwen3.5-9b,direct,s13,W-00116,0,C,1,3,budget
base,qwen3.5-9b,direct,s13,W-00117,0,A,0,2,conflict
base,qwen3.5-9b,direct,s13,W-00118,0,B,0,2,lookup
base,qwen3.5-9b,direct,s13,W-00119,0,A,0,3,lookup
base,qwen3.5-9b,direct,s13,W-00120,0,D,0,4,sourcing
base,qwen3.5-9b,direct,s13,W-00121,0,D,1,4,vendor
base,qwen3.5-9b,direct,s13,W-00122,0,A,0,3,plan
base,qwen3.5-9b,direct,s13,W-00123,0,B,0,2,conflict
base,qwen3.5-9b,direct,s13,W-00124,1,A,0,5,diag
base,qwen3.5-9b,direct,s13,W-00126,0,D,0,3,whatif
base,qwen3.5-9b,direct,s13,W-00127,0,A,0,4,diag
base,qwen3.5-9b,direct,s13,W-00128,0,B,0,3,lookup
base,qwen3.5-9b,direct,s13,W-00129,0,C,1,4,purchase
base,qwen3.5-9b,direct,s13,W-00130,1,A,0,2,temporal
base,qwen3.5-9b,direct,s13,W-00131,1,B,0,3,plan
base,qwen3.5-9b,direct,s13,W-00132,1,A,0,4,purchase
base,qwen3.5-9b,direct,s13,W-00133,0,D,0,2,capacity
base,qwen3.5-9b,direct,s13,W-00134,0,C,1,5,purchase
base,qwen3.5-9b,direct,s13,W-00135,1,A,0,3,lookup
base,qwen3.5-9b,direct,s13,W-00136,1,A,0,4,purchase
base,qwen3.5-9b,direct,s13,W-00137,0,D,0,5,temporal
base,qwen3.5-9b,direct,s13,W-00138,0,C,1,2,sourcing
base,qwen3.5-9b,direct,s13,W-00139,0,B,0,4,renewal
base,qwen3.5-9b,direct,s13,W-00140,0,A,0,3,lookup
base,qwen3.5-9b,direct,s13,W-00141,0,B,0,4,plan
base,qwen3.5-9b,direct,s13,W-00142,0,A,0,3,plan
base,qwen3.5-9b,direct,s13,W-00143,0,C,1,5,purchase
base,qwen3.5-9b,direct,s13,W-00144,0,D,0,2,budget
base,qwen3.5-9b,direct,s13,W-00145,1,A,0,3,capacity
base,qwen3.5-9b,direct,s13,W-00146,0,A,0,4,contract_gate
base,qwen3.5-9b,direct,s13,W-00147,0,C,1,5,purchase
base,qwen3.5-9b,direct,s13,W-00148,0,B,0,3,lookup
base,qwen3.5-9b,direct,s13,W-00149,0,A,0,2,conflict
base,qwen3.5-9b,direct,s13,W-00150,0,C,0,4,contract_gate
base,qwen3.5-9b,direct,s14,W-00002,0,C,1,3,capacity
base,qwen3.5-9b,direct,s14,W-00003,0,A,0,4,precedence
base,qwen3.5-9b,direct,s14,W-00004,0,A,0,2,conflict
base,qwen3.5-9b,direct,s14,W-00006,1,A,0,4,plan
base,qwen3.5-9b,direct,s14,W-00007,1,A,0,3,precedence
base,qwen3.5-9b,direct,s14,W-00008,0,B,0,5,purchase
base,qwen3.5-9b,direct,s14,W-00009,0,C,1,2,budget
base,qwen3.5-9b,direct,s14,W-00010,0,D,0,3,budget
base,qwen3.5-9b,direct,s14,W-00011,1,A,0,3,plan
base,qwen3.5-9b,direct,s14,W-00012,1,B,0,4,whatif
base,qwen3.5-9b,direct,s14,W-00013,1,A,0,5,temporal
base,qwen3.5-9b,direct,s14,W-00014,0,D,1,5,purchase
base,qwen3.5-9b,direct,s14,W-00015,0,B,0,2,budget
base,qwen3.5-9b,direct,s14,W-00016,0,A,0,4,whatif
base,qwen3.5-9b,direct,s14,W-00017,0,B,0,2,conflict
base,qwen3.5-9b,direct,s14,W-00018,0,C,1,4,contract_gate
base,qwen3.5-9b,direct,s14,W-00019,1,A,0,3,lookup
base,qwen3.5-9b,direct,s14,W-00020,1,A,0,4,renewal
base,qwen3.5-9b,direct,s14,W-00021,0,A,0,4,plan
base,qwen3.5-9b,direct,s14,W-00022,0,B,0,2,conflict
base,qwen3.5-9b,direct,s14,W-00023,0,C,1,5,alloc
base,qwen3.5-9b,direct,s14,W-00024,1,A,0,2,lookup
base,qwen3.5-9b,direct,s14,W-00025,0,C,0,5,alloc
base,qwen3.5-9b,direct,s14,W-00026,0,B,0,3,lookup
base,qwen3.5-9b,direct,s14,W-00027,0,C,1,3,contract_gate
base,qwen3.5-9b,direct,s14,W-00028,0,B,0,5,purchase
base,qwen3.5-9b,direct,s14,W-00029,0,A,0,2,capacity
base,qwen3.5-9b,direct,s14,W-00030,1,A,0,4,whatif
base,qwen3.5-9b,direct,s14,W-00031,0,A,0,4,plan
base,qwen3.5-9b,direct,s14,W-00032,0,C,1,3,capacity
base,qwen3.5-9b,direct,s14,W-00033,0,D,0,2,capacity
base,qwen3.5-9b,direct,s14,W-00034,0,D,0,3,contract_gate
base,qwen3.5-9b,direct,s14,W-00035,0,A,0,3,sourcing
base,qwen3.5-9b,direct,s14,W-00036,0,C,1,3,capacity
base,qwen3.5-9b,direct,s14,W-00037,1,A,0,3,lookup
base,qwen3.5-9b,direct,s14,W-00038,0,B,0,4,whatif
base,qwen3.5-9b,direct,s14,W-00039,0,B,0,4,vendor
base,qwen3.5-9b,direct,s14,W-00040,0,D,0,2,capacity
base,qwen3.5-9b,direct,s14,W-00041,0,C,1,3,purchase
base,qwen3.5-9b,direct,s14,W-00042,1,A,0,4,temporal
base,qwen3.5-9b,direct,s14,W-00043,1,A,0,3,diag
base,qwen3.5-9b,direct,s14,W-00044,1,B,0,5,purchase
base,qwen3.5-9b,direct,s14,W-00045,0,C,1,4,contract_gate
base,qwen3.5-9b,direct,s14,W-00046,1,A,0,3,lookup
base,qwen3.5-9b,direct,s14,W-00047,1,A,0,4,renewal
base,qwen3.5-9b,direct,s14,W-00048,0,B,0,5,plan
base,qwen3.5-9b,direct,s14,W-00049,0,C,1,5,alloc
base,qwen3.5-9b,direct,s14,W-00050,0,A,0,2,conflict
base,qwen3.5-9b,direct,s14,W-00051,0,C,1,3,contract_gate
base,qwen3.5-9b,direct,s14,W-00052,0,A,0,3,diag
base,qwen3.5-9b,direct,s14,W-00053,0,B,0,4,alloc
base,qwen3.5-9b,direct,s14,W-00054,0,A,0,5,whatif
base,qwen3.5-9b,direct,s14,W-00055,0,D,0,3,capacity
base,qwen3.5-9b,direct,s14,W-00056,1,A,0,2,lookup
base,qwen3.5-9b,direct,s14,W-00057,0,D,0,2,capacity
base,qwen3.5-9b,direct,s14,W-00058,0,C,1,5,alloc
base,qwen3.5-9b,direct,s14,W-00059,0,A,0,4,contract_gate
base,qwen3.5-9b,direct,s14,W-00060,0,B,0,4,purchase
base,qwen3.5-9b,direct,s14,W-00061,0,B,0,2,conflict
base,qwen3.5-9b,direct,s14,W-00062,0,A,0,3,plan
base,qwen3.5-9b,direct,s14,W-00063,0,A,0,4,plan
base,qwen3.5-9b,direct,s14,W-00064,0,D,1,4,sourcing
base,qwen3.5-9b,direct,s14,W-00065,0,D,0,2,budget
base,qwen3.5-9b,direct,s14,W-00066,0,D,0,3,capacity
base,qwen3.5-9b,direct,s14,W-00067,0,D,1,4,sourcing
base,qwen3.5-9b,direct,s14,W-00068,1,A,0,2,lookup
base,qwen3.5-9b,direct,s14,W-00069,0,A,0,3,conflict
base,qwen3.5-9b,direct,s14,W-00070,0,B,0,3,contract_gate
base,qwen3.5-9b,direct,s14,W-00071,0,A,0,2,lookup
base,qwen3.5-9b,direct,s14,W-00072,0,A,0,3,vendor
base,qwen3.5-9b,direct,s14,W-00073,0,C,1,4,purchase
base,qwen3.5-9b,direct,s14,W-00074,0,B,0,4,precedence
base,qwen3.5-9b,direct,s14,W-00075,0,D,0,3,capacity
base,qwen3.5-9b,direct,s14,W-00076,0,C,1,4,purchase
base,qwen3.5-9b,direct,s14,W-00077,0,C,0,5,alloc
base,qwen3.5-9b,direct,s14,W-00078,0,A,0,2,whatif
base,qwen3.5-9b,direct,s14,W-00079,0,D,0,3,capacity
base,qwen3.5-9b,direct,s14,W-00080,1,A,0,4,temporal
base,qwen3.5-9b,direct,s14,W-00081,0,B,0,4,plan
base,qwen3.5-9b,direct,s14,W-00082,0,C,1,3,sourcing
base,qwen3.5-9b,direct,s14,W-00083,0,A,0,2,conflict
base,qwen3.5-9b,direct,s14,W-00084,0,A,0,5,purchase
base,qwen3.5-9b,direct,s14,W-00085,0,C,1,5,alloc
base,qwen3.5-9b,direct,s14,W-00086,0,B,0,3,lookup
base,qwen3.5-9b,direct,s14,W-00087,0,A,0,4,plan
base,qwen3.5-9b,direct,s14,W-00088,0,B,0,3,lookup
base,qwen3.5-9b,direct,s14,W-00089,0,C,1,2,capacity
base,qwen3.5-9b,direct,s14,W-00090,0,A,0,4,contract_gate
base,qwen3.5-9b,direct,s14,W-00091,0,A,0,4,plan
base,qwen3.5-9b,direct,s14,W-00092,0,D,0,3,vendor
base,qwen3.5-9b,direct,s14,W-00093,0,C,0,2,temporal
base,qwen3.5-9b,direct,s14,W-00094,0,C,1,5,alloc
base,qwen3.5-9b,direct,s14,W-00095,1,A,0,3,lookup
base,qwen3.5-9b,direct,s14,W-00096,0,B,0,4,plan
base,qwen3.5-9b,direct,s14,W-00097,0,A,0,2,budget
base,qwen3.5-9b,direct,s14,W-00098,0,C,1,4,contract_gate
base,qwen3.5-9b,direct,s14,W-00099,0,A,0,3,plan
base,qwen3.5-9b,direct,s14,W-00100,0,B,0,5,purchase
base,qwen3.5-9b,direct,s14,W-00101,1,C,1,5,purchase
base,qwen3.5-9b,direct,s14,W-00102,0,A,0,4,plan
base,qwen3.5-9b,direct,s14,W-00103,0,B,0,3,lookup
base,qwen3.5-9b,direct,s14,W-00104,0,A,0,2,conflict
base,qwen3.5-9b,direct,s14,W-00105,0,C,1,3,contract_gate
base,qwen3.5-9b,direct,s14,W-00106,1,A,0,4,renewal
base,qwen3.5-9b,direct,s14,W-00107,0,D,0,5,alloc
base,qwen3.5-9b,direct,s14,W-00108,0,B,0,3,lookup
base,qwen3.5-9b,direct,s14,W-00109,1,A,0,2,capacity
base,qwen3.5-9b,direct,s14,W-00110,0,D,0,4,sourcing
base,qwen3.5-9b,direct,s14,W-00111,1,A,0,5,temporal
base,qwen3.5-9b,direct,s14,W-00112,0,D,1,3,capacity
base,qwen3.5-9b,direct,s14,W-00113,0,B,0,4,contract_gate
base,qwen3.5-9b,direct,s14,W-00114,0,A,0,2,budget
base,qwen3.5-9b,direct,s14,W-00115,0,C,0,5,alloc
base,qwen3.5-9b,direct,s14,W-00116,0,C,1,3,capacity
base,qwen3.5-9b,direct,s14,W-00117,0,A,0,4,temporal
base,qwen3.5-9b,direct,s14,W-00118,0,B,0,3,lookup
base,qwen3.5-9b,direct,s14,W-00119,0,C,0,2,budget
base,qwen3.5-9b,direct,s14,W-00120,0,A,0,4,diag
base,qwen3.5-9b,direct,s14,W-00121,0,A,0,3,plan
base,qwen3.5-9b,direct,s14,W-00122,0,C,1,2,vendor
base,qwen3.5-9b,direct,s14,W-00123,0,B,0,5,plan
base,qwen3.5-9b,direct,s14,W-00124,0,A,0,4,whatif
base,qwen3.5-9b,direct,s14,W-00125,0,C,1,5,alloc
base,qwen3.5-9b,direct,s14,W-00126,0,D,0,4,purchase
base,qwen3.5-9b,direct,s14,W-00127,1,A,0,3,lookup
base,qwen3.5-9b,direct,s14,W-00128,0,B,0,3,lookup
base,qwen3.5-9b,direct,s14,W-00129,1,C,1,4,purchase
base,qwen3.5-9b,direct,s14,W-00131,0,A,0,3,plan
base,qwen3.5-9b,direct,s14,W-00132,0,D,0,4,sourcing
base,qwen3.5-9b,direct,s14,W-00133,0,B,0,2,capacity
base,qwen3.5-9b,direct,s14,W-00134,0,C,1,4,purchase
base,qwen3.5-9b,direct,s14,W-00135,0,A,0,3,lookup
base,qwen3.5-9b,direct,s14,W-00136,0,A,0,5,diag
base,qwen3.5-9b,direct,s14,W-00137,0,D,0,5,purchase
base,qwen3.5-9b,direct,s14,W-00138,0,C,1,4,contract_gate
base,qwen3.5-9b,direct,s14,W-00139,0,B,0,2,budget
base,qwen3.5-9b,direct,s14,W-00140,1,A,0,3,lookup
base,qwen3.5-9b,direct,s14,W-00141,0,D,0,3,vendor
base,qwen3.5-9b,direct,s14,W-00142,1,A,0,4,precedence
base,qwen3.5-9b,direct,s14,W-00143,0,C,1,2,whatif
base,qwen3.5-9b,direct,s14,W-00144,1,A,0,5,diag
base,qwen3.5-9b,direct,s14,W-00145,0,B,0,3,lookup
base,qwen3.5-9b,direct,s14,W-00146,0,D,0,4,contract_gate
base,qwen3.5-9b,direct,s14,W-00147,0,C,1,5,alloc
base,qwen3.5-9b,direct,s14,W-00148,0,B,0,5,plan
base,qwen3.5-9b,direct,s14,W-00149,0,A,0,5,plan
base,qwen3.5-9b,direct,s14,W-00150,0,A,0,3,temporal
base,qwen3.5-9b,routing,s12,W-00001,0,C,1,3,capacity
base,qwen3.5-9b,routing,s12,W-00003,1,A,0,4,plan
base,qwen3.5-9b,routing,s12,W-00004,1,A,0,4,temporal
base,qwen3.5-9b,routing,s12,W-00005,0,D,1,4,alloc
base,qwen3.5-9b,routing,s12,W-00006,1,B,0,3,budget
base,qwen3.5-9b,routing,s12,W-00007,0,A,0,2,budget
base,qwen3.5-9b,routing,s12,W-00008,1,C,1,2,sourcing
base,qwen3.5-9b,routing,s12,W-00009,0,B,0,2,conflict
base,qwen3.5-9b,routing,s12,W-00010,0,C,1,3,budget
base,qwen3.5-9b,routing,s12,W-00011,0,A,0,4,plan
base,qwen3.5-9b,routing,s12,W-00012,0,B,0,4,vendor
base,qwen3.5-9b,routing,s12,W-00013,0,A,0,5,diag
base,qwen3.5-9b,routing,s12,W-00014,1,A,0,3,diag
base,qwen3.5-9b,routing,s12,W-00015,1,A,0,3,lookup
base,qwen3.5-9b,routing,s12,W-00016,0,C,0,2,budget
base,qwen3.5-9b,routing,s12,W-00017,0,B,0,4,contract_gate
base,qwen3.5-9b,routing,s12,W-00018,0,C,1,5,alloc
base,qwen3.5-9b,routing,s12,W-00019,0,A,0,3,precedence
base,qwen3.5-9b,routing,s12,W-00020,1,A,0,4,precedence
base,qwen3.5-9b,routing,s12,W-00022,0,A,0,3,precedence
base,qwen3.5-9b,routing,s12,W-00023,0,D,1,5,alloc
base,qwen3.5-9b,routing,s12,W-00024,0,A,0,2,conflict
base,qwen3.5-9b,routing,s12,W-00025,0,B,0,4,temporal
base,qwen3.5-9b,routing,s12,W-00026,0,C,1,3,temporal
base,qwen3.5-9b,routing,s12,W-00027,1,C,1,4,renewal
base,qwen3.5-9b,routing,s12,W-00028,0,B,0,5,purchase
base,qwen3.5-9b,routing,s12,W-00029,1,A,0,2,capacity
base,qwen3.5-9b,routing,s12,W-00030,0,A,0,4,plan
base,qwen3.5-9b,routing,s12,W-00031,0,C,1,3,vendor
base,qwen3.5-9b,routing,s12,W-00032,0,A,0,3,plan
base,qwen3.5-9b,routing,s12,W-00033,0,B,0,2,conflict
base,qwen3.5-9b,routing,s12,W-00034,0,A,0,4,contract_gate
base,qwen3.5-9b,routing,s12,W-00035,0,D,1,4,sourcing
base,qwen3.5-9b,routing,s12,W-00036,0,D,0,3,capacity
base,qwen3.5-9b,routing,s12,W-00037,1,A,0,2,lookup
base,qwen3.5-9b,routing,s12,W-00038,0,C,1,5,purchase
base,qwen3.5-9b,routing,s12,W-00039,0,A,0,5,diag
base,qwen3.5-9b,routing,s12,W-00040,0,B,0,3,lookup
base,qwen3.5-9b,routing,s12,W-00041,0,D,0,5,diag
base,qwen3.5-9b,routing,s12,W-00042,1,A,0,4,whatif
base,qwen3.5-9b,routing,s12,W-00043,0,C,1,2,sourcing
base,qwen3.5-9b,routing,s12,W-00044,1,A,0,3,precedence
base,qwen3.5-9b,routing,s12,W-00045,0,B,0,3,lookup
base,qwen3.5-9b,routing,s12,W-00046,0,D,0,4,contract_gate
base,qwen3.5-9b,routing,s12,W-00047,1,A,0,5,diag
base,qwen3.5-9b,routing,s12,W-00048,0,B,0,5,purchase
base,qwen3.5-9b,routing,s12,W-00049,0,A,0,3,capacity
base,qwen3.5-9b,routing,s12,W-00050,1,C,1,4,purchase
base,qwen3.5-9b,routing,s12,W-00051,1,A,0,3,plan
base,qwen3.5-9b,routing,s12,W-00052,0,D,1,5,alloc
base,qwen3.5-9b,routing,s12,W-00053,0,D,0,4,contract_gate
base,qwen3.5-9b,routing,s12,W-00054,1,A,0,2,conflict
base,qwen3.5-9b,routing,s12,W-00055,0,B,0,3,lookup
base,qwen3.5-9b,routing,s12,W-00056,0,C,1,2,capacity
base,qwen3.5-9b,routing,s12,W-00057,0,A,0,5,vendor
base,qwen3.5-9b,routing,s12,W-00058,0,B,0,4,whatif
base,qwen3.5-9b,routing,s12,W-00059,1,A,0,3,lookup
base,qwen3.5-9b,routing,s12,W-00060,0,D,0,2,budget
base,qwen3.5-9b,routing,s12,W-00061,0,C,1,4,contract_gate
base,qwen3.5-9b,routing,s12,W-00062,0,A,0,3,plan
base,qwen3.5-9b,routing,s12,W-00063,0,B,0,2,sourcing
base,qwen3.5-9b,routing,s12,W-00064,1,A,0,4,plan
base,qwen3.5-9b,routing,s12,W-00065,0,D,0,3,lookup
base,qwen3.5-9b,routing,s12,W-00066,1,C,1,5,purchase
base,qwen3.5-9b,routing,s12,W-00067,0,A,0,4,diag
base,qwen3.5-9b,routing,s12,W-00068,0,B,0,4,purchase
base,qwen3.5-9b,routing,s12,W-00069,0,A,0,5,diag
base,qwen3.5-9b,routing,s12,W-00070,0,D,0,3,contract_gate
base,qwen3.5-9b,routing,s12,W-00071,0,A,0,3,vendor
base,qwen3.5-9b,routing,s12,W-00072,0,D,0,2,budget
base,qwen3.5-9b,routing,s12,W-00073,0,B,0,5,plan
base,qwen3.5-9b,routing,s12,W-00074,0,A,0,2,budget
base,qwen3.5-9b,routing,s12,W-00076,0,C,1,3,capacity
base,qwen3.5-9b,routing,s12,W-00077,1,A,0,2,lookup
base,qwen3.5-9b,routing,s12,W-00078,1,B,0,4,temporal
base,qwen3.5-9b,routing,s12,W-00079,1,A,0,3,diag
base,qwen3.5-9b,routing,s12,W-00080,0,D,0,5,purchase
base,qwen3.5-9b,routing,s12,W-00081,0,B,0,2,conflict
base,qwen3.5-9b,routing,s12,W-00082,0,B,0,2,lookup
base,qwen3.5-9b,routing,s12,W-00083,0,A,0,3,budget
base,qwen3.5-9b,routing,s12,W-00084,1,A,0,4,diag
base,qwen3.5-9b,routing,s12,W-00085,0,C,1,3,contract_gate
base,qwen3.5-9b,routing,s12,W-00087,1,A,0,4,diag
base,qwen3.5-9b,routing,s12,W-00088,0,C,1,3,capacity
base,qwen3.5-9b,routing,s12,W-00089,0,A,0,4,temporal
base,qwen3.5-9b,routing,s12,W-00090,0,D,0,5,purchase
base,qwen3.5-9b,routing,s12,W-00091,0,A,0,4,diag
base,qwen3.5-9b,routing,s12,W-00092,0,B,0,3,lookup
base,qwen3.5-9b,routing,s12,W-00093,0,C,0,4,contract_gate
base,qwen3.5-9b,routing,s12,W-00094,0,C,1,2,capacity
base,qwen3.5-9b,routing,s12,W-00095,1,A,0,3,lookup
base,qwen3.5-9b,routing,s12,W-00096,1,A,0,4,diag
base,qwen3.5-9b,routing,s12,W-00097,0,D,0,5,purchase
base,qwen3.5-9b,routing,s12,W-00098,0,C,1,2,whatif
base,qwen3.5-9b,routing,s12,W-00099,1,A,0,3,precedence
base,qwen3.5-9b,routing,s12,W-00100,0,B,0,5,alloc
base,qwen3.5-9b,routing,s12,W-00102,0,A,0,2,lookup
base,qwen3.5-9b,routing,s12,W-00103,0,C,1,5,whatif
base,qwen3.5-9b,routing,s12,W-00104,0,A,0,5,plan
base,qwen3.5-9b,routing,s12,W-00105,0,B,0,3,capacity
base,qwen3.5-9b,routing,s12,W-00106,0,C,0,4,contract_gate
base,qwen3.5-9b,routing,s12,W-00107,0,C,1,2,capacity
base,qwen3.5-9b,routing,s12,W-00108,0,B,0,3,lookup
base,qwen3.5-9b,routing,s12,W-00109,0,A,0,4,plan
base,qwen3.5-9b,routing,s12,W-00110,0,A,0,4,temporal
base,qwen3.5-9b,routing,s12,W-00111,0,A,0,4,precedence
base,qwen3.5-9b,routing,s12,W-00112,0,C,1,5,alloc
base,qwen3.5-9b,routing,s12,W-00113,0,B,0,3,budget
base,qwen3.5-9b,routing,s12,W-00114,0,A,0,2,conflict
base,qwen3.5-9b,routing,s12,W-00116,0,C,1,3,budget
base,qwen3.5-9b,routing,s12,W-00117,1,A,0,4,diag
base,qwen3.5-9b,routing,s12,W-00118,0,B,0,3,lookup
base,qwen3.5-9b,routing,s12,W-00119,1,A,0,2,conflict
base,qwen3.5-9b,routing,s12,W-00120,0,D,0,5,purchase
base,qwen3.5-9b,routing,s12,W-00121,0,B,0,2,conflict
base,qwen3.5-9b,routing,s12,W-00122,0,A,0,4,plan
base,qwen3.5-9b,routing,s12,W-00123,0,C,1,5,alloc
base,qwen3.5-9b,routing,s12,W-00124,1,A,0,4,precedence
base,qwen3.5-9b,routing,s12,W-00125,0,C,1,3,capacity
base,qwen3.5-9b,routing,s12,W-00126,0,D,0,3,whatif
base,qwen3.5-9b,routing,s12,W-00127,1,A,0,2,lookup
base,qwen3.5-9b,routing,s12,W-00128,0,B,0,3,lookup
base,qwen3.5-9b,routing,s12,W-00129,0,C,1,5,alloc
base,qwen3.5-9b,routing,s12,W-00130,0,A,0,4,purchase
base,qwen3.5-9b,routing,s12,W-00131,0,A,0,4,plan
base,qwen3.5-9b,routing,s12,W-00132,0,D,0,3,capacity
base,qwen3.5-9b,routing,s12,W-00133,0,B,0,5,whatif
base,qwen3.5-9b,routing,s12,W-00134,0,C,1,2,sourcing
base,qwen3.5-9b,routing,s12,W-00135,1,A,0,3,diag
base,qwen3.5-9b,routing,s12,W-00136,1,A,0,4,diag
base,qwen3.5-9b,routing,s12,W-00137,0,D,0,5,temporal
base,qwen3.5-9b,routing,s12,W-00138,0,C,1,2,budget
base,qwen3.5-9b,routing,s12,W-00139,1,A,0,3,lookup
base,qwen3.5-9b,routing,s12,W-00141,0,A,0,2,lookup
base,qwen3.5-9b,routing,s12,W-00142,0,C,1,4,contract_gate
base,qwen3.5-9b,routing,s12,W-00144,0,A,0,4,diag
base,qwen3.5-9b,routing,s12,W-00145,0,D,0,3,precedence
base,qwen3.5-9b,routing,s12,W-00146,0,A,0,4,diag
base,qwen3.5-9b,routing,s12,W-00147,0,C,1,2,sourcing
base,qwen3.5-9b,routing,s12,W-00148,0,B,0,3,lookup
base,qwen3.5-9b,routing,s12,W-00149,1,A,0,4,diag
base,qwen3.5-9b,routing,s12,W-00150,0,D,0,4,whatif
base,qwen3.5-9b,routing,s13,W-00002,0,C,1,2,budget
base,qwen3.5-9b,routing,s13,W-00003,0,D,0,5,alloc
base,qwen3.5-9b,routing,s13,W-00005,0,C,1,2,budget
base,qwen3.5-9b,routing,s13,W-00006,0,D,0,3,budget
base,qwen3.5-9b,routing,s13,W-00007,0,A,0,4,diag
base,qwen3.5-9b,routing,s13,W-00008,0,A,0,5,diag
base,qwen3.5-9b,routing,s13,W-00009,0,D,1,4,alloc
base,qwen3.5-9b,routing,s13,W-00010,1,A,0,2,lookup
base,qwen3.5-9b,routing,s13,W-00011,0,A,0,3,vendor
base,qwen3.5-9b,routing,s13,W-00012,0,A,0,3,precedence
base,qwen3.5-9b,routing,s13,W-00013,0,C,1,5,temporal
base,qwen3.5-9b,routing,s13,W-00014,0,B,0,3,budget
base,qwen3.5-9b,routing,s13,W-00015,0,B,0,4,precedence
base,qwen3.5-9b,routing,s13,W-00016,0,A,0,2,budget
base,qwen3.5-9b,routing,s13,W-00017,1,A,0,3,lookup
base,qwen3.5-9b,routing,s13,W-00018,0,C,1,4,alloc
base,qwen3.5-9b,routing,s13,W-00019,0,C,1,4,contract_gate
base,qwen3.5-9b,routing,s13,W-00020,0,A,0,4,diag
base,qwen3.5-9b,routing,s13,W-00021,0,C,1,4,vendor
base,qwen3.5-9b,routing,s13,W-00022,0,A,0,3,diag
base,qwen3.5-9b,routing,s13,W-00023,0,B,0,3,capacity
base,qwen3.5-9b,routing,s13,W-00024,1,A,0,4,temporal
base,qwen3.5-9b,routing,s13,W-00025,0,B,0,2,conflict
base,qwen3.5-9b,routing,s13,W-00026,0,B,0,3,budget
base,qwen3.5-9b,routing,s13,W-00027,0,D,0,2,capacity
base,qwen3.5-9b,routing,s13,W-00028,0,A,0,4,plan
base,qwen3.5-9b,routing,s13,W-00029,0,B,0,3,lookup
base,qwen3.5-9b,routing,s13,W-00030,0,A,0,2,conflict
base,qwen3.5-9b,routing,s13,W-00031,0,A,0,3,plan
base,qwen3.5-9b,routing,s13,W-00032,0,A,0,4,plan
base,qwen3.5-9b,routing,s13,W-00033,0,D,1,5,alloc
base,qwen3.5-9b,routing,s13,W-00034,0,B,0,2,whatif
base,qwen3.5-9b,routing,s13,W-00036,0,C,1,5,alloc
base,qwen3.5-9b,routing,s13,W-00037,1,A,0,4,diag
base,qwen3.5-9b,routing,s13,W-00038,0,D,0,4,precedence
base,qwen3.5-9b,routing,s13,W-00039,0,A,0,3,precedence
base,qwen3.5-9b,routing,s13,W-00040,0,D,0,2,capacity
base,qwen3.5-9b,routing,s13,W-00041,0,B,0,2,conflict
base,qwen3.5-9b,routing,s13,W-00042,0,A,0,3,plan
base,qwen3.5-9b,routing,s13,W-00043,0,C,1,4,vendor
base,qwen3.5-9b,routing,s13,W-00044,1,A,0,4,purchase
base,qwen3.5-9b,routing,s13,W-00045,0,C,1,3,contract_gate
base,qwen3.5-9b,routing,s13,W-00046,0,B,0,5,plan
base,qwen3.5-9b,routing,s13,W-00047,0,C,1,5,purchase
base,qwen3.5-9b,routing,s13,W-00048,1,A,0,2,lookup
base,qwen3.5-9b,routing,s13,W-00049,0,B,0,3,lookup
base,qwen3.5-9b,routing,s13,W-00050,0,A,0,4,precedence
base,qwen3.5-9b,routing,s13,W-00051,0,D,0,4,plan
base,qwen3.5-9b,routing,s13,W-00052,1,A,0,4,diag
base,qwen3.5-9b,routing,s13,W-00053,1,B,0,3,lookup
base,qwen3.5-9b,routing,s13,W-00055,1,D,0,3,capacity
base,qwen3.5-9b,routing,s13,W-00056,0,A,0,2,lookup
base,qwen3.5-9b,routing,s13,W-00057,1,A,0,4,plan
base,qwen3.5-9b,routing,s13,W-00058,0,C,1,3,contract_gate
base,qwen3.5-9b,routing,s13,W-00059,0,A,0,5,diag
base,qwen3.5-9b,routing,s13,W-00061,0,C,0,4,contract_gate
base,qwen3.5-9b,routing,s13,W-00062,0,A,0,4,diag
base,qwen3.5-9b,routing,s13,W-00063,0,C,1,3,contract_gate
base,qwen3.5-9b,routing,s13,W-00064,1,A,0,2,capacity
base,qwen3.5-9b,routing,s13,W-00065,0,C,0,5,alloc
base,qwen3.5-9b,routing,s13,W-00066,0,B,0,3,lookup
base,qwen3.5-9b,routing,s13,W-00068,0,A,0,4,diag
base,qwen3.5-9b,routing,s13,W-00069,0,A,0,4,whatif
base,qwen3.5-9b,routing,s13,W-00070,0,B,0,3,contract_gate
base,qwen3.5-9b,routing,s13,W-00071,0,A,0,5,renewal
base,qwen3.5-9b,routing,s13,W-00072,0,C,1,2,budget
base,qwen3.5-9b,routing,s13,W-00073,0,B,0,4,vendor
base,qwen3.5-9b,routing,s13,W-00074,0,A,0,5,plan
base,qwen3.5-9b,routing,s13,W-00075,0,C,0,4,contract_gate
base,qwen3.5-9b,routing,s13,W-00076,0,D,1,5,alloc
base,qwen3.5-9b,routing,s13,W-00077,0,D,0,3,capacity
base,qwen3.5-9b,routing,s13,W-00078,0,B,0,3,budget
base,qwen3.5-9b,routing,s13,W-00079,0,A,0,5,diag
base,qwen3.5-9b,routing,s13,W-00080,1,A,0,3,lookup
base,qwen3.5-9b,routing,s13,W-00081,0,C,1,4,purchase
base,qwen3.5-9b,routing,s13,W-00082,1,A,0,2,budget
base,qwen3.5-9b,routing,s13,W-00084,1,A,0,3,diag
base,qwen3.5-9b,routing,s13,W-00085,0,C,1,4,alloc
base,qwen3.5-9b,routing,s13,W-00086,0,D,0,2,budget
base,qwen3.5-9b,routing,s13,W-00087,0,D,0,4,whatif
base,qwen3.5-9b,routing,s13,W-00088,1,A,0,3,lookup
base,qwen3.5-9b,routing,s13,W-00089,0,C,1,3,budget
base,qwen3.5-9b,routing,s13,W-00090,1,A,0,2,conflict
base,qwen3.5-9b,routing,s13,W-00091,0,B,0,2,conflict
base,qwen3.5-9b,routing,s13,W-00094,0,C,1,4,contract_gate
base,qwen3.5-9b,routing,s13,W-00095,0,D,0,3,sourcing
base,qwen3.5-9b,routing,s13,W-00096,1,A,0,5,purchase
base,qwen3.5-9b,routing,s13,W-00097,1,A,0,5,renewal
base,qwen3.5-9b,routing,s13,W-00098,0,C,1,2,budget
base,qwen3.5-9b,routing,s13,W-00099,0,A,0,3,lookup
base,qwen3.5-9b,routing,s13,W-00100,0,B,0,4,plan
base,qwen3.5-9b,routing,s13,W-00101,0,A,0,4,vendor
base,qwen3.5-9b,routing,s13,W-00103,0,A,0,3,vendor
base,qwen3.5-9b,routing,s13,W-00104,0,C,1,2,whatif
base,qwen3.5-9b,routing,s13,W-00105,0,D,0,2,budget
base,qwen3.5-9b,routing,s13,W-00106,1,A,0,4,temporal
base,qwen3.5-9b,routing,s13,W-00107,0,C,1,4,contract_gate
base,qwen3.5-9b,routing,s13,W-00108,0,B,0,2,conflict
base,qwen3.5-9b,routing,s13,W-00109,1,A,0,3,lookup
base,qwen3.5-9b,routing,s13,W-00110,0,B,0,4,diag
base,qwen3.5-9b,routing,s13,W-00111,0,A,0,4,contract_gate
base,qwen3.5-9b,routing,s13,W-00113,0,D,0,3,capacity
base,qwen3.5-9b,routing,s13,W-00114,0,A,0,4,plan
base,qwen3.5-9b,routing,s13,W-00115,1,D,0,4,diag
base,qwen3.5-9b,routing,s13,W-00116,0,C,1,3,budget
base,qwen3.5-9b,routing,s13,W-00117,0,A,0,2,conflict
base,qwen3.5-9b,routing,s13,W-00118,0,B,0,2,lookup
base,qwen3.5-9b,routing,s13,W-00119,1,A,0,3,lookup
base,qwen3.5-9b,routing,s13,W-00120,0,D,0,4,sourcing
base,qwen3.5-9b,routing,s13,W-00121,0,D,1,4,vendor
base,qwen3.5-9b,routing,s13,W-00122,0,A,0,3,plan
base,qwen3.5-9b,routing,s13,W-00123,0,B,0,2,conflict
base,qwen3.5-9b,routing,s13,W-00124,1,A,0,5,diag
base,qwen3.5-9b,routing,s13,W-00126,0,D,0,3,whatif
base,qwen3.5-9b,routing,s13,W-00127,1,A,0,4,diag
base,qwen3.5-9b,routing,s13,W-00128,0,B,0,3,lookup
base,qwen3.5-9b,routing,s13,W-00129,0,C,1,4,purchase
base,qwen3.5-9b,routing,s13,W-00130,1,A,0,2,temporal
base,qwen3.5-9b,routing,s13,W-00131,0,B,0,3,plan
base,qwen3.5-9b,routing,s13,W-00132,1,A,0,4,purchase
base,qwen3.5-9b,routing,s13,W-00133,0,D,0,2,capacity
base,qwen3.5-9b,routing,s13,W-00134,0,C,1,5,purchase
base,qwen3.5-9b,routing,s13,W-00135,1,A,0,3,lookup
base,qwen3.5-9b,routing,s13,W-00136,1,A,0,4,purchase
base,qwen3.5-9b,routing,s13,W-00137,0,D,0,5,temporal
base,qwen3.5-9b,routing,s13,W-00138,0,C,1,2,sourcing
base,qwen3.5-9b,routing,s13,W-00139,0,B,0,4,renewal
base,qwen3.5-9b,routing,s13,W-00140,1,A,0,3,lookup
base,qwen3.5-9b,routing,s13,W-00141,0,B,0,4,plan
base,qwen3.5-9b,routing,s13,W-00142,1,A,0,3,plan
base,qwen3.5-9b,routing,s13,W-00143,0,C,1,5,purchase
base,qwen3.5-9b,routing,s13,W-00144,0,D,0,2,budget
base,qwen3.5-9b,routing,s13,W-00145,0,A,0,3,capacity
base,qwen3.5-9b,routing,s13,W-00146,0,A,0,4,contract_gate
base,qwen3.5-9b,routing,s13,W-00147,0,C,1,5,purchase
base,qwen3.5-9b,routing,s13,W-00148,0,B,0,3,lookup
base,qwen3.5-9b,routing,s13,W-00149,0,A,0,2,conflict
base,qwen3.5-9b,routing,s13,W-00150,0,C,0,4,contract_gate
base,qwen3.5-9b,routing,s14,W-00002,0,C,1,3,capacity
base,qwen3.5-9b,routing,s14,W-00003,0,A,0,4,precedence
base,qwen3.5-9b,routing,s14,W-00004,0,A,0,2,conflict
base,qwen3.5-9b,routing,s14,W-00006,1,A,0,4,plan
base,qwen3.5-9b,routing,s14,W-00007,1,A,0,3,precedence
base,qwen3.5-9b,routing,s14,W-00008,0,B,0,5,purchase
base,qwen3.5-9b,routing,s14,W-00009,0,C,1,2,budget
base,qwen3.5-9b,routing,s14,W-00010,0,D,0,3,budget
base,qwen3.5-9b,routing,s14,W-00011,0,A,0,3,plan
base,qwen3.5-9b,routing,s14,W-00012,0,B,0,4,whatif
base,qwen3.5-9b,routing,s14,W-00013,1,A,0,5,temporal
base,qwen3.5-9b,routing,s14,W-00014,0,D,1,5,purchase
base,qwen3.5-9b,routing,s14,W-00015,0,B,0,2,budget
base,qwen3.5-9b,routing,s14,W-00016,1,A,0,4,whatif
base,qwen3.5-9b,routing,s14,W-00017,0,B,0,2,conflict
base,qwen3.5-9b,routing,s14,W-00018,0,C,1,4,contract_gate
base,qwen3.5-9b,routing,s14,W-00019,1,A,0,3,lookup
base,qwen3.5-9b,routing,s14,W-00020,0,A,0,4,renewal
base,qwen3.5-9b,routing,s14,W-00021,1,A,0,4,plan
base,qwen3.5-9b,routing,s14,W-00022,0,B,0,2,conflict
base,qwen3.5-9b,routing,s14,W-00023,0,C,1,5,alloc
base,qwen3.5-9b,routing,s14,W-00024,1,A,0,2,lookup
base,qwen3.5-9b,routing,s14,W-00025,0,C,0,5,alloc
base,qwen3.5-9b,routing,s14,W-00026,0,B,0,3,lookup
base,qwen3.5-9b,routing,s14,W-00027,0,C,1,3,contract_gate
base,qwen3.5-9b,routing,s14,W-00028,0,B,0,5,purchase
base,qwen3.5-9b,routing,s14,W-00029,0,A,0,2,capacity
base,qwen3.5-9b,routing,s14,W-00030,1,A,0,4,whatif
base,qwen3.5-9b,routing,s14,W-00031,0,A,0,4,plan
base,qwen3.5-9b,routing,s14,W-00032,0,C,1,3,capacity
base,qwen3.5-9b,routing,s14,W-00033,0,D,0,2,capacity
base,qwen3.5-9b,routing,s14,W-00034,0,D,0,3,contract_gate
base,qwen3.5-9b,routing,s14,W-00035,0,A,0,3,sourcing
base,qwen3.5-9b,routing,s14,W-00036,0,C,1,3,capacity
base,qwen3.5-9b,routing,s14,W-00037,1,A,0,3,lookup
base,qwen3.5-9b,routing,s14,W-00038,0,B,0,4,whatif
base,qwen3.5-9b,routing,s14,W-00039,0,B,0,4,vendor
base,qwen3.5-9b,routing,s14,W-00040,0,D,0,2,capacity
base,qwen3.5-9b,routing,s14,W-00041,0,C,1,3,purchase
base,qwen3.5-9b,routing,s14,W-00042,1,A,0,4,temporal
base,qwen3.5-9b,routing,s14,W-00043,0,A,0,3,diag
base,qwen3.5-9b,routing,s14,W-00044,0,B,0,5,purchase
base,qwen3.5-9b,routing,s14,W-00045,0,C,1,4,contract_gate
base,qwen3.5-9b,routing,s14,W-00046,1,A,0,3,lookup
base,qwen3.5-9b,routing,s14,W-00047,1,A,0,4,renewal
base,qwen3.5-9b,routing,s14,W-00048,1,B,0,5,plan
base,qwen3.5-9b,routing,s14,W-00049,0,C,1,5,alloc
base,qwen3.5-9b,routing,s14,W-00050,0,A,0,2,conflict
base,qwen3.5-9b,routing,s14,W-00051,0,C,1,3,contract_gate
base,qwen3.5-9b,routing,s14,W-00052,0,A,0,3,diag
base,qwen3.5-9b,routing,s14,W-00053,0,B,0,4,alloc
base,qwen3.5-9b,routing,s14,W-00054,0,A,0,5,whatif
base,qwen3.5-9b,routing,s14,W-00055,0,D,0,3,capacity
base,qwen3.5-9b,routing,s14,W-00056,1,A,0,2,lookup
base,qwen3.5-9b,routing,s14,W-00057,1,D,0,2,capacity
base,qwen3.5-9b,routing,s14,W-00058,0,C,1,5,alloc
base,qwen3.5-9b,routing,s14,W-00059,0,A,0,4,contract_gate
base,qwen3.5-9b,routing,s14,W-00060,0,B,0,4,purchase
base,qwen3.5-9b,routing,s14,W-00061,0,B,0,2,conflict
base,qwen3.5-9b,routing,s14,W-00062,0,A,0,3,plan
base,qwen3.5-9b,routing,s14,W-00063,0,A,0,4,plan
base,qwen3.5-9b,routing,s14,W-00064,0,D,1,4,sourcing
base,qwen3.5-9b,routing,s14,W-00065,0,D,0,2,budget
base,qwen3.5-9b,routing,s14,W-00066,0,D,0,3,capacity
base,qwen3.5-9b,routing,s14,W-00067,0,D,1,4,sourcing
base,qwen3.5-9b,routing,s14,W-00068,1,A,0,2,lookup
base,qwen3.5-9b,routing,s14,W-00069,1,A,0,3,conflict
base,qwen3.5-9b,routing,s14,W-00070,0,B,0,3,contract_gate
base,qwen3.5-9b,routing,s14,W-00071,0,A,0,2,lookup
base,qwen3.5-9b,routing,s14,W-00072,0,A,0,3,vendor
base,qwen3.5-9b,routing,s14,W-00073,1,C,1,4,purchase
base,qwen3.5-9b,routing,s14,W-00074,0,B,0,4,precedence
base,qwen3.5-9b,routing,s14,W-00075,0,D,0,3,capacity
base,qwen3.5-9b,routing,s14,W-00076,0,C,1,4,purchase
base,qwen3.5-9b,routing,s14,W-00077,0,C,0,5,alloc
base,qwen3.5-9b,routing,s14,W-00078,0,A,0,2,whatif
base,qwen3.5-9b,routing,s14,W-00079,0,D,0,3,capacity
base,qwen3.5-9b,routing,s14,W-00080,1,A,0,4,temporal
base,qwen3.5-9b,routing,s14,W-00081,0,B,0,4,plan
base,qwen3.5-9b,routing,s14,W-00082,0,C,1,3,sourcing
base,qwen3.5-9b,routing,s14,W-00083,0,A,0,2,conflict
base,qwen3.5-9b,routing,s14,W-00084,0,A,0,5,purchase
base,qwen3.5-9b,routing,s14,W-00085,0,C,1,5,alloc
base,qwen3.5-9b,routing,s14,W-00086,0,B,0,3,lookup
base,qwen3.5-9b,routing,s14,W-00087,0,A,0,4,plan
base,qwen3.5-9b,routing,s14,W-00088,0,B,0,3,lookup
base,qwen3.5-9b,routing,s14,W-00089,0,C,1,2,capacity
base,qwen3.5-9b,routing,s14,W-00090,0,A,0,4,contract_gate
base,qwen3.5-9b,routing,s14,W-00091,0,A,0,4,plan
base,qwen3.5-9b,routing,s14,W-00092,0,D,0,3,vendor
base,qwen3.5-9b,routing,s14,W-00093,0,C,0,2,temporal
base,qwen3.5-9b,routing,s14,W-00094,0,C,1,5,alloc
base,qwen3.5-9b,routing,s14,W-00095,1,A,0,3,lookup
base,qwen3.5-9b,routing,s14,W-00096,0,B,0,4,plan
base,qwen3.5-9b,routing,s14,W-00097,0,A,0,2,budget
base,qwen3.5-9b,routing,s14,W-00098,0,C,1,4,contract_gate
base,qwen3.5-9b,routing,s14,W-00099,1,A,0,3,plan
base,qwen3.5-9b,routing,s14,W-00100,0,B,0,5,purchase
base,qwen3.5-9b,routing,s14,W-00101,0,C,1,5,purchase
base,qwen3.5-9b,routing,s14,W-00102,0,A,0,4,plan
base,qwen3.5-9b,routing,s14,W-00103,0,B,0,3,lookup
base,qwen3.5-9b,routing,s14,W-00104,0,A,0,2,conflict
base,qwen3.5-9b,routing,s14,W-00105,0,C,1,3,contract_gate
base,qwen3.5-9b,routing,s14,W-00106,1,A,0,4,renewal
base,qwen3.5-9b,routing,s14,W-00107,0,D,0,5,alloc
base,qwen3.5-9b,routing,s14,W-00108,0,B,0,3,lookup
base,qwen3.5-9b,routing,s14,W-00109,1,A,0,2,capacity
base,qwen3.5-9b,routing,s14,W-00110,0,D,0,4,sourcing
base,qwen3.5-9b,routing,s14,W-00111,0,A,0,5,temporal
base,qwen3.5-9b,routing,s14,W-00112,0,D,1,3,capacity
base,qwen3.5-9b,routing,s14,W-00113,0,B,0,4,contract_gate
base,qwen3.5-9b,routing,s14,W-00114,1,A,0,2,budget
base,qwen3.5-9b,routing,s14,W-00115,0,C,0,5,alloc
base,qwen3.5-9b,routing,s14,W-00116,0,C,1,3,capacity
base,qwen3.5-9b,routing,s14,W-00117,0,A,0,4,temporal
base,qwen3.5-9b,routing,s14,W-00118,0,B,0,3,lookup
base,qwen3.5-9b,routing,s14,W-00119,0,C,0,2,budget
base,qwen3.5-9b,routing,s14,W-00120,0,A,0,4,diag
base,qwen3.5-9b,routing,s14,W-00121,1,A,0,3,plan
base,qwen3.5-9b,routing,s14,W-00122,0,C,1,2,vendor
base,qwen3.5-9b,routing,s14,W-00123,0,B,0,5,plan
base,qwen3.5-9b,routing,s14,W-00124,0,A,0,4,whatif
base,qwen3.5-9b,routing,s14,W-00125,0,C,1,5,alloc
base,qwen3.5-9b,routing,s14,W-00126,0,D,0,4,purchase
base,qwen3.5-9b,routing,s14,W-00127,1,A,0,3,lookup
base,qwen3.5-9b,routing,s14,W-00128,0,B,0,3,lookup
base,qwen3.5-9b,routing,s14,W-00129,1,C,1,4,purchase
base,qwen3.5-9b,routing,s14,W-00131,0,A,0,3,plan
base,qwen3.5-9b,routing,s14,W-00132,0,D,0,4,sourcing
base,qwen3.5-9b,routing,s14,W-00133,0,B,0,2,capacity
base,qwen3.5-9b,routing,s14,W-00134,0,C,1,4,purchase
base,qwen3.5-9b,routing,s14,W-00135,1,A,0,3,lookup
base,qwen3.5-9b,routing,s14,W-00136,0,A,0,5,diag
base,qwen3.5-9b,routing,s14,W-00137,0,D,0,5,purchase
base,qwen3.5-9b,routing,s14,W-00138,0,C,1,4,contract_gate
base,qwen3.5-9b,routing,s14,W-00139,0,B,0,2,budget
base,qwen3.5-9b,routing,s14,W-00140,1,A,0,3,lookup
base,qwen3.5-9b,routing,s14,W-00141,0,D,0,3,vendor
base,qwen3.5-9b,routing,s14,W-00142,1,A,0,4,precedence
base,qwen3.5-9b,routing,s14,W-00143,0,C,1,2,whatif
base,qwen3.5-9b,routing,s14,W-00144,1,A,0,5,diag
base,qwen3.5-9b,routing,s14,W-00145,0,B,0,3,lookup
base,qwen3.5-9b,routing,s14,W-00146,0,D,0,4,contract_gate
base,qwen3.5-9b,routing,s14,W-00147,0,C,1,5,alloc
base,qwen3.5-9b,routing,s14,W-00148,0,B,0,5,plan
base,qwen3.5-9b,routing,s14,W-00149,1,A,0,5,plan
base,qwen3.5-9b,routing,s14,W-00150,0,A,0,3,temporal
base,qwen3.5-9b,ingress,s12,W-00001,1,C,1,3,capacity
base,qwen3.5-9b,ingress,s12,W-00003,1,A,0,4,plan
base,qwen3.5-9b,ingress,s12,W-00004,1,A,0,4,temporal
base,qwen3.5-9b,ingress,s12,W-00005,0,D,1,4,alloc
base,qwen3.5-9b,ingress,s12,W-00006,0,B,0,3,budget
base,qwen3.5-9b,ingress,s12,W-00007,1,A,0,2,budget
base,qwen3.5-9b,ingress,s12,W-00008,1,C,1,2,sourcing
base,qwen3.5-9b,ingress,s12,W-00009,0,B,0,2,conflict
base,qwen3.5-9b,ingress,s12,W-00010,0,C,1,3,budget
base,qwen3.5-9b,ingress,s12,W-00011,0,A,0,4,plan
base,qwen3.5-9b,ingress,s12,W-00012,0,B,0,4,vendor
base,qwen3.5-9b,ingress,s12,W-00013,0,A,0,5,diag
base,qwen3.5-9b,ingress,s12,W-00014,1,A,0,3,diag
base,qwen3.5-9b,ingress,s12,W-00015,1,A,0,3,lookup
base,qwen3.5-9b,ingress,s12,W-00016,0,C,0,2,budget
base,qwen3.5-9b,ingress,s12,W-00017,0,B,0,4,contract_gate
base,qwen3.5-9b,ingress,s12,W-00018,0,C,1,5,alloc
base,qwen3.5-9b,ingress,s12,W-00019,0,A,0,3,precedence
base,qwen3.5-9b,ingress,s12,W-00020,1,A,0,4,precedence
base,qwen3.5-9b,ingress,s12,W-00022,0,A,0,3,precedence
base,qwen3.5-9b,ingress,s12,W-00023,0,D,1,5,alloc
base,qwen3.5-9b,ingress,s12,W-00024,0,A,0,2,conflict
base,qwen3.5-9b,ingress,s12,W-00025,0,B,0,4,temporal
base,qwen3.5-9b,ingress,s12,W-00026,0,C,1,3,temporal
base,qwen3.5-9b,ingress,s12,W-00027,0,C,1,4,renewal
base,qwen3.5-9b,ingress,s12,W-00028,0,B,0,5,purchase
base,qwen3.5-9b,ingress,s12,W-00029,0,A,0,2,capacity
base,qwen3.5-9b,ingress,s12,W-00030,1,A,0,4,plan
base,qwen3.5-9b,ingress,s12,W-00031,0,C,1,3,vendor
base,qwen3.5-9b,ingress,s12,W-00032,0,A,0,3,plan
base,qwen3.5-9b,ingress,s12,W-00033,0,B,0,2,conflict
base,qwen3.5-9b,ingress,s12,W-00034,0,A,0,4,contract_gate
base,qwen3.5-9b,ingress,s12,W-00035,0,D,1,4,sourcing
base,qwen3.5-9b,ingress,s12,W-00036,0,D,0,3,capacity
base,qwen3.5-9b,ingress,s12,W-00037,1,A,0,2,lookup
base,qwen3.5-9b,ingress,s12,W-00038,0,C,1,5,purchase
base,qwen3.5-9b,ingress,s12,W-00039,0,A,0,5,diag
base,qwen3.5-9b,ingress,s12,W-00040,1,B,0,3,lookup
base,qwen3.5-9b,ingress,s12,W-00041,0,D,0,5,diag
base,qwen3.5-9b,ingress,s12,W-00042,0,A,0,4,whatif
base,qwen3.5-9b,ingress,s12,W-00043,0,C,1,2,sourcing
base,qwen3.5-9b,ingress,s12,W-00044,1,A,0,3,precedence
base,qwen3.5-9b,ingress,s12,W-00045,0,B,0,3,lookup
base,qwen3.5-9b,ingress,s12,W-00046,0,D,0,4,contract_gate
base,qwen3.5-9b,ingress,s12,W-00047,1,A,0,5,diag
base,qwen3.5-9b,ingress,s12,W-00048,0,B,0,5,purchase
base,qwen3.5-9b,ingress,s12,W-00049,0,A,0,3,capacity
base,qwen3.5-9b,ingress,s12,W-00050,0,C,1,4,purchase
base,qwen3.5-9b,ingress,s12,W-00051,1,A,0,3,plan
base,qwen3.5-9b,ingress,s12,W-00052,0,D,1,5,alloc
base,qwen3.5-9b,ingress,s12,W-00053,0,D,0,4,contract_gate
base,qwen3.5-9b,ingress,s12,W-00054,1,A,0,2,conflict
base,qwen3.5-9b,ingress,s12,W-00055,1,B,0,3,lookup
base,qwen3.5-9b,ingress,s12,W-00056,0,C,1,2,capacity
base,qwen3.5-9b,ingress,s12,W-00057,0,A,0,5,vendor
base,qwen3.5-9b,ingress,s12,W-00058,0,B,0,4,whatif
base,qwen3.5-9b,ingress,s12,W-00059,1,A,0,3,lookup
base,qwen3.5-9b,ingress,s12,W-00060,0,D,0,2,budget
base,qwen3.5-9b,ingress,s12,W-00061,0,C,1,4,contract_gate
base,qwen3.5-9b,ingress,s12,W-00062,0,A,0,3,plan
base,qwen3.5-9b,ingress,s12,W-00063,0,B,0,2,sourcing
base,qwen3.5-9b,ingress,s12,W-00064,0,A,0,4,plan
base,qwen3.5-9b,ingress,s12,W-00065,0,D,0,3,lookup
base,qwen3.5-9b,ingress,s12,W-00066,1,C,1,5,purchase
base,qwen3.5-9b,ingress,s12,W-00067,0,A,0,4,diag
base,qwen3.5-9b,ingress,s12,W-00068,0,B,0,4,purchase
base,qwen3.5-9b,ingress,s12,W-00069,0,A,0,5,diag
base,qwen3.5-9b,ingress,s12,W-00070,0,D,0,3,contract_gate
base,qwen3.5-9b,ingress,s12,W-00071,0,A,0,3,vendor
base,qwen3.5-9b,ingress,s12,W-00072,0,D,0,2,budget
base,qwen3.5-9b,ingress,s12,W-00073,0,B,0,5,plan
base,qwen3.5-9b,ingress,s12,W-00074,1,A,0,2,budget
base,qwen3.5-9b,ingress,s12,W-00076,0,C,1,3,capacity
base,qwen3.5-9b,ingress,s12,W-00077,1,A,0,2,lookup
base,qwen3.5-9b,ingress,s12,W-00078,0,B,0,4,temporal
base,qwen3.5-9b,ingress,s12,W-00079,0,A,0,3,diag
base,qwen3.5-9b,ingress,s12,W-00080,0,D,0,5,purchase
base,qwen3.5-9b,ingress,s12,W-00081,0,B,0,2,conflict
base,qwen3.5-9b,ingress,s12,W-00082,1,B,0,2,lookup
base,qwen3.5-9b,ingress,s12,W-00083,0,A,0,3,budget
base,qwen3.5-9b,ingress,s12,W-00084,1,A,0,4,diag
base,qwen3.5-9b,ingress,s12,W-00085,0,C,1,3,contract_gate
base,qwen3.5-9b,ingress,s12,W-00087,0,A,0,4,diag
base,qwen3.5-9b,ingress,s12,W-00088,0,C,1,3,capacity
base,qwen3.5-9b,ingress,s12,W-00089,1,A,0,4,temporal
base,qwen3.5-9b,ingress,s12,W-00090,0,D,0,5,purchase
base,qwen3.5-9b,ingress,s12,W-00091,0,A,0,4,diag
base,qwen3.5-9b,ingress,s12,W-00092,0,B,0,3,lookup
base,qwen3.5-9b,ingress,s12,W-00093,0,C,0,4,contract_gate
base,qwen3.5-9b,ingress,s12,W-00094,0,C,1,2,capacity
base,qwen3.5-9b,ingress,s12,W-00095,1,A,0,3,lookup
base,qwen3.5-9b,ingress,s12,W-00096,1,A,0,4,diag
base,qwen3.5-9b,ingress,s12,W-00097,0,D,0,5,purchase
base,qwen3.5-9b,ingress,s12,W-00098,0,C,1,2,whatif
base,qwen3.5-9b,ingress,s12,W-00099,1,A,0,3,precedence
base,qwen3.5-9b,ingress,s12,W-00100,0,B,0,5,alloc
base,qwen3.5-9b,ingress,s12,W-00102,0,A,0,2,lookup
base,qwen3.5-9b,ingress,s12,W-00103,0,C,1,5,whatif
base,qwen3.5-9b,ingress,s12,W-00104,0,A,0,5,plan
base,qwen3.5-9b,ingress,s12,W-00105,0,B,0,3,capacity
base,qwen3.5-9b,ingress,s12,W-00106,0,C,0,4,contract_gate
base,qwen3.5-9b,ingress,s12,W-00107,0,C,1,2,capacity
base,qwen3.5-9b,ingress,s12,W-00108,1,B,0,3,lookup
base,qwen3.5-9b,ingress,s12,W-00109,0,A,0,4,plan
base,qwen3.5-9b,ingress,s12,W-00110,0,A,0,4,temporal
base,qwen3.5-9b,ingress,s12,W-00111,0,A,0,4,precedence
base,qwen3.5-9b,ingress,s12,W-00112,0,C,1,5,alloc
base,qwen3.5-9b,ingress,s12,W-00113,0,B,0,3,budget
base,qwen3.5-9b,ingress,s12,W-00114,0,A,0,2,conflict
base,qwen3.5-9b,ingress,s12,W-00116,0,C,1,3,budget
base,qwen3.5-9b,ingress,s12,W-00117,0,A,0,4,diag
base,qwen3.5-9b,ingress,s12,W-00118,1,B,0,3,lookup
base,qwen3.5-9b,ingress,s12,W-00119,0,A,0,2,conflict
base,qwen3.5-9b,ingress,s12,W-00120,0,D,0,5,purchase
base,qwen3.5-9b,ingress,s12,W-00121,0,B,0,2,conflict
base,qwen3.5-9b,ingress,s12,W-00122,0,A,0,4,plan
base,qwen3.5-9b,ingress,s12,W-00123,0,C,1,5,alloc
base,qwen3.5-9b,ingress,s12,W-00124,1,A,0,4,precedence
base,qwen3.5-9b,ingress,s12,W-00125,0,C,1,3,capacity
base,qwen3.5-9b,ingress,s12,W-00126,0,D,0,3,whatif
base,qwen3.5-9b,ingress,s12,W-00127,1,A,0,2,lookup
base,qwen3.5-9b,ingress,s12,W-00128,0,B,0,3,lookup
base,qwen3.5-9b,ingress,s12,W-00129,0,C,1,5,alloc
base,qwen3.5-9b,ingress,s12,W-00130,0,A,0,4,purchase
base,qwen3.5-9b,ingress,s12,W-00131,0,A,0,4,plan
base,qwen3.5-9b,ingress,s12,W-00132,0,D,0,3,capacity
base,qwen3.5-9b,ingress,s12,W-00133,0,B,0,5,whatif
base,qwen3.5-9b,ingress,s12,W-00134,0,C,1,2,sourcing
base,qwen3.5-9b,ingress,s12,W-00135,0,A,0,3,diag
base,qwen3.5-9b,ingress,s12,W-00136,1,A,0,4,diag
base,qwen3.5-9b,ingress,s12,W-00137,0,D,0,5,temporal
base,qwen3.5-9b,ingress,s12,W-00138,0,C,1,2,budget
base,qwen3.5-9b,ingress,s12,W-00139,1,A,0,3,lookup
base,qwen3.5-9b,ingress,s12,W-00141,0,A,0,2,lookup
base,qwen3.5-9b,ingress,s12,W-00142,0,C,1,4,contract_gate
base,qwen3.5-9b,ingress,s12,W-00144,0,A,0,4,diag
base,qwen3.5-9b,ingress,s12,W-00145,1,D,0,3,precedence
base,qwen3.5-9b,ingress,s12,W-00146,0,A,0,4,diag
base,qwen3.5-9b,ingress,s12,W-00147,0,C,1,2,sourcing
base,qwen3.5-9b,ingress,s12,W-00148,0,B,0,3,lookup
base,qwen3.5-9b,ingress,s12,W-00149,0,A,0,4,diag
base,qwen3.5-9b,ingress,s12,W-00150,0,D,0,4,whatif
base,qwen3.5-9b,ingress,s13,W-00002,0,C,1,2,budget
base,qwen3.5-9b,ingress,s13,W-00003,0,D,0,5,alloc
base,qwen3.5-9b,ingress,s13,W-00005,0,C,1,2,budget
base,qwen3.5-9b,ingress,s13,W-00006,0,D,0,3,budget
base,qwen3.5-9b,ingress,s13,W-00007,0,A,0,4,diag
base,qwen3.5-9b,ingress,s13,W-00008,1,A,0,5,diag
base,qwen3.5-9b,ingress,s13,W-00009,0,D,1,4,alloc
base,qwen3.5-9b,ingress,s13,W-00010,1,A,0,2,lookup
base,qwen3.5-9b,ingress,s13,W-00011,1,A,0,3,vendor
base,qwen3.5-9b,ingress,s13,W-00012,0,A,0,3,precedence
base,qwen3.5-9b,ingress,s13,W-00013,0,C,1,5,temporal
base,qwen3.5-9b,ingress,s13,W-00014,0,B,0,3,budget
base,qwen3.5-9b,ingress,s13,W-00015,0,B,0,4,precedence
base,qwen3.5-9b,ingress,s13,W-00016,0,A,0,2,budget
base,qwen3.5-9b,ingress,s13,W-00017,1,A,0,3,lookup
base,qwen3.5-9b,ingress,s13,W-00018,0,C,1,4,alloc
base,qwen3.5-9b,ingress,s13,W-00019,1,C,1,4,contract_gate
base,qwen3.5-9b,ingress,s13,W-00020,0,A,0,4,diag
base,qwen3.5-9b,ingress,s13,W-00021,0,C,1,4,vendor
base,qwen3.5-9b,ingress,s13,W-00022,0,A,0,3,diag
base,qwen3.5-9b,ingress,s13,W-00023,0,B,0,3,capacity
base,qwen3.5-9b,ingress,s13,W-00024,1,A,0,4,temporal
base,qwen3.5-9b,ingress,s13,W-00025,0,B,0,2,conflict
base,qwen3.5-9b,ingress,s13,W-00026,1,B,0,3,budget
base,qwen3.5-9b,ingress,s13,W-00027,0,D,0,2,capacity
base,qwen3.5-9b,ingress,s13,W-00028,1,A,0,4,plan
base,qwen3.5-9b,ingress,s13,W-00029,0,B,0,3,lookup
base,qwen3.5-9b,ingress,s13,W-00030,0,A,0,2,conflict
base,qwen3.5-9b,ingress,s13,W-00031,0,A,0,3,plan
base,qwen3.5-9b,ingress,s13,W-00032,0,A,0,4,plan
base,qwen3.5-9b,ingress,s13,W-00033,0,D,1,5,alloc
base,qwen3.5-9b,ingress,s13,W-00034,0,B,0,2,whatif
base,qwen3.5-9b,ingress,s13,W-00036,0,C,1,5,alloc
base,qwen3.5-9b,ingress,s13,W-00037,1,A,0,4,diag
base,qwen3.5-9b,ingress,s13,W-00038,0,D,0,4,precedence
base,qwen3.5-9b,ingress,s13,W-00039,0,A,0,3,precedence
base,qwen3.5-9b,ingress,s13,W-00040,0,D,0,2,capacity
base,qwen3.5-9b,ingress,s13,W-00041,0,B,0,2,conflict
base,qwen3.5-9b,ingress,s13,W-00042,0,A,0,3,plan
base,qwen3.5-9b,ingress,s13,W-00043,0,C,1,4,vendor
base,qwen3.5-9b,ingress,s13,W-00044,1,A,0,4,purchase
base,qwen3.5-9b,ingress,s13,W-00045,0,C,1,3,contract_gate
base,qwen3.5-9b,ingress,s13,W-00046,0,B,0,5,plan
base,qwen3.5-9b,ingress,s13,W-00047,0,C,1,5,purchase
base,qwen3.5-9b,ingress,s13,W-00048,1,A,0,2,lookup
base,qwen3.5-9b,ingress,s13,W-00049,0,B,0,3,lookup
base,qwen3.5-9b,ingress,s13,W-00050,0,A,0,4,precedence
base,qwen3.5-9b,ingress,s13,W-00051,0,D,0,4,plan
base,qwen3.5-9b,ingress,s13,W-00052,1,A,0,4,diag
base,qwen3.5-9b,ingress,s13,W-00053,1,B,0,3,lookup
base,qwen3.5-9b,ingress,s13,W-00055,1,D,0,3,capacity
base,qwen3.5-9b,ingress,s13,W-00056,0,A,0,2,lookup
base,qwen3.5-9b,ingress,s13,W-00057,0,A,0,4,plan
base,qwen3.5-9b,ingress,s13,W-00058,0,C,1,3,contract_gate
base,qwen3.5-9b,ingress,s13,W-00059,0,A,0,5,diag
base,qwen3.5-9b,ingress,s13,W-00061,0,C,0,4,contract_gate
base,qwen3.5-9b,ingress,s13,W-00062,0,A,0,4,diag
base,qwen3.5-9b,ingress,s13,W-00063,0,C,1,3,contract_gate
base,qwen3.5-9b,ingress,s13,W-00064,1,A,0,2,capacity
base,qwen3.5-9b,ingress,s13,W-00065,0,C,0,5,alloc
base,qwen3.5-9b,ingress,s13,W-00066,0,B,0,3,lookup
base,qwen3.5-9b,ingress,s13,W-00068,0,A,0,4,diag
base,qwen3.5-9b,ingress,s13,W-00069,0,A,0,4,whatif
base,qwen3.5-9b,ingress,s13,W-00070,1,B,0,3,contract_gate
base,qwen3.5-9b,ingress,s13,W-00071,0,A,0,5,renewal
base,qwen3.5-9b,ingress,s13,W-00072,0,C,1,2,budget
base,qwen3.5-9b,ingress,s13,W-00073,0,B,0,4,vendor
base,qwen3.5-9b,ingress,s13,W-00074,0,A,0,5,plan
base,qwen3.5-9b,ingress,s13,W-00075,0,C,0,4,contract_gate
base,qwen3.5-9b,ingress,s13,W-00076,0,D,1,5,alloc
base,qwen3.5-9b,ingress,s13,W-00077,0,D,0,3,capacity
base,qwen3.5-9b,ingress,s13,W-00078,0,B,0,3,budget
base,qwen3.5-9b,ingress,s13,W-00079,1,A,0,5,diag
base,qwen3.5-9b,ingress,s13,W-00080,1,A,0,3,lookup
base,qwen3.5-9b,ingress,s13,W-00081,0,C,1,4,purchase
base,qwen3.5-9b,ingress,s13,W-00082,1,A,0,2,budget
base,qwen3.5-9b,ingress,s13,W-00084,1,A,0,3,diag
base,qwen3.5-9b,ingress,s13,W-00085,0,C,1,4,alloc
base,qwen3.5-9b,ingress,s13,W-00086,0,D,0,2,budget
base,qwen3.5-9b,ingress,s13,W-00087,0,D,0,4,whatif
base,qwen3.5-9b,ingress,s13,W-00088,0,A,0,3,lookup
base,qwen3.5-9b,ingress,s13,W-00089,0,C,1,3,budget
base,qwen3.5-9b,ingress,s13,W-00090,1,A,0,2,conflict
base,qwen3.5-9b,ingress,s13,W-00091,0,B,0,2,conflict
base,qwen3.5-9b,ingress,s13,W-00094,0,C,1,4,contract_gate
base,qwen3.5-9b,ingress,s13,W-00095,0,D,0,3,sourcing
base,qwen3.5-9b,ingress,s13,W-00096,0,A,0,5,purchase
base,qwen3.5-9b,ingress,s13,W-00097,1,A,0,5,renewal
base,qwen3.5-9b,ingress,s13,W-00098,0,C,1,2,budget
base,qwen3.5-9b,ingress,s13,W-00099,1,A,0,3,lookup
base,qwen3.5-9b,ingress,s13,W-00100,0,B,0,4,plan
base,qwen3.5-9b,ingress,s13,W-00101,0,A,0,4,vendor
base,qwen3.5-9b,ingress,s13,W-00103,0,A,0,3,vendor
base,qwen3.5-9b,ingress,s13,W-00104,0,C,1,2,whatif
base,qwen3.5-9b,ingress,s13,W-00105,0,D,0,2,budget
base,qwen3.5-9b,ingress,s13,W-00106,1,A,0,4,temporal
base,qwen3.5-9b,ingress,s13,W-00107,0,C,1,4,contract_gate
base,qwen3.5-9b,ingress,s13,W-00108,0,B,0,2,conflict
base,qwen3.5-9b,ingress,s13,W-00109,1,A,0,3,lookup
base,qwen3.5-9b,ingress,s13,W-00110,0,B,0,4,diag
base,qwen3.5-9b,ingress,s13,W-00111,0,A,0,4,contract_gate
base,qwen3.5-9b,ingress,s13,W-00113,0,D,0,3,capacity
base,qwen3.5-9b,ingress,s13,W-00114,0,A,0,4,plan
base,qwen3.5-9b,ingress,s13,W-00115,0,D,0,4,diag
base,qwen3.5-9b,ingress,s13,W-00116,0,C,1,3,budget
base,qwen3.5-9b,ingress,s13,W-00117,0,A,0,2,conflict
base,qwen3.5-9b,ingress,s13,W-00118,1,B,0,2,lookup
base,qwen3.5-9b,ingress,s13,W-00119,1,A,0,3,lookup
base,qwen3.5-9b,ingress,s13,W-00120,0,D,0,4,sourcing
base,qwen3.5-9b,ingress,s13,W-00121,0,D,1,4,vendor
base,qwen3.5-9b,ingress,s13,W-00122,0,A,0,3,plan
base,qwen3.5-9b,ingress,s13,W-00123,0,B,0,2,conflict
base,qwen3.5-9b,ingress,s13,W-00124,1,A,0,5,diag
base,qwen3.5-9b,ingress,s13,W-00126,0,D,0,3,whatif
base,qwen3.5-9b,ingress,s13,W-00127,1,A,0,4,diag
base,qwen3.5-9b,ingress,s13,W-00128,0,B,0,3,lookup
base,qwen3.5-9b,ingress,s13,W-00129,0,C,1,4,purchase
base,qwen3.5-9b,ingress,s13,W-00130,1,A,0,2,temporal
base,qwen3.5-9b,ingress,s13,W-00131,0,B,0,3,plan
base,qwen3.5-9b,ingress,s13,W-00132,1,A,0,4,purchase
base,qwen3.5-9b,ingress,s13,W-00133,1,D,0,2,capacity
base,qwen3.5-9b,ingress,s13,W-00134,0,C,1,5,purchase
base,qwen3.5-9b,ingress,s13,W-00135,1,A,0,3,lookup
base,qwen3.5-9b,ingress,s13,W-00136,1,A,0,4,purchase
base,qwen3.5-9b,ingress,s13,W-00137,0,D,0,5,temporal
base,qwen3.5-9b,ingress,s13,W-00138,0,C,1,2,sourcing
base,qwen3.5-9b,ingress,s13,W-00139,0,B,0,4,renewal
base,qwen3.5-9b,ingress,s13,W-00140,1,A,0,3,lookup
base,qwen3.5-9b,ingress,s13,W-00141,0,B,0,4,plan
base,qwen3.5-9b,ingress,s13,W-00142,1,A,0,3,plan
base,qwen3.5-9b,ingress,s13,W-00143,0,C,1,5,purchase
base,qwen3.5-9b,ingress,s13,W-00144,0,D,0,2,budget
base,qwen3.5-9b,ingress,s13,W-00145,1,A,0,3,capacity
base,qwen3.5-9b,ingress,s13,W-00146,1,A,0,4,contract_gate
base,qwen3.5-9b,ingress,s13,W-00147,0,C,1,5,purchase
base,qwen3.5-9b,ingress,s13,W-00148,1,B,0,3,lookup
base,qwen3.5-9b,ingress,s13,W-00149,0,A,0,2,conflict
base,qwen3.5-9b,ingress,s13,W-00150,0,C,0,4,contract_gate
base,qwen3.5-9b,ingress,s14,W-00002,0,C,1,3,capacity
base,qwen3.5-9b,ingress,s14,W-00003,0,A,0,4,precedence
base,qwen3.5-9b,ingress,s14,W-00004,1,A,0,2,conflict
base,qwen3.5-9b,ingress,s14,W-00006,1,A,0,4,plan
base,qwen3.5-9b,ingress,s14,W-00007,0,A,0,3,precedence
base,qwen3.5-9b,ingress,s14,W-00008,0,B,0,5,purchase
base,qwen3.5-9b,ingress,s14,W-00009,0,C,1,2,budget
base,qwen3.5-9b,ingress,s14,W-00010,0,D,0,3,budget
base,qwen3.5-9b,ingress,s14,W-00011,0,A,0,3,plan
base,qwen3.5-9b,ingress,s14,W-00012,1,B,0,4,whatif
base,qwen3.5-9b,ingress,s14,W-00013,1,A,0,5,temporal
base,qwen3.5-9b,ingress,s14,W-00014,0,D,1,5,purchase
base,qwen3.5-9b,ingress,s14,W-00015,0,B,0,2,budget
base,qwen3.5-9b,ingress,s14,W-00016,1,A,0,4,whatif
base,qwen3.5-9b,ingress,s14,W-00017,0,B,0,2,conflict
base,qwen3.5-9b,ingress,s14,W-00018,0,C,1,4,contract_gate
base,qwen3.5-9b,ingress,s14,W-00019,1,A,0,3,lookup
base,qwen3.5-9b,ingress,s14,W-00020,1,A,0,4,renewal
base,qwen3.5-9b,ingress,s14,W-00021,0,A,0,4,plan
base,qwen3.5-9b,ingress,s14,W-00022,0,B,0,2,conflict
base,qwen3.5-9b,ingress,s14,W-00023,0,C,1,5,alloc
base,qwen3.5-9b,ingress,s14,W-00024,1,A,0,2,lookup
base,qwen3.5-9b,ingress,s14,W-00025,0,C,0,5,alloc
base,qwen3.5-9b,ingress,s14,W-00026,1,B,0,3,lookup
base,qwen3.5-9b,ingress,s14,W-00027,0,C,1,3,contract_gate
base,qwen3.5-9b,ingress,s14,W-00028,0,B,0,5,purchase
base,qwen3.5-9b,ingress,s14,W-00029,1,A,0,2,capacity
base,qwen3.5-9b,ingress,s14,W-00030,0,A,0,4,whatif
base,qwen3.5-9b,ingress,s14,W-00031,0,A,0,4,plan
base,qwen3.5-9b,ingress,s14,W-00032,0,C,1,3,capacity
base,qwen3.5-9b,ingress,s14,W-00033,0,D,0,2,capacity
base,qwen3.5-9b,ingress,s14,W-00034,0,D,0,3,contract_gate
base,qwen3.5-9b,ingress,s14,W-00035,0,A,0,3,sourcing
base,qwen3.5-9b,ingress,s14,W-00036,0,C,1,3,capacity
base,qwen3.5-9b,ingress,s14,W-00037,1,A,0,3,lookup
base,qwen3.5-9b,ingress,s14,W-00038,0,B,0,4,whatif
base,qwen3.5-9b,ingress,s14,W-00039,0,B,0,4,vendor
base,qwen3.5-9b,ingress,s14,W-00040,0,D,0,2,capacity
base,qwen3.5-9b,ingress,s14,W-00041,0,C,1,3,purchase
base,qwen3.5-9b,ingress,s14,W-00042,1,A,0,4,temporal
base,qwen3.5-9b,ingress,s14,W-00043,1,A,0,3,diag
base,qwen3.5-9b,ingress,s14,W-00044,0,B,0,5,purchase
base,qwen3.5-9b,ingress,s14,W-00045,0,C,1,4,contract_gate
base,qwen3.5-9b,ingress,s14,W-00046,1,A,0,3,lookup
base,qwen3.5-9b,ingress,s14,W-00047,0,A,0,4,renewal
base,qwen3.5-9b,ingress,s14,W-00048,0,B,0,5,plan
base,qwen3.5-9b,ingress,s14,W-00049,0,C,1,5,alloc
base,qwen3.5-9b,ingress,s14,W-00050,0,A,0,2,conflict
base,qwen3.5-9b,ingress,s14,W-00051,0,C,1,3,contract_gate
base,qwen3.5-9b,ingress,s14,W-00052,0,A,0,3,diag
base,qwen3.5-9b,ingress,s14,W-00053,0,B,0,4,alloc
base,qwen3.5-9b,ingress,s14,W-00054,1,A,0,5,whatif
base,qwen3.5-9b,ingress,s14,W-00055,0,D,0,3,capacity
base,qwen3.5-9b,ingress,s14,W-00056,1,A,0,2,lookup
base,qwen3.5-9b,ingress,s14,W-00057,0,D,0,2,capacity
base,qwen3.5-9b,ingress,s14,W-00058,0,C,1,5,alloc
base,qwen3.5-9b,ingress,s14,W-00059,0,A,0,4,contract_gate
base,qwen3.5-9b,ingress,s14,W-00060,0,B,0,4,purchase
base,qwen3.5-9b,ingress,s14,W-00061,0,B,0,2,conflict
base,qwen3.5-9b,ingress,s14,W-00062,0,A,0,3,plan
base,qwen3.5-9b,ingress,s14,W-00063,0,A,0,4,plan
base,qwen3.5-9b,ingress,s14,W-00064,0,D,1,4,sourcing
base,qwen3.5-9b,ingress,s14,W-00065,0,D,0,2,budget
base,qwen3.5-9b,ingress,s14,W-00066,0,D,0,3,capacity
base,qwen3.5-9b,ingress,s14,W-00067,0,D,1,4,sourcing
base,qwen3.5-9b,ingress,s14,W-00068,1,A,0,2,lookup
base,qwen3.5-9b,ingress,s14,W-00069,1,A,0,3,conflict
base,qwen3.5-9b,ingress,s14,W-00070,0,B,0,3,contract_gate
base,qwen3.5-9b,ingress,s14,W-00071,0,A,0,2,lookup
base,qwen3.5-9b,ingress,s14,W-00072,0,A,0,3,vendor
base,qwen3.5-9b,ingress,s14,W-00073,0,C,1,4,purchase
base,qwen3.5-9b,ingress,s14,W-00074,0,B,0,4,precedence
base,qwen3.5-9b,ingress,s14,W-00075,0,D,0,3,capacity
base,qwen3.5-9b,ingress,s14,W-00076,0,C,1,4,purchase
base,qwen3.5-9b,ingress,s14,W-00077,0,C,0,5,alloc
base,qwen3.5-9b,ingress,s14,W-00078,1,A,0,2,whatif
base,qwen3.5-9b,ingress,s14,W-00079,0,D,0,3,capacity
base,qwen3.5-9b,ingress,s14,W-00080,1,A,0,4,temporal
base,qwen3.5-9b,ingress,s14,W-00081,0,B,0,4,plan
base,qwen3.5-9b,ingress,s14,W-00082,0,C,1,3,sourcing
base,qwen3.5-9b,ingress,s14,W-00083,0,A,0,2,conflict
base,qwen3.5-9b,ingress,s14,W-00084,0,A,0,5,purchase
base,qwen3.5-9b,ingress,s14,W-00085,0,C,1,5,alloc
base,qwen3.5-9b,ingress,s14,W-00086,0,B,0,3,lookup
base,qwen3.5-9b,ingress,s14,W-00087,0,A,0,4,plan
base,qwen3.5-9b,ingress,s14,W-00088,1,B,0,3,lookup
base,qwen3.5-9b,ingress,s14,W-00089,0,C,1,2,capacity
base,qwen3.5-9b,ingress,s14,W-00090,0,A,0,4,contract_gate
base,qwen3.5-9b,ingress,s14,W-00091,0,A,0,4,plan
base,qwen3.5-9b,ingress,s14,W-00092,0,D,0,3,vendor
base,qwen3.5-9b,ingress,s14,W-00093,0,C,0,2,temporal
base,qwen3.5-9b,ingress,s14,W-00094,0,C,1,5,alloc
base,qwen3.5-9b,ingress,s14,W-00095,1,A,0,3,lookup
base,qwen3.5-9b,ingress,s14,W-00096,0,B,0,4,plan
base,qwen3.5-9b,ingress,s14,W-00097,0,A,0,2,budget
base,qwen3.5-9b,ingress,s14,W-00098,0,C,1,4,contract_gate
base,qwen3.5-9b,ingress,s14,W-00099,1,A,0,3,plan
base,qwen3.5-9b,ingress,s14,W-00100,0,B,0,5,purchase
base,qwen3.5-9b,ingress,s14,W-00101,0,C,1,5,purchase
base,qwen3.5-9b,ingress,s14,W-00102,0,A,0,4,plan
base,qwen3.5-9b,ingress,s14,W-00103,1,B,0,3,lookup
base,qwen3.5-9b,ingress,s14,W-00104,1,A,0,2,conflict
base,qwen3.5-9b,ingress,s14,W-00105,0,C,1,3,contract_gate
base,qwen3.5-9b,ingress,s14,W-00106,0,A,0,4,renewal
base,qwen3.5-9b,ingress,s14,W-00107,0,D,0,5,alloc
base,qwen3.5-9b,ingress,s14,W-00108,0,B,0,3,lookup
base,qwen3.5-9b,ingress,s14,W-00109,0,A,0,2,capacity
base,qwen3.5-9b,ingress,s14,W-00110,0,D,0,4,sourcing
base,qwen3.5-9b,ingress,s14,W-00111,1,A,0,5,temporal
base,qwen3.5-9b,ingress,s14,W-00112,0,D,1,3,capacity
base,qwen3.5-9b,ingress,s14,W-00113,0,B,0,4,contract_gate
base,qwen3.5-9b,ingress,s14,W-00114,0,A,0,2,budget
base,qwen3.5-9b,ingress,s14,W-00115,0,C,0,5,alloc
base,qwen3.5-9b,ingress,s14,W-00116,0,C,1,3,capacity
base,qwen3.5-9b,ingress,s14,W-00117,0,A,0,4,temporal
base,qwen3.5-9b,ingress,s14,W-00118,1,B,0,3,lookup
base,qwen3.5-9b,ingress,s14,W-00119,0,C,0,2,budget
base,qwen3.5-9b,ingress,s14,W-00120,0,A,0,4,diag
base,qwen3.5-9b,ingress,s14,W-00121,1,A,0,3,plan
base,qwen3.5-9b,ingress,s14,W-00122,0,C,1,2,vendor
base,qwen3.5-9b,ingress,s14,W-00123,0,B,0,5,plan
base,qwen3.5-9b,ingress,s14,W-00124,0,A,0,4,whatif
base,qwen3.5-9b,ingress,s14,W-00125,0,C,1,5,alloc
base,qwen3.5-9b,ingress,s14,W-00126,0,D,0,4,purchase
base,qwen3.5-9b,ingress,s14,W-00127,1,A,0,3,lookup
base,qwen3.5-9b,ingress,s14,W-00128,0,B,0,3,lookup
base,qwen3.5-9b,ingress,s14,W-00129,0,C,1,4,purchase
base,qwen3.5-9b,ingress,s14,W-00131,0,A,0,3,plan
base,qwen3.5-9b,ingress,s14,W-00132,0,D,0,4,sourcing
base,qwen3.5-9b,ingress,s14,W-00133,0,B,0,2,capacity
base,qwen3.5-9b,ingress,s14,W-00134,0,C,1,4,purchase
base,qwen3.5-9b,ingress,s14,W-00135,1,A,0,3,lookup
base,qwen3.5-9b,ingress,s14,W-00136,1,A,0,5,diag
base,qwen3.5-9b,ingress,s14,W-00137,0,D,0,5,purchase
base,qwen3.5-9b,ingress,s14,W-00138,0,C,1,4,contract_gate
base,qwen3.5-9b,ingress,s14,W-00139,0,B,0,2,budget
base,qwen3.5-9b,ingress,s14,W-00140,1,A,0,3,lookup
base,qwen3.5-9b,ingress,s14,W-00141,0,D,0,3,vendor
base,qwen3.5-9b,ingress,s14,W-00142,1,A,0,4,precedence
base,qwen3.5-9b,ingress,s14,W-00143,0,C,1,2,whatif
base,qwen3.5-9b,ingress,s14,W-00144,1,A,0,5,diag
base,qwen3.5-9b,ingress,s14,W-00145,1,B,0,3,lookup
base,qwen3.5-9b,ingress,s14,W-00146,0,D,0,4,contract_gate
base,qwen3.5-9b,ingress,s14,W-00147,0,C,1,5,alloc
base,qwen3.5-9b,ingress,s14,W-00148,0,B,0,5,plan
base,qwen3.5-9b,ingress,s14,W-00149,0,A,0,5,plan
base,qwen3.5-9b,ingress,s14,W-00150,0,A,0,3,temporal
base,qwen3.5-9b,full_load,s12,W-00001,0,C,1,3,capacity
base,qwen3.5-9b,full_load,s12,W-00003,1,A,0,4,plan
base,qwen3.5-9b,full_load,s12,W-00004,1,A,0,4,temporal
base,qwen3.5-9b,full_load,s12,W-00005,0,D,1,4,alloc
base,qwen3.5-9b,full_load,s12,W-00006,0,B,0,3,budget
base,qwen3.5-9b,full_load,s12,W-00007,0,A,0,2,budget
base,qwen3.5-9b,full_load,s12,W-00008,0,C,1,2,sourcing
base,qwen3.5-9b,full_load,s12,W-00009,1,B,0,2,conflict
base,qwen3.5-9b,full_load,s12,W-00010,0,C,1,3,budget
base,qwen3.5-9b,full_load,s12,W-00011,1,A,0,4,plan
base,qwen3.5-9b,full_load,s12,W-00012,0,B,0,4,vendor
base,qwen3.5-9b,full_load,s12,W-00013,0,A,0,5,diag
base,qwen3.5-9b,full_load,s12,W-00014,1,A,0,3,diag
base,qwen3.5-9b,full_load,s12,W-00015,1,A,0,3,lookup
base,qwen3.5-9b,full_load,s12,W-00016,0,C,0,2,budget
base,qwen3.5-9b,full_load,s12,W-00017,0,B,0,4,contract_gate
base,qwen3.5-9b,full_load,s12,W-00018,0,C,1,5,alloc
base,qwen3.5-9b,full_load,s12,W-00019,1,A,0,3,precedence
base,qwen3.5-9b,full_load,s12,W-00020,1,A,0,4,precedence
base,qwen3.5-9b,full_load,s12,W-00022,1,A,0,3,precedence
base,qwen3.5-9b,full_load,s12,W-00023,0,D,1,5,alloc
base,qwen3.5-9b,full_load,s12,W-00024,1,A,0,2,conflict
base,qwen3.5-9b,full_load,s12,W-00025,1,B,0,4,temporal
base,qwen3.5-9b,full_load,s12,W-00026,0,C,1,3,temporal
base,qwen3.5-9b,full_load,s12,W-00027,1,C,1,4,renewal
base,qwen3.5-9b,full_load,s12,W-00028,0,B,0,5,purchase
base,qwen3.5-9b,full_load,s12,W-00029,1,A,0,2,capacity
base,qwen3.5-9b,full_load,s12,W-00030,1,A,0,4,plan
base,qwen3.5-9b,full_load,s12,W-00031,1,C,1,3,vendor
base,qwen3.5-9b,full_load,s12,W-00032,1,A,0,3,plan
base,qwen3.5-9b,full_load,s12,W-00033,0,B,0,2,conflict
base,qwen3.5-9b,full_load,s12,W-00034,0,A,0,4,contract_gate
base,qwen3.5-9b,full_load,s12,W-00035,0,D,1,4,sourcing
base,qwen3.5-9b,full_load,s12,W-00036,0,D,0,3,capacity
base,qwen3.5-9b,full_load,s12,W-00037,1,A,0,2,lookup
base,qwen3.5-9b,full_load,s12,W-00038,0,C,1,5,purchase
base,qwen3.5-9b,full_load,s12,W-00039,1,A,0,5,diag
base,qwen3.5-9b,full_load,s12,W-00040,0,B,0,3,lookup
base,qwen3.5-9b,full_load,s12,W-00041,0,D,0,5,diag
base,qwen3.5-9b,full_load,s12,W-00042,1,A,0,4,whatif
base,qwen3.5-9b,full_load,s12,W-00043,0,C,1,2,sourcing
base,qwen3.5-9b,full_load,s12,W-00044,1,A,0,3,precedence
base,qwen3.5-9b,full_load,s12,W-00045,0,B,0,3,lookup
base,qwen3.5-9b,full_load,s12,W-00046,0,D,0,4,contract_gate
base,qwen3.5-9b,full_load,s12,W-00047,1,A,0,5,diag
base,qwen3.5-9b,full_load,s12,W-00048,0,B,0,5,purchase
base,qwen3.5-9b,full_load,s12,W-00049,1,A,0,3,capacity
base,qwen3.5-9b,full_load,s12,W-00050,1,C,1,4,purchase
base,qwen3.5-9b,full_load,s12,W-00051,1,A,0,3,plan
base,qwen3.5-9b,full_load,s12,W-00052,0,D,1,5,alloc
base,qwen3.5-9b,full_load,s12,W-00053,0,D,0,4,contract_gate
base,qwen3.5-9b,full_load,s12,W-00054,1,A,0,2,conflict
base,qwen3.5-9b,full_load,s12,W-00055,0,B,0,3,lookup
base,qwen3.5-9b,full_load,s12,W-00056,0,C,1,2,capacity
base,qwen3.5-9b,full_load,s12,W-00057,0,A,0,5,vendor
base,qwen3.5-9b,full_load,s12,W-00058,0,B,0,4,whatif
base,qwen3.5-9b,full_load,s12,W-00059,1,A,0,3,lookup
base,qwen3.5-9b,full_load,s12,W-00060,0,D,0,2,budget
base,qwen3.5-9b,full_load,s12,W-00061,1,C,1,4,contract_gate
base,qwen3.5-9b,full_load,s12,W-00062,1,A,0,3,plan
base,qwen3.5-9b,full_load,s12,W-00063,0,B,0,2,sourcing
base,qwen3.5-9b,full_load,s12,W-00064,1,A,0,4,plan
base,qwen3.5-9b,full_load,s12,W-00065,0,D,0,3,lookup
base,qwen3.5-9b,full_load,s12,W-00066,1,C,1,5,purchase
base,qwen3.5-9b,full_load,s12,W-00067,0,A,0,4,diag
base,qwen3.5-9b,full_load,s12,W-00068,0,B,0,4,purchase
base,qwen3.5-9b,full_load,s12,W-00069,1,A,0,5,diag
base,qwen3.5-9b,full_load,s12,W-00070,1,D,0,3,contract_gate
base,qwen3.5-9b,full_load,s12,W-00071,0,A,0,3,vendor
base,qwen3.5-9b,full_load,s12,W-00072,1,D,0,2,budget
base,qwen3.5-9b,full_load,s12,W-00073,0,B,0,5,plan
base,qwen3.5-9b,full_load,s12,W-00074,1,A,0,2,budget
base,qwen3.5-9b,full_load,s12,W-00076,0,C,1,3,capacity
base,qwen3.5-9b,full_load,s12,W-00077,1,A,0,2,lookup
base,qwen3.5-9b,full_load,s12,W-00078,1,B,0,4,temporal
base,qwen3.5-9b,full_load,s12,W-00079,1,A,0,3,diag
base,qwen3.5-9b,full_load,s12,W-00080,0,D,0,5,purchase
base,qwen3.5-9b,full_load,s12,W-00081,0,B,0,2,conflict
base,qwen3.5-9b,full_load,s12,W-00082,0,B,0,2,lookup
base,qwen3.5-9b,full_load,s12,W-00083,1,A,0,3,budget
base,qwen3.5-9b,full_load,s12,W-00084,1,A,0,4,diag
base,qwen3.5-9b,full_load,s12,W-00085,1,C,1,3,contract_gate
base,qwen3.5-9b,full_load,s12,W-00087,1,A,0,4,diag
base,qwen3.5-9b,full_load,s12,W-00088,0,C,1,3,capacity
base,qwen3.5-9b,full_load,s12,W-00089,1,A,0,4,temporal
base,qwen3.5-9b,full_load,s12,W-00090,0,D,0,5,purchase
base,qwen3.5-9b,full_load,s12,W-00091,0,A,0,4,diag
base,qwen3.5-9b,full_load,s12,W-00092,0,B,0,3,lookup
base,qwen3.5-9b,full_load,s12,W-00093,0,C,0,4,contract_gate
base,qwen3.5-9b,full_load,s12,W-00094,0,C,1,2,capacity
base,qwen3.5-9b,full_load,s12,W-00095,1,A,0,3,lookup
base,qwen3.5-9b,full_load,s12,W-00096,1,A,0,4,diag
base,qwen3.5-9b,full_load,s12,W-00097,0,D,0,5,purchase
base,qwen3.5-9b,full_load,s12,W-00098,0,C,1,2,whatif
base,qwen3.5-9b,full_load,s12,W-00099,1,A,0,3,precedence
base,qwen3.5-9b,full_load,s12,W-00100,0,B,0,5,alloc
base,qwen3.5-9b,full_load,s12,W-00102,0,A,0,2,lookup
base,qwen3.5-9b,full_load,s12,W-00103,0,C,1,5,whatif
base,qwen3.5-9b,full_load,s12,W-00104,0,A,0,5,plan
base,qwen3.5-9b,full_load,s12,W-00105,0,B,0,3,capacity
base,qwen3.5-9b,full_load,s12,W-00106,0,C,0,4,contract_gate
base,qwen3.5-9b,full_load,s12,W-00107,0,C,1,2,capacity
base,qwen3.5-9b,full_load,s12,W-00108,0,B,0,3,lookup
base,qwen3.5-9b,full_load,s12,W-00109,0,A,0,4,plan
base,qwen3.5-9b,full_load,s12,W-00110,0,A,0,4,temporal
base,qwen3.5-9b,full_load,s12,W-00111,0,A,0,4,precedence
base,qwen3.5-9b,full_load,s12,W-00112,0,C,1,5,alloc
base,qwen3.5-9b,full_load,s12,W-00113,0,B,0,3,budget
base,qwen3.5-9b,full_load,s12,W-00114,1,A,0,2,conflict
base,qwen3.5-9b,full_load,s12,W-00116,0,C,1,3,budget
base,qwen3.5-9b,full_load,s12,W-00117,1,A,0,4,diag
base,qwen3.5-9b,full_load,s12,W-00118,0,B,0,3,lookup
base,qwen3.5-9b,full_load,s12,W-00119,1,A,0,2,conflict
base,qwen3.5-9b,full_load,s12,W-00120,0,D,0,5,purchase
base,qwen3.5-9b,full_load,s12,W-00121,0,B,0,2,conflict
base,qwen3.5-9b,full_load,s12,W-00122,1,A,0,4,plan
base,qwen3.5-9b,full_load,s12,W-00123,0,C,1,5,alloc
base,qwen3.5-9b,full_load,s12,W-00124,1,A,0,4,precedence
base,qwen3.5-9b,full_load,s12,W-00125,0,C,1,3,capacity
base,qwen3.5-9b,full_load,s12,W-00126,0,D,0,3,whatif
base,qwen3.5-9b,full_load,s12,W-00127,1,A,0,2,lookup
base,qwen3.5-9b,full_load,s12,W-00128,0,B,0,3,lookup
base,qwen3.5-9b,full_load,s12,W-00129,0,C,1,5,alloc
base,qwen3.5-9b,full_load,s12,W-00130,0,A,0,4,purchase
base,qwen3.5-9b,full_load,s12,W-00131,0,A,0,4,plan
base,qwen3.5-9b,full_load,s12,W-00132,0,D,0,3,capacity
base,qwen3.5-9b,full_load,s12,W-00133,0,B,0,5,whatif
base,qwen3.5-9b,full_load,s12,W-00134,1,C,1,2,sourcing
base,qwen3.5-9b,full_load,s12,W-00135,1,A,0,3,diag
base,qwen3.5-9b,full_load,s12,W-00136,1,A,0,4,diag
base,qwen3.5-9b,full_load,s12,W-00137,0,D,0,5,temporal
base,qwen3.5-9b,full_load,s12,W-00138,0,C,1,2,budget
base,qwen3.5-9b,full_load,s12,W-00139,1,A,0,3,lookup
base,qwen3.5-9b,full_load,s12,W-00141,0,A,0,2,lookup
base,qwen3.5-9b,full_load,s12,W-00142,0,C,1,4,contract_gate
base,qwen3.5-9b,full_load,s12,W-00144,0,A,0,4,diag
base,qwen3.5-9b,full_load,s12,W-00145,1,D,0,3,precedence
base,qwen3.5-9b,full_load,s12,W-00146,0,A,0,4,diag
base,qwen3.5-9b,full_load,s12,W-00147,0,C,1,2,sourcing
base,qwen3.5-9b,full_load,s12,W-00148,1,B,0,3,lookup
base,qwen3.5-9b,full_load,s12,W-00149,1,A,0,4,diag
base,qwen3.5-9b,full_load,s12,W-00150,0,D,0,4,whatif
base,qwen3.5-9b,full_load,s13,W-00002,0,C,1,2,budget
base,qwen3.5-9b,full_load,s13,W-00003,0,D,0,5,alloc
base,qwen3.5-9b,full_load,s13,W-00005,0,C,1,2,budget
base,qwen3.5-9b,full_load,s13,W-00006,0,D,0,3,budget
base,qwen3.5-9b,full_load,s13,W-00007,1,A,0,4,diag
base,qwen3.5-9b,full_load,s13,W-00008,1,A,0,5,diag
base,qwen3.5-9b,full_load,s13,W-00009,0,D,1,4,alloc
base,qwen3.5-9b,full_load,s13,W-00010,1,A,0,2,lookup
base,qwen3.5-9b,full_load,s13,W-00011,0,A,0,3,vendor
base,qwen3.5-9b,full_load,s13,W-00012,1,A,0,3,precedence
base,qwen3.5-9b,full_load,s13,W-00013,0,C,1,5,temporal
base,qwen3.5-9b,full_load,s13,W-00014,0,B,0,3,budget
base,qwen3.5-9b,full_load,s13,W-00015,1,B,0,4,precedence
base,qwen3.5-9b,full_load,s13,W-00016,1,A,0,2,budget
base,qwen3.5-9b,full_load,s13,W-00017,1,A,0,3,lookup
base,qwen3.5-9b,full_load,s13,W-00018,0,C,1,4,alloc
base,qwen3.5-9b,full_load,s13,W-00019,0,C,1,4,contract_gate
base,qwen3.5-9b,full_load,s13,W-00020,0,A,0,4,diag
base,qwen3.5-9b,full_load,s13,W-00021,0,C,1,4,vendor
base,qwen3.5-9b,full_load,s13,W-00022,0,A,0,3,diag
base,qwen3.5-9b,full_load,s13,W-00023,0,B,0,3,capacity
base,qwen3.5-9b,full_load,s13,W-00024,1,A,0,4,temporal
base,qwen3.5-9b,full_load,s13,W-00025,0,B,0,2,conflict
base,qwen3.5-9b,full_load,s13,W-00026,0,B,0,3,budget
base,qwen3.5-9b,full_load,s13,W-00027,0,D,0,2,capacity
base,qwen3.5-9b,full_load,s13,W-00028,1,A,0,4,plan
base,qwen3.5-9b,full_load,s13,W-00029,0,B,0,3,lookup
base,qwen3.5-9b,full_load,s13,W-00030,1,A,0,2,conflict
base,qwen3.5-9b,full_load,s13,W-00031,1,A,0,3,plan
base,qwen3.5-9b,full_load,s13,W-00032,0,A,0,4,plan
base,qwen3.5-9b,full_load,s13,W-00033,0,D,1,5,alloc
base,qwen3.5-9b,full_load,s13,W-00034,0,B,0,2,whatif
base,qwen3.5-9b,full_load,s13,W-00036,0,C,1,5,alloc
base,qwen3.5-9b,full_load,s13,W-00037,1,A,0,4,diag
base,qwen3.5-9b,full_load,s13,W-00038,0,D,0,4,precedence
base,qwen3.5-9b,full_load,s13,W-00039,1,A,0,3,precedence
base,qwen3.5-9b,full_load,s13,W-00040,0,D,0,2,capacity
base,qwen3.5-9b,full_load,s13,W-00041,0,B,0,2,conflict
base,qwen3.5-9b,full_load,s13,W-00042,0,A,0,3,plan
base,qwen3.5-9b,full_load,s13,W-00043,0,C,1,4,vendor
base,qwen3.5-9b,full_load,s13,W-00044,1,A,0,4,purchase
base,qwen3.5-9b,full_load,s13,W-00045,0,C,1,3,contract_gate
base,qwen3.5-9b,full_load,s13,W-00046,1,B,0,5,plan
base,qwen3.5-9b,full_load,s13,W-00047,0,C,1,5,purchase
base,qwen3.5-9b,full_load,s13,W-00048,1,A,0,2,lookup
base,qwen3.5-9b,full_load,s13,W-00049,0,B,0,3,lookup
base,qwen3.5-9b,full_load,s13,W-00050,1,A,0,4,precedence
base,qwen3.5-9b,full_load,s13,W-00051,0,D,0,4,plan
base,qwen3.5-9b,full_load,s13,W-00052,1,A,0,4,diag
base,qwen3.5-9b,full_load,s13,W-00053,1,B,0,3,lookup
base,qwen3.5-9b,full_load,s13,W-00055,0,D,0,3,capacity
base,qwen3.5-9b,full_load,s13,W-00056,0,A,0,2,lookup
base,qwen3.5-9b,full_load,s13,W-00057,1,A,0,4,plan
base,qwen3.5-9b,full_load,s13,W-00058,0,C,1,3,contract_gate
base,qwen3.5-9b,full_load,s13,W-00059,1,A,0,5,diag
base,qwen3.5-9b,full_load,s13,W-00061,0,C,0,4,contract_gate
base,qwen3.5-9b,full_load,s13,W-00062,0,A,0,4,diag
base,qwen3.5-9b,full_load,s13,W-00063,1,C,1,3,contract_gate
base,qwen3.5-9b,full_load,s13,W-00064,1,A,0,2,capacity
base,qwen3.5-9b,full_load,s13,W-00065,0,C,0,5,alloc
base,qwen3.5-9b,full_load,s13,W-00066,0,B,0,3,lookup
base,qwen3.5-9b,full_load,s13,W-00068,1,A,0,4,diag
base,qwen3.5-9b,full_load,s13,W-00069,1,A,0,4,whatif
base,qwen3.5-9b,full_load,s13,W-00070,1,B,0,3,contract_gate
base,qwen3.5-9b,full_load,s13,W-00071,1,A,0,5,renewal
base,qwen3.5-9b,full_load,s13,W-00072,0,C,1,2,budget
base,qwen3.5-9b,full_load,s13,W-00073,0,B,0,4,vendor
base,qwen3.5-9b,full_load,s13,W-00074,0,A,0,5,plan
base,qwen3.5-9b,full_load,s13,W-00075,0,C,0,4,contract_gate
base,qwen3.5-9b,full_load,s13,W-00076,0,D,1,5,alloc
base,qwen3.5-9b,full_load,s13,W-00077,0,D,0,3,capacity
base,qwen3.5-9b,full_load,s13,W-00078,0,B,0,3,budget
base,qwen3.5-9b,full_load,s13,W-00079,0,A,0,5,diag
base,qwen3.5-9b,full_load,s13,W-00080,1,A,0,3,lookup
base,qwen3.5-9b,full_load,s13,W-00081,0,C,1,4,purchase
base,qwen3.5-9b,full_load,s13,W-00082,1,A,0,2,budget
base,qwen3.5-9b,full_load,s13,W-00084,1,A,0,3,diag
base,qwen3.5-9b,full_load,s13,W-00085,0,C,1,4,alloc
base,qwen3.5-9b,full_load,s13,W-00086,0,D,0,2,budget
base,qwen3.5-9b,full_load,s13,W-00087,0,D,0,4,whatif
base,qwen3.5-9b,full_load,s13,W-00088,1,A,0,3,lookup
base,qwen3.5-9b,full_load,s13,W-00089,0,C,1,3,budget
base,qwen3.5-9b,full_load,s13,W-00090,1,A,0,2,conflict
base,qwen3.5-9b,full_load,s13,W-00091,0,B,0,2,conflict
base,qwen3.5-9b,full_load,s13,W-00094,0,C,1,4,contract_gate
base,qwen3.5-9b,full_load,s13,W-00095,0,D,0,3,sourcing
base,qwen3.5-9b,full_load,s13,W-00096,0,A,0,5,purchase
base,qwen3.5-9b,full_load,s13,W-00097,1,A,0,5,renewal
base,qwen3.5-9b,full_load,s13,W-00098,0,C,1,2,budget
base,qwen3.5-9b,full_load,s13,W-00099,0,A,0,3,lookup
base,qwen3.5-9b,full_load,s13,W-00100,0,B,0,4,plan
base,qwen3.5-9b,full_load,s13,W-00101,0,A,0,4,vendor
base,qwen3.5-9b,full_load,s13,W-00103,0,A,0,3,vendor
base,qwen3.5-9b,full_load,s13,W-00104,0,C,1,2,whatif
base,qwen3.5-9b,full_load,s13,W-00105,0,D,0,2,budget
base,qwen3.5-9b,full_load,s13,W-00106,1,A,0,4,temporal
base,qwen3.5-9b,full_load,s13,W-00107,0,C,1,4,contract_gate
base,qwen3.5-9b,full_load,s13,W-00108,1,B,0,2,conflict
base,qwen3.5-9b,full_load,s13,W-00109,1,A,0,3,lookup
base,qwen3.5-9b,full_load,s13,W-00110,1,B,0,4,diag
base,qwen3.5-9b,full_load,s13,W-00111,1,A,0,4,contract_gate
base,qwen3.5-9b,full_load,s13,W-00113,0,D,0,3,capacity
base,qwen3.5-9b,full_load,s13,W-00114,1,A,0,4,plan
base,qwen3.5-9b,full_load,s13,W-00115,1,D,0,4,diag
base,qwen3.5-9b,full_load,s13,W-00116,0,C,1,3,budget
base,qwen3.5-9b,full_load,s13,W-00117,1,A,0,2,conflict
base,qwen3.5-9b,full_load,s13,W-00118,0,B,0,2,lookup
base,qwen3.5-9b,full_load,s13,W-00119,1,A,0,3,lookup
base,qwen3.5-9b,full_load,s13,W-00120,0,D,0,4,sourcing
base,qwen3.5-9b,full_load,s13,W-00121,0,D,1,4,vendor
base,qwen3.5-9b,full_load,s13,W-00122,1,A,0,3,plan
base,qwen3.5-9b,full_load,s13,W-00123,0,B,0,2,conflict
base,qwen3.5-9b,full_load,s13,W-00124,1,A,0,5,diag
base,qwen3.5-9b,full_load,s13,W-00126,0,D,0,3,whatif
base,qwen3.5-9b,full_load,s13,W-00127,1,A,0,4,diag
base,qwen3.5-9b,full_load,s13,W-00128,0,B,0,3,lookup
base,qwen3.5-9b,full_load,s13,W-00129,0,C,1,4,purchase
base,qwen3.5-9b,full_load,s13,W-00130,1,A,0,2,temporal
base,qwen3.5-9b,full_load,s13,W-00131,1,B,0,3,plan
base,qwen3.5-9b,full_load,s13,W-00132,1,A,0,4,purchase
base,qwen3.5-9b,full_load,s13,W-00133,0,D,0,2,capacity
base,qwen3.5-9b,full_load,s13,W-00134,0,C,1,5,purchase
base,qwen3.5-9b,full_load,s13,W-00135,1,A,0,3,lookup
base,qwen3.5-9b,full_load,s13,W-00136,1,A,0,4,purchase
base,qwen3.5-9b,full_load,s13,W-00137,0,D,0,5,temporal
base,qwen3.5-9b,full_load,s13,W-00138,1,C,1,2,sourcing
base,qwen3.5-9b,full_load,s13,W-00139,0,B,0,4,renewal
base,qwen3.5-9b,full_load,s13,W-00140,1,A,0,3,lookup
base,qwen3.5-9b,full_load,s13,W-00141,0,B,0,4,plan
base,qwen3.5-9b,full_load,s13,W-00142,0,A,0,3,plan
base,qwen3.5-9b,full_load,s13,W-00143,0,C,1,5,purchase
base,qwen3.5-9b,full_load,s13,W-00144,0,D,0,2,budget
base,qwen3.5-9b,full_load,s13,W-00145,1,A,0,3,capacity
base,qwen3.5-9b,full_load,s13,W-00146,0,A,0,4,contract_gate
base,qwen3.5-9b,full_load,s13,W-00147,0,C,1,5,purchase
base,qwen3.5-9b,full_load,s13,W-00148,0,B,0,3,lookup
base,qwen3.5-9b,full_load,s13,W-00149,0,A,0,2,conflict
base,qwen3.5-9b,full_load,s13,W-00150,0,C,0,4,contract_gate
base,qwen3.5-9b,full_load,s14,W-00002,0,C,1,3,capacity
base,qwen3.5-9b,full_load,s14,W-00003,1,A,0,4,precedence
base,qwen3.5-9b,full_load,s14,W-00004,1,A,0,2,conflict
base,qwen3.5-9b,full_load,s14,W-00006,1,A,0,4,plan
base,qwen3.5-9b,full_load,s14,W-00007,1,A,0,3,precedence
base,qwen3.5-9b,full_load,s14,W-00008,0,B,0,5,purchase
base,qwen3.5-9b,full_load,s14,W-00009,0,C,1,2,budget
base,qwen3.5-9b,full_load,s14,W-00010,0,D,0,3,budget
base,qwen3.5-9b,full_load,s14,W-00011,0,A,0,3,plan
base,qwen3.5-9b,full_load,s14,W-00012,1,B,0,4,whatif
base,qwen3.5-9b,full_load,s14,W-00013,1,A,0,5,temporal
base,qwen3.5-9b,full_load,s14,W-00014,0,D,1,5,purchase
base,qwen3.5-9b,full_load,s14,W-00015,0,B,0,2,budget
base,qwen3.5-9b,full_load,s14,W-00016,1,A,0,4,whatif
base,qwen3.5-9b,full_load,s14,W-00017,1,B,0,2,conflict
base,qwen3.5-9b,full_load,s14,W-00018,0,C,1,4,contract_gate
base,qwen3.5-9b,full_load,s14,W-00019,1,A,0,3,lookup
base,qwen3.5-9b,full_load,s14,W-00020,1,A,0,4,renewal
base,qwen3.5-9b,full_load,s14,W-00021,0,A,0,4,plan
base,qwen3.5-9b,full_load,s14,W-00022,1,B,0,2,conflict
base,qwen3.5-9b,full_load,s14,W-00023,0,C,1,5,alloc
base,qwen3.5-9b,full_load,s14,W-00024,1,A,0,2,lookup
base,qwen3.5-9b,full_load,s14,W-00025,0,C,0,5,alloc
base,qwen3.5-9b,full_load,s14,W-00026,0,B,0,3,lookup
base,qwen3.5-9b,full_load,s14,W-00027,1,C,1,3,contract_gate
base,qwen3.5-9b,full_load,s14,W-00028,0,B,0,5,purchase
base,qwen3.5-9b,full_load,s14,W-00029,0,A,0,2,capacity
base,qwen3.5-9b,full_load,s14,W-00030,1,A,0,4,whatif
base,qwen3.5-9b,full_load,s14,W-00031,1,A,0,4,plan
base,qwen3.5-9b,full_load,s14,W-00032,0,C,1,3,capacity
base,qwen3.5-9b,full_load,s14,W-00033,0,D,0,2,capacity
base,qwen3.5-9b,full_load,s14,W-00034,0,D,0,3,contract_gate
base,qwen3.5-9b,full_load,s14,W-00035,0,A,0,3,sourcing
base,qwen3.5-9b,full_load,s14,W-00036,0,C,1,3,capacity
base,qwen3.5-9b,full_load,s14,W-00037,1,A,0,3,lookup
base,qwen3.5-9b,full_load,s14,W-00038,0,B,0,4,whatif
base,qwen3.5-9b,full_load,s14,W-00039,0,B,0,4,vendor
base,qwen3.5-9b,full_load,s14,W-00040,0,D,0,2,capacity
base,qwen3.5-9b,full_load,s14,W-00041,0,C,1,3,purchase
base,qwen3.5-9b,full_load,s14,W-00042,1,A,0,4,temporal
base,qwen3.5-9b,full_load,s14,W-00043,1,A,0,3,diag
base,qwen3.5-9b,full_load,s14,W-00044,0,B,0,5,purchase
base,qwen3.5-9b,full_load,s14,W-00045,0,C,1,4,contract_gate
base,qwen3.5-9b,full_load,s14,W-00046,1,A,0,3,lookup
base,qwen3.5-9b,full_load,s14,W-00047,1,A,0,4,renewal
base,qwen3.5-9b,full_load,s14,W-00048,0,B,0,5,plan
base,qwen3.5-9b,full_load,s14,W-00049,0,C,1,5,alloc
base,qwen3.5-9b,full_load,s14,W-00050,0,A,0,2,conflict
base,qwen3.5-9b,full_load,s14,W-00051,0,C,1,3,contract_gate
base,qwen3.5-9b,full_load,s14,W-00052,0,A,0,3,diag
base,qwen3.5-9b,full_load,s14,W-00053,0,B,0,4,alloc
base,qwen3.5-9b,full_load,s14,W-00054,0,A,0,5,whatif
base,qwen3.5-9b,full_load,s14,W-00055,0,D,0,3,capacity
base,qwen3.5-9b,full_load,s14,W-00056,1,A,0,2,lookup
base,qwen3.5-9b,full_load,s14,W-00057,0,D,0,2,capacity
base,qwen3.5-9b,full_load,s14,W-00058,0,C,1,5,alloc
base,qwen3.5-9b,full_load,s14,W-00059,0,A,0,4,contract_gate
base,qwen3.5-9b,full_load,s14,W-00060,0,B,0,4,purchase
base,qwen3.5-9b,full_load,s14,W-00061,0,B,0,2,conflict
base,qwen3.5-9b,full_load,s14,W-00062,0,A,0,3,plan
base,qwen3.5-9b,full_load,s14,W-00063,0,A,0,4,plan
base,qwen3.5-9b,full_load,s14,W-00064,0,D,1,4,sourcing
base,qwen3.5-9b,full_load,s14,W-00065,0,D,0,2,budget
base,qwen3.5-9b,full_load,s14,W-00066,0,D,0,3,capacity
base,qwen3.5-9b,full_load,s14,W-00067,0,D,1,4,sourcing
base,qwen3.5-9b,full_load,s14,W-00068,1,A,0,2,lookup
base,qwen3.5-9b,full_load,s14,W-00069,1,A,0,3,conflict
base,qwen3.5-9b,full_load,s14,W-00070,1,B,0,3,contract_gate
base,qwen3.5-9b,full_load,s14,W-00071,1,A,0,2,lookup
base,qwen3.5-9b,full_load,s14,W-00072,1,A,0,3,vendor
base,qwen3.5-9b,full_load,s14,W-00073,1,C,1,4,purchase
base,qwen3.5-9b,full_load,s14,W-00074,1,B,0,4,precedence
base,qwen3.5-9b,full_load,s14,W-00075,0,D,0,3,capacity
base,qwen3.5-9b,full_load,s14,W-00076,0,C,1,4,purchase
base,qwen3.5-9b,full_load,s14,W-00077,0,C,0,5,alloc
base,qwen3.5-9b,full_load,s14,W-00078,1,A,0,2,whatif
base,qwen3.5-9b,full_load,s14,W-00079,0,D,0,3,capacity
base,qwen3.5-9b,full_load,s14,W-00080,1,A,0,4,temporal
base,qwen3.5-9b,full_load,s14,W-00081,1,B,0,4,plan
base,qwen3.5-9b,full_load,s14,W-00082,0,C,1,3,sourcing
base,qwen3.5-9b,full_load,s14,W-00083,1,A,0,2,conflict
base,qwen3.5-9b,full_load,s14,W-00084,0,A,0,5,purchase
base,qwen3.5-9b,full_load,s14,W-00085,0,C,1,5,alloc
base,qwen3.5-9b,full_load,s14,W-00086,0,B,0,3,lookup
base,qwen3.5-9b,full_load,s14,W-00087,0,A,0,4,plan
base,qwen3.5-9b,full_load,s14,W-00088,0,B,0,3,lookup
base,qwen3.5-9b,full_load,s14,W-00089,0,C,1,2,capacity
base,qwen3.5-9b,full_load,s14,W-00090,1,A,0,4,contract_gate
base,qwen3.5-9b,full_load,s14,W-00091,0,A,0,4,plan
base,qwen3.5-9b,full_load,s14,W-00092,0,D,0,3,vendor
base,qwen3.5-9b,full_load,s14,W-00093,0,C,0,2,temporal
base,qwen3.5-9b,full_load,s14,W-00094,0,C,1,5,alloc
base,qwen3.5-9b,full_load,s14,W-00095,1,A,0,3,lookup
base,qwen3.5-9b,full_load,s14,W-00096,1,B,0,4,plan
base,qwen3.5-9b,full_load,s14,W-00097,1,A,0,2,budget
base,qwen3.5-9b,full_load,s14,W-00098,0,C,1,4,contract_gate
base,qwen3.5-9b,full_load,s14,W-00099,1,A,0,3,plan
base,qwen3.5-9b,full_load,s14,W-00100,0,B,0,5,purchase
base,qwen3.5-9b,full_load,s14,W-00101,0,C,1,5,purchase
base,qwen3.5-9b,full_load,s14,W-00102,1,A,0,4,plan
base,qwen3.5-9b,full_load,s14,W-00103,0,B,0,3,lookup
base,qwen3.5-9b,full_load,s14,W-00104,1,A,0,2,conflict
base,qwen3.5-9b,full_load,s14,W-00105,0,C,1,3,contract_gate
base,qwen3.5-9b,full_load,s14,W-00106,1,A,0,4,renewal
base,qwen3.5-9b,full_load,s14,W-00107,0,D,0,5,alloc
base,qwen3.5-9b,full_load,s14,W-00108,0,B,0,3,lookup
base,qwen3.5-9b,full_load,s14,W-00109,0,A,0,2,capacity
base,qwen3.5-9b,full_load,s14,W-00110,0,D,0,4,sourcing
base,qwen3.5-9b,full_load,s14,W-00111,1,A,0,5,temporal
base,qwen3.5-9b,full_load,s14,W-00112,0,D,1,3,capacity
base,qwen3.5-9b,full_load,s14,W-00113,0,B,0,4,contract_gate
base,qwen3.5-9b,full_load,s14,W-00114,1,A,0,2,budget
base,qwen3.5-9b,full_load,s14,W-00115,0,C,0,5,alloc
base,qwen3.5-9b,full_load,s14,W-00116,0,C,1,3,capacity
base,qwen3.5-9b,full_load,s14,W-00117,0,A,0,4,temporal
base,qwen3.5-9b,full_load,s14,W-00118,0,B,0,3,lookup
base,qwen3.5-9b,full_load,s14,W-00119,0,C,0,2,budget
base,qwen3.5-9b,full_load,s14,W-00120,0,A,0,4,diag
base,qwen3.5-9b,full_load,s14,W-00121,0,A,0,3,plan
base,qwen3.5-9b,full_load,s14,W-00122,0,C,1,2,vendor
base,qwen3.5-9b,full_load,s14,W-00123,1,B,0,5,plan
base,qwen3.5-9b,full_load,s14,W-00124,1,A,0,4,whatif
base,qwen3.5-9b,full_load,s14,W-00125,0,C,1,5,alloc
base,qwen3.5-9b,full_load,s14,W-00126,0,D,0,4,purchase
base,qwen3.5-9b,full_load,s14,W-00127,1,A,0,3,lookup
base,qwen3.5-9b,full_load,s14,W-00128,0,B,0,3,lookup
base,qwen3.5-9b,full_load,s14,W-00129,0,C,1,4,purchase
base,qwen3.5-9b,full_load,s14,W-00131,1,A,0,3,plan
base,qwen3.5-9b,full_load,s14,W-00132,0,D,0,4,sourcing
base,qwen3.5-9b,full_load,s14,W-00133,0,B,0,2,capacity
base,qwen3.5-9b,full_load,s14,W-00134,0,C,1,4,purchase
base,qwen3.5-9b,full_load,s14,W-00135,1,A,0,3,lookup
base,qwen3.5-9b,full_load,s14,W-00136,1,A,0,5,diag
base,qwen3.5-9b,full_load,s14,W-00137,0,D,0,5,purchase
base,qwen3.5-9b,full_load,s14,W-00138,0,C,1,4,contract_gate
base,qwen3.5-9b,full_load,s14,W-00139,0,B,0,2,budget
base,qwen3.5-9b,full_load,s14,W-00140,1,A,0,3,lookup
base,qwen3.5-9b,full_load,s14,W-00141,0,D,0,3,vendor
base,qwen3.5-9b,full_load,s14,W-00142,1,A,0,4,precedence
base,qwen3.5-9b,full_load,s14,W-00143,0,C,1,2,whatif
base,qwen3.5-9b,full_load,s14,W-00144,0,A,0,5,diag
base,qwen3.5-9b,full_load,s14,W-00145,0,B,0,3,lookup
base,qwen3.5-9b,full_load,s14,W-00146,1,D,0,4,contract_gate
base,qwen3.5-9b,full_load,s14,W-00147,0,C,1,5,alloc
base,qwen3.5-9b,full_load,s14,W-00148,1,B,0,5,plan
base,qwen3.5-9b,full_load,s14,W-00149,1,A,0,5,plan
base,qwen3.5-9b,full_load,s14,W-00150,0,A,0,3,temporal
base,deepseek-v4-flash,direct,s12,W-00001,0,C,1,3,capacity
base,deepseek-v4-flash,direct,s12,W-00003,1,A,0,4,plan
base,deepseek-v4-flash,direct,s12,W-00004,1,A,0,4,temporal
base,deepseek-v4-flash,direct,s12,W-00005,0,D,1,4,alloc
base,deepseek-v4-flash,direct,s12,W-00006,0,B,0,3,budget
base,deepseek-v4-flash,direct,s12,W-00007,1,A,0,2,budget
base,deepseek-v4-flash,direct,s12,W-00008,0,C,1,2,sourcing
base,deepseek-v4-flash,direct,s12,W-00009,1,B,0,2,conflict
base,deepseek-v4-flash,direct,s12,W-00010,0,C,1,3,budget
base,deepseek-v4-flash,direct,s12,W-00011,1,A,0,4,plan
base,deepseek-v4-flash,direct,s12,W-00012,0,B,0,4,vendor
base,deepseek-v4-flash,direct,s12,W-00013,0,A,0,5,diag
base,deepseek-v4-flash,direct,s12,W-00014,0,A,0,3,diag
base,deepseek-v4-flash,direct,s12,W-00015,1,A,0,3,lookup
base,deepseek-v4-flash,direct,s12,W-00016,0,C,0,2,budget
base,deepseek-v4-flash,direct,s12,W-00017,0,B,0,4,contract_gate
base,deepseek-v4-flash,direct,s12,W-00018,0,C,1,5,alloc
base,deepseek-v4-flash,direct,s12,W-00019,1,A,0,3,precedence
base,deepseek-v4-flash,direct,s12,W-00020,1,A,0,4,precedence
base,deepseek-v4-flash,direct,s12,W-00022,1,A,0,3,precedence
base,deepseek-v4-flash,direct,s12,W-00023,0,D,1,5,alloc
base,deepseek-v4-flash,direct,s12,W-00024,1,A,0,2,conflict
base,deepseek-v4-flash,direct,s12,W-00025,1,B,0,4,temporal
base,deepseek-v4-flash,direct,s12,W-00026,0,C,1,3,temporal
base,deepseek-v4-flash,direct,s12,W-00027,1,C,1,4,renewal
base,deepseek-v4-flash,direct,s12,W-00028,0,B,0,5,purchase
base,deepseek-v4-flash,direct,s12,W-00029,1,A,0,2,capacity
base,deepseek-v4-flash,direct,s12,W-00030,1,A,0,4,plan
base,deepseek-v4-flash,direct,s12,W-00031,0,C,1,3,vendor
base,deepseek-v4-flash,direct,s12,W-00032,1,A,0,3,plan
base,deepseek-v4-flash,direct,s12,W-00033,0,B,0,2,conflict
base,deepseek-v4-flash,direct,s12,W-00034,0,A,0,4,contract_gate
base,deepseek-v4-flash,direct,s12,W-00035,0,D,1,4,sourcing
base,deepseek-v4-flash,direct,s12,W-00036,0,D,0,3,capacity
base,deepseek-v4-flash,direct,s12,W-00037,1,A,0,2,lookup
base,deepseek-v4-flash,direct,s12,W-00038,0,C,1,5,purchase
base,deepseek-v4-flash,direct,s12,W-00039,0,A,0,5,diag
base,deepseek-v4-flash,direct,s12,W-00040,0,B,0,3,lookup
base,deepseek-v4-flash,direct,s12,W-00041,0,D,0,5,diag
base,deepseek-v4-flash,direct,s12,W-00042,1,A,0,4,whatif
base,deepseek-v4-flash,direct,s12,W-00043,1,C,1,2,sourcing
base,deepseek-v4-flash,direct,s12,W-00044,1,A,0,3,precedence
base,deepseek-v4-flash,direct,s12,W-00045,0,B,0,3,lookup
base,deepseek-v4-flash,direct,s12,W-00046,0,D,0,4,contract_gate
base,deepseek-v4-flash,direct,s12,W-00047,1,A,0,5,diag
base,deepseek-v4-flash,direct,s12,W-00048,0,B,0,5,purchase
base,deepseek-v4-flash,direct,s12,W-00049,0,A,0,3,capacity
base,deepseek-v4-flash,direct,s12,W-00050,1,C,1,4,purchase
base,deepseek-v4-flash,direct,s12,W-00051,1,A,0,3,plan
base,deepseek-v4-flash,direct,s12,W-00052,0,D,1,5,alloc
base,deepseek-v4-flash,direct,s12,W-00053,0,D,0,4,contract_gate
base,deepseek-v4-flash,direct,s12,W-00054,1,A,0,2,conflict
base,deepseek-v4-flash,direct,s12,W-00055,0,B,0,3,lookup
base,deepseek-v4-flash,direct,s12,W-00056,0,C,1,2,capacity
base,deepseek-v4-flash,direct,s12,W-00057,0,A,0,5,vendor
base,deepseek-v4-flash,direct,s12,W-00058,0,B,0,4,whatif
base,deepseek-v4-flash,direct,s12,W-00059,1,A,0,3,lookup
base,deepseek-v4-flash,direct,s12,W-00060,0,D,0,2,budget
base,deepseek-v4-flash,direct,s12,W-00061,0,C,1,4,contract_gate
base,deepseek-v4-flash,direct,s12,W-00062,1,A,0,3,plan
base,deepseek-v4-flash,direct,s12,W-00063,0,B,0,2,sourcing
base,deepseek-v4-flash,direct,s12,W-00064,1,A,0,4,plan
base,deepseek-v4-flash,direct,s12,W-00065,0,D,0,3,lookup
base,deepseek-v4-flash,direct,s12,W-00066,0,C,1,5,purchase
base,deepseek-v4-flash,direct,s12,W-00067,1,A,0,4,diag
base,deepseek-v4-flash,direct,s12,W-00068,0,B,0,4,purchase
base,deepseek-v4-flash,direct,s12,W-00069,0,A,0,5,diag
base,deepseek-v4-flash,direct,s12,W-00070,0,D,0,3,contract_gate
base,deepseek-v4-flash,direct,s12,W-00071,0,A,0,3,vendor
base,deepseek-v4-flash,direct,s12,W-00072,0,D,0,2,budget
base,deepseek-v4-flash,direct,s12,W-00073,0,B,0,5,plan
base,deepseek-v4-flash,direct,s12,W-00074,1,A,0,2,budget
base,deepseek-v4-flash,direct,s12,W-00076,0,C,1,3,capacity
base,deepseek-v4-flash,direct,s12,W-00077,1,A,0,2,lookup
base,deepseek-v4-flash,direct,s12,W-00078,1,B,0,4,temporal
base,deepseek-v4-flash,direct,s12,W-00079,1,A,0,3,diag
base,deepseek-v4-flash,direct,s12,W-00080,0,D,0,5,purchase
base,deepseek-v4-flash,direct,s12,W-00081,0,B,0,2,conflict
base,deepseek-v4-flash,direct,s12,W-00082,0,B,0,2,lookup
base,deepseek-v4-flash,direct,s12,W-00083,1,A,0,3,budget
base,deepseek-v4-flash,direct,s12,W-00084,1,A,0,4,diag
base,deepseek-v4-flash,direct,s12,W-00085,0,C,1,3,contract_gate
base,deepseek-v4-flash,direct,s12,W-00087,1,A,0,4,diag
base,deepseek-v4-flash,direct,s12,W-00088,0,C,1,3,capacity
base,deepseek-v4-flash,direct,s12,W-00089,1,A,0,4,temporal
base,deepseek-v4-flash,direct,s12,W-00090,0,D,0,5,purchase
base,deepseek-v4-flash,direct,s12,W-00091,1,A,0,4,diag
base,deepseek-v4-flash,direct,s12,W-00092,0,B,0,3,lookup
base,deepseek-v4-flash,direct,s12,W-00093,0,C,0,4,contract_gate
base,deepseek-v4-flash,direct,s12,W-00094,0,C,1,2,capacity
base,deepseek-v4-flash,direct,s12,W-00095,1,A,0,3,lookup
base,deepseek-v4-flash,direct,s12,W-00096,1,A,0,4,diag
base,deepseek-v4-flash,direct,s12,W-00097,0,D,0,5,purchase
base,deepseek-v4-flash,direct,s12,W-00098,0,C,1,2,whatif
base,deepseek-v4-flash,direct,s12,W-00099,1,A,0,3,precedence
base,deepseek-v4-flash,direct,s12,W-00100,0,B,0,5,alloc
base,deepseek-v4-flash,direct,s12,W-00102,1,A,0,2,lookup
base,deepseek-v4-flash,direct,s12,W-00103,0,C,1,5,whatif
base,deepseek-v4-flash,direct,s12,W-00104,1,A,0,5,plan
base,deepseek-v4-flash,direct,s12,W-00105,0,B,0,3,capacity
base,deepseek-v4-flash,direct,s12,W-00106,0,C,0,4,contract_gate
base,deepseek-v4-flash,direct,s12,W-00107,0,C,1,2,capacity
base,deepseek-v4-flash,direct,s12,W-00108,1,B,0,3,lookup
base,deepseek-v4-flash,direct,s12,W-00109,0,A,0,4,plan
base,deepseek-v4-flash,direct,s12,W-00110,0,A,0,4,temporal
base,deepseek-v4-flash,direct,s12,W-00111,0,A,0,4,precedence
base,deepseek-v4-flash,direct,s12,W-00112,0,C,1,5,alloc
base,deepseek-v4-flash,direct,s12,W-00113,0,B,0,3,budget
base,deepseek-v4-flash,direct,s12,W-00114,1,A,0,2,conflict
base,deepseek-v4-flash,direct,s12,W-00116,0,C,1,3,budget
base,deepseek-v4-flash,direct,s12,W-00117,1,A,0,4,diag
base,deepseek-v4-flash,direct,s12,W-00118,0,B,0,3,lookup
base,deepseek-v4-flash,direct,s12,W-00119,1,A,0,2,conflict
base,deepseek-v4-flash,direct,s12,W-00120,0,D,0,5,purchase
base,deepseek-v4-flash,direct,s12,W-00121,1,B,0,2,conflict
base,deepseek-v4-flash,direct,s12,W-00122,0,A,0,4,plan
base,deepseek-v4-flash,direct,s12,W-00123,0,C,1,5,alloc
base,deepseek-v4-flash,direct,s12,W-00124,1,A,0,4,precedence
base,deepseek-v4-flash,direct,s12,W-00125,0,C,1,3,capacity
base,deepseek-v4-flash,direct,s12,W-00126,0,D,0,3,whatif
base,deepseek-v4-flash,direct,s12,W-00127,1,A,0,2,lookup
base,deepseek-v4-flash,direct,s12,W-00128,0,B,0,3,lookup
base,deepseek-v4-flash,direct,s12,W-00129,0,C,1,5,alloc
base,deepseek-v4-flash,direct,s12,W-00130,0,A,0,4,purchase
base,deepseek-v4-flash,direct,s12,W-00131,0,A,0,4,plan
base,deepseek-v4-flash,direct,s12,W-00132,0,D,0,3,capacity
base,deepseek-v4-flash,direct,s12,W-00133,0,B,0,5,whatif
base,deepseek-v4-flash,direct,s12,W-00134,0,C,1,2,sourcing
base,deepseek-v4-flash,direct,s12,W-00135,1,A,0,3,diag
base,deepseek-v4-flash,direct,s12,W-00136,1,A,0,4,diag
base,deepseek-v4-flash,direct,s12,W-00137,0,D,0,5,temporal
base,deepseek-v4-flash,direct,s12,W-00138,0,C,1,2,budget
base,deepseek-v4-flash,direct,s12,W-00139,1,A,0,3,lookup
base,deepseek-v4-flash,direct,s12,W-00141,0,A,0,2,lookup
base,deepseek-v4-flash,direct,s12,W-00142,0,C,1,4,contract_gate
base,deepseek-v4-flash,direct,s12,W-00144,0,A,0,4,diag
base,deepseek-v4-flash,direct,s12,W-00145,0,D,0,3,precedence
base,deepseek-v4-flash,direct,s12,W-00146,0,A,0,4,diag
base,deepseek-v4-flash,direct,s12,W-00147,0,C,1,2,sourcing
base,deepseek-v4-flash,direct,s12,W-00148,0,B,0,3,lookup
base,deepseek-v4-flash,direct,s12,W-00149,1,A,0,4,diag
base,deepseek-v4-flash,direct,s12,W-00150,0,D,0,4,whatif
base,deepseek-v4-flash,direct,s13,W-00002,0,C,1,2,budget
base,deepseek-v4-flash,direct,s13,W-00003,0,D,0,5,alloc
base,deepseek-v4-flash,direct,s13,W-00005,0,C,1,2,budget
base,deepseek-v4-flash,direct,s13,W-00006,0,D,0,3,budget
base,deepseek-v4-flash,direct,s13,W-00007,0,A,0,4,diag
base,deepseek-v4-flash,direct,s13,W-00008,0,A,0,5,diag
base,deepseek-v4-flash,direct,s13,W-00009,0,D,1,4,alloc
base,deepseek-v4-flash,direct,s13,W-00010,1,A,0,2,lookup
base,deepseek-v4-flash,direct,s13,W-00011,1,A,0,3,vendor
base,deepseek-v4-flash,direct,s13,W-00012,1,A,0,3,precedence
base,deepseek-v4-flash,direct,s13,W-00013,0,C,1,5,temporal
base,deepseek-v4-flash,direct,s13,W-00014,0,B,0,3,budget
base,deepseek-v4-flash,direct,s13,W-00015,1,B,0,4,precedence
base,deepseek-v4-flash,direct,s13,W-00016,0,A,0,2,budget
base,deepseek-v4-flash,direct,s13,W-00017,1,A,0,3,lookup
base,deepseek-v4-flash,direct,s13,W-00018,0,C,1,4,alloc
base,deepseek-v4-flash,direct,s13,W-00019,0,C,1,4,contract_gate
base,deepseek-v4-flash,direct,s13,W-00020,0,A,0,4,diag
base,deepseek-v4-flash,direct,s13,W-00021,0,C,1,4,vendor
base,deepseek-v4-flash,direct,s13,W-00022,0,A,0,3,diag
base,deepseek-v4-flash,direct,s13,W-00023,0,B,0,3,capacity
base,deepseek-v4-flash,direct,s13,W-00024,1,A,0,4,temporal
base,deepseek-v4-flash,direct,s13,W-00025,0,B,0,2,conflict
base,deepseek-v4-flash,direct,s13,W-00026,0,B,0,3,budget
base,deepseek-v4-flash,direct,s13,W-00027,0,D,0,2,capacity
base,deepseek-v4-flash,direct,s13,W-00028,1,A,0,4,plan
base,deepseek-v4-flash,direct,s13,W-00029,0,B,0,3,lookup
base,deepseek-v4-flash,direct,s13,W-00030,1,A,0,2,conflict
base,deepseek-v4-flash,direct,s13,W-00031,1,A,0,3,plan
base,deepseek-v4-flash,direct,s13,W-00032,1,A,0,4,plan
base,deepseek-v4-flash,direct,s13,W-00033,0,D,1,5,alloc
base,deepseek-v4-flash,direct,s13,W-00034,0,B,0,2,whatif
base,deepseek-v4-flash,direct,s13,W-00036,0,C,1,5,alloc
base,deepseek-v4-flash,direct,s13,W-00037,1,A,0,4,diag
base,deepseek-v4-flash,direct,s13,W-00038,0,D,0,4,precedence
base,deepseek-v4-flash,direct,s13,W-00039,1,A,0,3,precedence
base,deepseek-v4-flash,direct,s13,W-00040,0,D,0,2,capacity
base,deepseek-v4-flash,direct,s13,W-00041,0,B,0,2,conflict
base,deepseek-v4-flash,direct,s13,W-00042,1,A,0,3,plan
base,deepseek-v4-flash,direct,s13,W-00043,0,C,1,4,vendor
base,deepseek-v4-flash,direct,s13,W-00044,1,A,0,4,purchase
base,deepseek-v4-flash,direct,s13,W-00045,0,C,1,3,contract_gate
base,deepseek-v4-flash,direct,s13,W-00046,0,B,0,5,plan
base,deepseek-v4-flash,direct,s13,W-00047,0,C,1,5,purchase
base,deepseek-v4-flash,direct,s13,W-00048,1,A,0,2,lookup
base,deepseek-v4-flash,direct,s13,W-00049,0,B,0,3,lookup
base,deepseek-v4-flash,direct,s13,W-00050,0,A,0,4,precedence
base,deepseek-v4-flash,direct,s13,W-00051,0,D,0,4,plan
base,deepseek-v4-flash,direct,s13,W-00052,1,A,0,4,diag
base,deepseek-v4-flash,direct,s13,W-00053,1,B,0,3,lookup
base,deepseek-v4-flash,direct,s13,W-00055,0,D,0,3,capacity
base,deepseek-v4-flash,direct,s13,W-00056,0,A,0,2,lookup
base,deepseek-v4-flash,direct,s13,W-00057,1,A,0,4,plan
base,deepseek-v4-flash,direct,s13,W-00058,0,C,1,3,contract_gate
base,deepseek-v4-flash,direct,s13,W-00059,0,A,0,5,diag
base,deepseek-v4-flash,direct,s13,W-00061,0,C,0,4,contract_gate
base,deepseek-v4-flash,direct,s13,W-00062,0,A,0,4,diag
base,deepseek-v4-flash,direct,s13,W-00063,0,C,1,3,contract_gate
base,deepseek-v4-flash,direct,s13,W-00064,1,A,0,2,capacity
base,deepseek-v4-flash,direct,s13,W-00065,0,C,0,5,alloc
base,deepseek-v4-flash,direct,s13,W-00066,0,B,0,3,lookup
base,deepseek-v4-flash,direct,s13,W-00068,1,A,0,4,diag
base,deepseek-v4-flash,direct,s13,W-00069,0,A,0,4,whatif
base,deepseek-v4-flash,direct,s13,W-00070,0,B,0,3,contract_gate
base,deepseek-v4-flash,direct,s13,W-00071,1,A,0,5,renewal
base,deepseek-v4-flash,direct,s13,W-00072,0,C,1,2,budget
base,deepseek-v4-flash,direct,s13,W-00073,0,B,0,4,vendor
base,deepseek-v4-flash,direct,s13,W-00074,0,A,0,5,plan
base,deepseek-v4-flash,direct,s13,W-00075,0,C,0,4,contract_gate
base,deepseek-v4-flash,direct,s13,W-00076,0,D,1,5,alloc
base,deepseek-v4-flash,direct,s13,W-00077,0,D,0,3,capacity
base,deepseek-v4-flash,direct,s13,W-00078,0,B,0,3,budget
base,deepseek-v4-flash,direct,s13,W-00079,0,A,0,5,diag
base,deepseek-v4-flash,direct,s13,W-00080,1,A,0,3,lookup
base,deepseek-v4-flash,direct,s13,W-00081,0,C,1,4,purchase
base,deepseek-v4-flash,direct,s13,W-00082,1,A,0,2,budget
base,deepseek-v4-flash,direct,s13,W-00084,1,A,0,3,diag
base,deepseek-v4-flash,direct,s13,W-00085,0,C,1,4,alloc
base,deepseek-v4-flash,direct,s13,W-00086,0,D,0,2,budget
base,deepseek-v4-flash,direct,s13,W-00087,0,D,0,4,whatif
base,deepseek-v4-flash,direct,s13,W-00088,1,A,0,3,lookup
base,deepseek-v4-flash,direct,s13,W-00089,0,C,1,3,budget
base,deepseek-v4-flash,direct,s13,W-00090,1,A,0,2,conflict
base,deepseek-v4-flash,direct,s13,W-00091,0,B,0,2,conflict
base,deepseek-v4-flash,direct,s13,W-00094,0,C,1,4,contract_gate
base,deepseek-v4-flash,direct,s13,W-00095,0,D,0,3,sourcing
base,deepseek-v4-flash,direct,s13,W-00096,1,A,0,5,purchase
base,deepseek-v4-flash,direct,s13,W-00097,1,A,0,5,renewal
base,deepseek-v4-flash,direct,s13,W-00098,0,C,1,2,budget
base,deepseek-v4-flash,direct,s13,W-00099,1,A,0,3,lookup
base,deepseek-v4-flash,direct,s13,W-00100,1,B,0,4,plan
base,deepseek-v4-flash,direct,s13,W-00101,1,A,0,4,vendor
base,deepseek-v4-flash,direct,s13,W-00103,0,A,0,3,vendor
base,deepseek-v4-flash,direct,s13,W-00104,0,C,1,2,whatif
base,deepseek-v4-flash,direct,s13,W-00105,0,D,0,2,budget
base,deepseek-v4-flash,direct,s13,W-00106,1,A,0,4,temporal
base,deepseek-v4-flash,direct,s13,W-00107,0,C,1,4,contract_gate
base,deepseek-v4-flash,direct,s13,W-00108,0,B,0,2,conflict
base,deepseek-v4-flash,direct,s13,W-00109,1,A,0,3,lookup
base,deepseek-v4-flash,direct,s13,W-00110,0,B,0,4,diag
base,deepseek-v4-flash,direct,s13,W-00111,1,A,0,4,contract_gate
base,deepseek-v4-flash,direct,s13,W-00113,0,D,0,3,capacity
base,deepseek-v4-flash,direct,s13,W-00114,1,A,0,4,plan
base,deepseek-v4-flash,direct,s13,W-00115,1,D,0,4,diag
base,deepseek-v4-flash,direct,s13,W-00116,0,C,1,3,budget
base,deepseek-v4-flash,direct,s13,W-00117,1,A,0,2,conflict
base,deepseek-v4-flash,direct,s13,W-00118,0,B,0,2,lookup
base,deepseek-v4-flash,direct,s13,W-00119,1,A,0,3,lookup
base,deepseek-v4-flash,direct,s13,W-00120,0,D,0,4,sourcing
base,deepseek-v4-flash,direct,s13,W-00121,0,D,1,4,vendor
base,deepseek-v4-flash,direct,s13,W-00122,1,A,0,3,plan
base,deepseek-v4-flash,direct,s13,W-00123,0,B,0,2,conflict
base,deepseek-v4-flash,direct,s13,W-00124,1,A,0,5,diag
base,deepseek-v4-flash,direct,s13,W-00126,0,D,0,3,whatif
base,deepseek-v4-flash,direct,s13,W-00127,0,A,0,4,diag
base,deepseek-v4-flash,direct,s13,W-00128,0,B,0,3,lookup
base,deepseek-v4-flash,direct,s13,W-00129,0,C,1,4,purchase
base,deepseek-v4-flash,direct,s13,W-00130,1,A,0,2,temporal
base,deepseek-v4-flash,direct,s13,W-00131,0,B,0,3,plan
base,deepseek-v4-flash,direct,s13,W-00132,1,A,0,4,purchase
base,deepseek-v4-flash,direct,s13,W-00133,0,D,0,2,capacity
base,deepseek-v4-flash,direct,s13,W-00134,0,C,1,5,purchase
base,deepseek-v4-flash,direct,s13,W-00135,1,A,0,3,lookup
base,deepseek-v4-flash,direct,s13,W-00136,1,A,0,4,purchase
base,deepseek-v4-flash,direct,s13,W-00137,0,D,0,5,temporal
base,deepseek-v4-flash,direct,s13,W-00138,0,C,1,2,sourcing
base,deepseek-v4-flash,direct,s13,W-00139,0,B,0,4,renewal
base,deepseek-v4-flash,direct,s13,W-00140,1,A,0,3,lookup
base,deepseek-v4-flash,direct,s13,W-00141,0,B,0,4,plan
base,deepseek-v4-flash,direct,s13,W-00142,1,A,0,3,plan
base,deepseek-v4-flash,direct,s13,W-00143,0,C,1,5,purchase
base,deepseek-v4-flash,direct,s13,W-00144,0,D,0,2,budget
base,deepseek-v4-flash,direct,s13,W-00145,1,A,0,3,capacity
base,deepseek-v4-flash,direct,s13,W-00146,0,A,0,4,contract_gate
base,deepseek-v4-flash,direct,s13,W-00147,0,C,1,5,purchase
base,deepseek-v4-flash,direct,s13,W-00148,0,B,0,3,lookup
base,deepseek-v4-flash,direct,s13,W-00149,1,A,0,2,conflict
base,deepseek-v4-flash,direct,s13,W-00150,0,C,0,4,contract_gate
base,deepseek-v4-flash,direct,s14,W-00002,0,C,1,3,capacity
base,deepseek-v4-flash,direct,s14,W-00003,1,A,0,4,precedence
base,deepseek-v4-flash,direct,s14,W-00004,1,A,0,2,conflict
base,deepseek-v4-flash,direct,s14,W-00006,1,A,0,4,plan
base,deepseek-v4-flash,direct,s14,W-00007,1,A,0,3,precedence
base,deepseek-v4-flash,direct,s14,W-00008,0,B,0,5,purchase
base,deepseek-v4-flash,direct,s14,W-00009,0,C,1,2,budget
base,deepseek-v4-flash,direct,s14,W-00010,0,D,0,3,budget
base,deepseek-v4-flash,direct,s14,W-00011,1,A,0,3,plan
base,deepseek-v4-flash,direct,s14,W-00012,0,B,0,4,whatif
base,deepseek-v4-flash,direct,s14,W-00013,0,A,0,5,temporal
base,deepseek-v4-flash,direct,s14,W-00014,0,D,1,5,purchase
base,deepseek-v4-flash,direct,s14,W-00015,0,B,0,2,budget
base,deepseek-v4-flash,direct,s14,W-00016,1,A,0,4,whatif
base,deepseek-v4-flash,direct,s14,W-00017,0,B,0,2,conflict
base,deepseek-v4-flash,direct,s14,W-00018,0,C,1,4,contract_gate
base,deepseek-v4-flash,direct,s14,W-00019,1,A,0,3,lookup
base,deepseek-v4-flash,direct,s14,W-00020,1,A,0,4,renewal
base,deepseek-v4-flash,direct,s14,W-00021,0,A,0,4,plan
base,deepseek-v4-flash,direct,s14,W-00022,0,B,0,2,conflict
base,deepseek-v4-flash,direct,s14,W-00023,0,C,1,5,alloc
base,deepseek-v4-flash,direct,s14,W-00024,1,A,0,2,lookup
base,deepseek-v4-flash,direct,s14,W-00025,0,C,0,5,alloc
base,deepseek-v4-flash,direct,s14,W-00026,1,B,0,3,lookup
base,deepseek-v4-flash,direct,s14,W-00027,0,C,1,3,contract_gate
base,deepseek-v4-flash,direct,s14,W-00028,0,B,0,5,purchase
base,deepseek-v4-flash,direct,s14,W-00029,1,A,0,2,capacity
base,deepseek-v4-flash,direct,s14,W-00030,1,A,0,4,whatif
base,deepseek-v4-flash,direct,s14,W-00031,0,A,0,4,plan
base,deepseek-v4-flash,direct,s14,W-00032,0,C,1,3,capacity
base,deepseek-v4-flash,direct,s14,W-00033,0,D,0,2,capacity
base,deepseek-v4-flash,direct,s14,W-00034,0,D,0,3,contract_gate
base,deepseek-v4-flash,direct,s14,W-00035,1,A,0,3,sourcing
base,deepseek-v4-flash,direct,s14,W-00036,0,C,1,3,capacity
base,deepseek-v4-flash,direct,s14,W-00037,1,A,0,3,lookup
base,deepseek-v4-flash,direct,s14,W-00038,0,B,0,4,whatif
base,deepseek-v4-flash,direct,s14,W-00039,0,B,0,4,vendor
base,deepseek-v4-flash,direct,s14,W-00040,0,D,0,2,capacity
base,deepseek-v4-flash,direct,s14,W-00041,0,C,1,3,purchase
base,deepseek-v4-flash,direct,s14,W-00042,1,A,0,4,temporal
base,deepseek-v4-flash,direct,s14,W-00043,1,A,0,3,diag
base,deepseek-v4-flash,direct,s14,W-00044,0,B,0,5,purchase
base,deepseek-v4-flash,direct,s14,W-00045,0,C,1,4,contract_gate
base,deepseek-v4-flash,direct,s14,W-00046,1,A,0,3,lookup
base,deepseek-v4-flash,direct,s14,W-00047,1,A,0,4,renewal
base,deepseek-v4-flash,direct,s14,W-00048,1,B,0,5,plan
base,deepseek-v4-flash,direct,s14,W-00049,0,C,1,5,alloc
base,deepseek-v4-flash,direct,s14,W-00050,1,A,0,2,conflict
base,deepseek-v4-flash,direct,s14,W-00051,0,C,1,3,contract_gate
base,deepseek-v4-flash,direct,s14,W-00052,0,A,0,3,diag
base,deepseek-v4-flash,direct,s14,W-00053,0,B,0,4,alloc
base,deepseek-v4-flash,direct,s14,W-00054,0,A,0,5,whatif
base,deepseek-v4-flash,direct,s14,W-00055,0,D,0,3,capacity
base,deepseek-v4-flash,direct,s14,W-00056,1,A,0,2,lookup
base,deepseek-v4-flash,direct,s14,W-00057,0,D,0,2,capacity
base,deepseek-v4-flash,direct,s14,W-00058,0,C,1,5,alloc
base,deepseek-v4-flash,direct,s14,W-00059,0,A,0,4,contract_gate
base,deepseek-v4-flash,direct,s14,W-00060,0,B,0,4,purchase
base,deepseek-v4-flash,direct,s14,W-00061,0,B,0,2,conflict
base,deepseek-v4-flash,direct,s14,W-00062,0,A,0,3,plan
base,deepseek-v4-flash,direct,s14,W-00063,0,A,0,4,plan
base,deepseek-v4-flash,direct,s14,W-00064,0,D,1,4,sourcing
base,deepseek-v4-flash,direct,s14,W-00065,0,D,0,2,budget
base,deepseek-v4-flash,direct,s14,W-00066,0,D,0,3,capacity
base,deepseek-v4-flash,direct,s14,W-00067,0,D,1,4,sourcing
base,deepseek-v4-flash,direct,s14,W-00068,1,A,0,2,lookup
base,deepseek-v4-flash,direct,s14,W-00069,1,A,0,3,conflict
base,deepseek-v4-flash,direct,s14,W-00070,0,B,0,3,contract_gate
base,deepseek-v4-flash,direct,s14,W-00071,0,A,0,2,lookup
base,deepseek-v4-flash,direct,s14,W-00072,1,A,0,3,vendor
base,deepseek-v4-flash,direct,s14,W-00073,1,C,1,4,purchase
base,deepseek-v4-flash,direct,s14,W-00074,1,B,0,4,precedence
base,deepseek-v4-flash,direct,s14,W-00075,0,D,0,3,capacity
base,deepseek-v4-flash,direct,s14,W-00076,0,C,1,4,purchase
base,deepseek-v4-flash,direct,s14,W-00077,0,C,0,5,alloc
base,deepseek-v4-flash,direct,s14,W-00078,1,A,0,2,whatif
base,deepseek-v4-flash,direct,s14,W-00079,0,D,0,3,capacity
base,deepseek-v4-flash,direct,s14,W-00080,1,A,0,4,temporal
base,deepseek-v4-flash,direct,s14,W-00081,0,B,0,4,plan
base,deepseek-v4-flash,direct,s14,W-00082,0,C,1,3,sourcing
base,deepseek-v4-flash,direct,s14,W-00083,1,A,0,2,conflict
base,deepseek-v4-flash,direct,s14,W-00084,1,A,0,5,purchase
base,deepseek-v4-flash,direct,s14,W-00085,0,C,1,5,alloc
base,deepseek-v4-flash,direct,s14,W-00086,0,B,0,3,lookup
base,deepseek-v4-flash,direct,s14,W-00087,1,A,0,4,plan
base,deepseek-v4-flash,direct,s14,W-00088,0,B,0,3,lookup
base,deepseek-v4-flash,direct,s14,W-00089,0,C,1,2,capacity
base,deepseek-v4-flash,direct,s14,W-00090,1,A,0,4,contract_gate
base,deepseek-v4-flash,direct,s14,W-00091,1,A,0,4,plan
base,deepseek-v4-flash,direct,s14,W-00092,0,D,0,3,vendor
base,deepseek-v4-flash,direct,s14,W-00093,0,C,0,2,temporal
base,deepseek-v4-flash,direct,s14,W-00094,0,C,1,5,alloc
base,deepseek-v4-flash,direct,s14,W-00095,1,A,0,3,lookup
base,deepseek-v4-flash,direct,s14,W-00096,0,B,0,4,plan
base,deepseek-v4-flash,direct,s14,W-00097,0,A,0,2,budget
base,deepseek-v4-flash,direct,s14,W-00098,0,C,1,4,contract_gate
base,deepseek-v4-flash,direct,s14,W-00099,1,A,0,3,plan
base,deepseek-v4-flash,direct,s14,W-00100,0,B,0,5,purchase
base,deepseek-v4-flash,direct,s14,W-00101,0,C,1,5,purchase
base,deepseek-v4-flash,direct,s14,W-00102,1,A,0,4,plan
base,deepseek-v4-flash,direct,s14,W-00103,0,B,0,3,lookup
base,deepseek-v4-flash,direct,s14,W-00104,1,A,0,2,conflict
base,deepseek-v4-flash,direct,s14,W-00105,0,C,1,3,contract_gate
base,deepseek-v4-flash,direct,s14,W-00106,1,A,0,4,renewal
base,deepseek-v4-flash,direct,s14,W-00107,0,D,0,5,alloc
base,deepseek-v4-flash,direct,s14,W-00108,0,B,0,3,lookup
base,deepseek-v4-flash,direct,s14,W-00109,1,A,0,2,capacity
base,deepseek-v4-flash,direct,s14,W-00110,0,D,0,4,sourcing
base,deepseek-v4-flash,direct,s14,W-00111,1,A,0,5,temporal
base,deepseek-v4-flash,direct,s14,W-00112,0,D,1,3,capacity
base,deepseek-v4-flash,direct,s14,W-00113,0,B,0,4,contract_gate
base,deepseek-v4-flash,direct,s14,W-00114,1,A,0,2,budget
base,deepseek-v4-flash,direct,s14,W-00115,0,C,0,5,alloc
base,deepseek-v4-flash,direct,s14,W-00116,0,C,1,3,capacity
base,deepseek-v4-flash,direct,s14,W-00117,0,A,0,4,temporal
base,deepseek-v4-flash,direct,s14,W-00118,0,B,0,3,lookup
base,deepseek-v4-flash,direct,s14,W-00119,0,C,0,2,budget
base,deepseek-v4-flash,direct,s14,W-00120,0,A,0,4,diag
base,deepseek-v4-flash,direct,s14,W-00121,0,A,0,3,plan
base,deepseek-v4-flash,direct,s14,W-00122,0,C,1,2,vendor
base,deepseek-v4-flash,direct,s14,W-00123,0,B,0,5,plan
base,deepseek-v4-flash,direct,s14,W-00124,0,A,0,4,whatif
base,deepseek-v4-flash,direct,s14,W-00125,0,C,1,5,alloc
base,deepseek-v4-flash,direct,s14,W-00126,0,D,0,4,purchase
base,deepseek-v4-flash,direct,s14,W-00127,1,A,0,3,lookup
base,deepseek-v4-flash,direct,s14,W-00128,1,B,0,3,lookup
base,deepseek-v4-flash,direct,s14,W-00129,0,C,1,4,purchase
base,deepseek-v4-flash,direct,s14,W-00131,0,A,0,3,plan
base,deepseek-v4-flash,direct,s14,W-00132,0,D,0,4,sourcing
base,deepseek-v4-flash,direct,s14,W-00133,0,B,0,2,capacity
base,deepseek-v4-flash,direct,s14,W-00134,0,C,1,4,purchase
base,deepseek-v4-flash,direct,s14,W-00135,1,A,0,3,lookup
base,deepseek-v4-flash,direct,s14,W-00136,0,A,0,5,diag
base,deepseek-v4-flash,direct,s14,W-00137,0,D,0,5,purchase
base,deepseek-v4-flash,direct,s14,W-00138,0,C,1,4,contract_gate
base,deepseek-v4-flash,direct,s14,W-00139,0,B,0,2,budget
base,deepseek-v4-flash,direct,s14,W-00140,1,A,0,3,lookup
base,deepseek-v4-flash,direct,s14,W-00141,0,D,0,3,vendor
base,deepseek-v4-flash,direct,s14,W-00142,1,A,0,4,precedence
base,deepseek-v4-flash,direct,s14,W-00143,0,C,1,2,whatif
base,deepseek-v4-flash,direct,s14,W-00144,1,A,0,5,diag
base,deepseek-v4-flash,direct,s14,W-00145,0,B,0,3,lookup
base,deepseek-v4-flash,direct,s14,W-00146,0,D,0,4,contract_gate
base,deepseek-v4-flash,direct,s14,W-00147,0,C,1,5,alloc
base,deepseek-v4-flash,direct,s14,W-00148,0,B,0,5,plan
base,deepseek-v4-flash,direct,s14,W-00149,0,A,0,5,plan
base,deepseek-v4-flash,direct,s14,W-00150,1,A,0,3,temporal
base,deepseek-v4-flash,routing,s12,W-00001,0,C,1,3,capacity
base,deepseek-v4-flash,routing,s12,W-00003,1,A,0,4,plan
base,deepseek-v4-flash,routing,s12,W-00004,1,A,0,4,temporal
base,deepseek-v4-flash,routing,s12,W-00005,0,D,1,4,alloc
base,deepseek-v4-flash,routing,s12,W-00006,1,B,0,3,budget
base,deepseek-v4-flash,routing,s12,W-00007,1,A,0,2,budget
base,deepseek-v4-flash,routing,s12,W-00008,1,C,1,2,sourcing
base,deepseek-v4-flash,routing,s12,W-00009,1,B,0,2,conflict
base,deepseek-v4-flash,routing,s12,W-00010,1,C,1,3,budget
base,deepseek-v4-flash,routing,s12,W-00011,1,A,0,4,plan
base,deepseek-v4-flash,routing,s12,W-00012,1,B,0,4,vendor
base,deepseek-v4-flash,routing,s12,W-00013,0,A,0,5,diag
base,deepseek-v4-flash,routing,s12,W-00014,1,A,0,3,diag
base,deepseek-v4-flash,routing,s12,W-00015,1,A,0,3,lookup
base,deepseek-v4-flash,routing,s12,W-00016,0,C,0,2,budget
base,deepseek-v4-flash,routing,s12,W-00017,0,B,0,4,contract_gate
base,deepseek-v4-flash,routing,s12,W-00018,0,C,1,5,alloc
base,deepseek-v4-flash,routing,s12,W-00019,1,A,0,3,precedence
base,deepseek-v4-flash,routing,s12,W-00020,1,A,0,4,precedence
base,deepseek-v4-flash,routing,s12,W-00022,1,A,0,3,precedence
base,deepseek-v4-flash,routing,s12,W-00023,0,D,1,5,alloc
base,deepseek-v4-flash,routing,s12,W-00024,1,A,0,2,conflict
base,deepseek-v4-flash,routing,s12,W-00025,1,B,0,4,temporal
base,deepseek-v4-flash,routing,s12,W-00026,0,C,1,3,temporal
base,deepseek-v4-flash,routing,s12,W-00027,1,C,1,4,renewal
base,deepseek-v4-flash,routing,s12,W-00028,0,B,0,5,purchase
base,deepseek-v4-flash,routing,s12,W-00029,1,A,0,2,capacity
base,deepseek-v4-flash,routing,s12,W-00030,1,A,0,4,plan
base,deepseek-v4-flash,routing,s12,W-00031,0,C,1,3,vendor
base,deepseek-v4-flash,routing,s12,W-00032,1,A,0,3,plan
base,deepseek-v4-flash,routing,s12,W-00033,0,B,0,2,conflict
base,deepseek-v4-flash,routing,s12,W-00034,0,A,0,4,contract_gate
base,deepseek-v4-flash,routing,s12,W-00035,0,D,1,4,sourcing
base,deepseek-v4-flash,routing,s12,W-00036,0,D,0,3,capacity
base,deepseek-v4-flash,routing,s12,W-00037,1,A,0,2,lookup
base,deepseek-v4-flash,routing,s12,W-00038,0,C,1,5,purchase
base,deepseek-v4-flash,routing,s12,W-00039,0,A,0,5,diag
base,deepseek-v4-flash,routing,s12,W-00040,0,B,0,3,lookup
base,deepseek-v4-flash,routing,s12,W-00041,0,D,0,5,diag
base,deepseek-v4-flash,routing,s12,W-00042,1,A,0,4,whatif
base,deepseek-v4-flash,routing,s12,W-00043,0,C,1,2,sourcing
base,deepseek-v4-flash,routing,s12,W-00044,1,A,0,3,precedence
base,deepseek-v4-flash,routing,s12,W-00045,1,B,0,3,lookup
base,deepseek-v4-flash,routing,s12,W-00046,0,D,0,4,contract_gate
base,deepseek-v4-flash,routing,s12,W-00047,1,A,0,5,diag
base,deepseek-v4-flash,routing,s12,W-00048,0,B,0,5,purchase
base,deepseek-v4-flash,routing,s12,W-00049,0,A,0,3,capacity
base,deepseek-v4-flash,routing,s12,W-00050,1,C,1,4,purchase
base,deepseek-v4-flash,routing,s12,W-00051,1,A,0,3,plan
base,deepseek-v4-flash,routing,s12,W-00052,0,D,1,5,alloc
base,deepseek-v4-flash,routing,s12,W-00053,0,D,0,4,contract_gate
base,deepseek-v4-flash,routing,s12,W-00054,1,A,0,2,conflict
base,deepseek-v4-flash,routing,s12,W-00055,1,B,0,3,lookup
base,deepseek-v4-flash,routing,s12,W-00056,1,C,1,2,capacity
base,deepseek-v4-flash,routing,s12,W-00057,0,A,0,5,vendor
base,deepseek-v4-flash,routing,s12,W-00058,0,B,0,4,whatif
base,deepseek-v4-flash,routing,s12,W-00059,1,A,0,3,lookup
base,deepseek-v4-flash,routing,s12,W-00060,0,D,0,2,budget
base,deepseek-v4-flash,routing,s12,W-00061,0,C,1,4,contract_gate
base,deepseek-v4-flash,routing,s12,W-00062,1,A,0,3,plan
base,deepseek-v4-flash,routing,s12,W-00063,0,B,0,2,sourcing
base,deepseek-v4-flash,routing,s12,W-00064,1,A,0,4,plan
base,deepseek-v4-flash,routing,s12,W-00065,0,D,0,3,lookup
base,deepseek-v4-flash,routing,s12,W-00066,0,C,1,5,purchase
base,deepseek-v4-flash,routing,s12,W-00067,1,A,0,4,diag
base,deepseek-v4-flash,routing,s12,W-00068,0,B,0,4,purchase
base,deepseek-v4-flash,routing,s12,W-00069,0,A,0,5,diag
base,deepseek-v4-flash,routing,s12,W-00070,0,D,0,3,contract_gate
base,deepseek-v4-flash,routing,s12,W-00071,0,A,0,3,vendor
base,deepseek-v4-flash,routing,s12,W-00072,0,D,0,2,budget
base,deepseek-v4-flash,routing,s12,W-00073,0,B,0,5,plan
base,deepseek-v4-flash,routing,s12,W-00074,1,A,0,2,budget
base,deepseek-v4-flash,routing,s12,W-00076,0,C,1,3,capacity
base,deepseek-v4-flash,routing,s12,W-00077,1,A,0,2,lookup
base,deepseek-v4-flash,routing,s12,W-00078,1,B,0,4,temporal
base,deepseek-v4-flash,routing,s12,W-00079,1,A,0,3,diag
base,deepseek-v4-flash,routing,s12,W-00080,0,D,0,5,purchase
base,deepseek-v4-flash,routing,s12,W-00081,0,B,0,2,conflict
base,deepseek-v4-flash,routing,s12,W-00082,1,B,0,2,lookup
base,deepseek-v4-flash,routing,s12,W-00083,1,A,0,3,budget
base,deepseek-v4-flash,routing,s12,W-00084,1,A,0,4,diag
base,deepseek-v4-flash,routing,s12,W-00085,1,C,1,3,contract_gate
base,deepseek-v4-flash,routing,s12,W-00087,1,A,0,4,diag
base,deepseek-v4-flash,routing,s12,W-00088,1,C,1,3,capacity
base,deepseek-v4-flash,routing,s12,W-00089,1,A,0,4,temporal
base,deepseek-v4-flash,routing,s12,W-00090,0,D,0,5,purchase
base,deepseek-v4-flash,routing,s12,W-00091,0,A,0,4,diag
base,deepseek-v4-flash,routing,s12,W-00092,1,B,0,3,lookup
base,deepseek-v4-flash,routing,s12,W-00093,0,C,0,4,contract_gate
base,deepseek-v4-flash,routing,s12,W-00094,0,C,1,2,capacity
base,deepseek-v4-flash,routing,s12,W-00095,1,A,0,3,lookup
base,deepseek-v4-flash,routing,s12,W-00096,1,A,0,4,diag
base,deepseek-v4-flash,routing,s12,W-00097,0,D,0,5,purchase
base,deepseek-v4-flash,routing,s12,W-00098,0,C,1,2,whatif
base,deepseek-v4-flash,routing,s12,W-00099,1,A,0,3,precedence
base,deepseek-v4-flash,routing,s12,W-00100,0,B,0,5,alloc
base,deepseek-v4-flash,routing,s12,W-00102,1,A,0,2,lookup
base,deepseek-v4-flash,routing,s12,W-00103,0,C,1,5,whatif
base,deepseek-v4-flash,routing,s12,W-00104,1,A,0,5,plan
base,deepseek-v4-flash,routing,s12,W-00105,0,B,0,3,capacity
base,deepseek-v4-flash,routing,s12,W-00106,0,C,0,4,contract_gate
base,deepseek-v4-flash,routing,s12,W-00107,0,C,1,2,capacity
base,deepseek-v4-flash,routing,s12,W-00108,1,B,0,3,lookup
base,deepseek-v4-flash,routing,s12,W-00109,0,A,0,4,plan
base,deepseek-v4-flash,routing,s12,W-00110,0,A,0,4,temporal
base,deepseek-v4-flash,routing,s12,W-00111,0,A,0,4,precedence
base,deepseek-v4-flash,routing,s12,W-00112,0,C,1,5,alloc
base,deepseek-v4-flash,routing,s12,W-00113,0,B,0,3,budget
base,deepseek-v4-flash,routing,s12,W-00114,1,A,0,2,conflict
base,deepseek-v4-flash,routing,s12,W-00116,0,C,1,3,budget
base,deepseek-v4-flash,routing,s12,W-00117,1,A,0,4,diag
base,deepseek-v4-flash,routing,s12,W-00118,1,B,0,3,lookup
base,deepseek-v4-flash,routing,s12,W-00119,0,A,0,2,conflict
base,deepseek-v4-flash,routing,s12,W-00120,0,D,0,5,purchase
base,deepseek-v4-flash,routing,s12,W-00121,0,B,0,2,conflict
base,deepseek-v4-flash,routing,s12,W-00122,0,A,0,4,plan
base,deepseek-v4-flash,routing,s12,W-00123,0,C,1,5,alloc
base,deepseek-v4-flash,routing,s12,W-00124,1,A,0,4,precedence
base,deepseek-v4-flash,routing,s12,W-00125,0,C,1,3,capacity
base,deepseek-v4-flash,routing,s12,W-00126,0,D,0,3,whatif
base,deepseek-v4-flash,routing,s12,W-00127,1,A,0,2,lookup
base,deepseek-v4-flash,routing,s12,W-00128,1,B,0,3,lookup
base,deepseek-v4-flash,routing,s12,W-00129,0,C,1,5,alloc
base,deepseek-v4-flash,routing,s12,W-00130,0,A,0,4,purchase
base,deepseek-v4-flash,routing,s12,W-00131,1,A,0,4,plan
base,deepseek-v4-flash,routing,s12,W-00132,0,D,0,3,capacity
base,deepseek-v4-flash,routing,s12,W-00133,0,B,0,5,whatif
base,deepseek-v4-flash,routing,s12,W-00134,0,C,1,2,sourcing
base,deepseek-v4-flash,routing,s12,W-00135,1,A,0,3,diag
base,deepseek-v4-flash,routing,s12,W-00136,1,A,0,4,diag
base,deepseek-v4-flash,routing,s12,W-00137,0,D,0,5,temporal
base,deepseek-v4-flash,routing,s12,W-00138,0,C,1,2,budget
base,deepseek-v4-flash,routing,s12,W-00139,1,A,0,3,lookup
base,deepseek-v4-flash,routing,s12,W-00141,0,A,0,2,lookup
base,deepseek-v4-flash,routing,s12,W-00142,1,C,1,4,contract_gate
base,deepseek-v4-flash,routing,s12,W-00144,0,A,0,4,diag
base,deepseek-v4-flash,routing,s12,W-00145,0,D,0,3,precedence
base,deepseek-v4-flash,routing,s12,W-00146,0,A,0,4,diag
base,deepseek-v4-flash,routing,s12,W-00147,0,C,1,2,sourcing
base,deepseek-v4-flash,routing,s12,W-00148,1,B,0,3,lookup
base,deepseek-v4-flash,routing,s12,W-00149,1,A,0,4,diag
base,deepseek-v4-flash,routing,s12,W-00150,0,D,0,4,whatif
base,deepseek-v4-flash,routing,s13,W-00002,0,C,1,2,budget
base,deepseek-v4-flash,routing,s13,W-00003,0,D,0,5,alloc
base,deepseek-v4-flash,routing,s13,W-00005,0,C,1,2,budget
base,deepseek-v4-flash,routing,s13,W-00006,0,D,0,3,budget
base,deepseek-v4-flash,routing,s13,W-00007,1,A,0,4,diag
base,deepseek-v4-flash,routing,s13,W-00008,0,A,0,5,diag
base,deepseek-v4-flash,routing,s13,W-00009,0,D,1,4,alloc
base,deepseek-v4-flash,routing,s13,W-00010,1,A,0,2,lookup
base,deepseek-v4-flash,routing,s13,W-00011,0,A,0,3,vendor
base,deepseek-v4-flash,routing,s13,W-00012,1,A,0,3,precedence
base,deepseek-v4-flash,routing,s13,W-00013,0,C,1,5,temporal
base,deepseek-v4-flash,routing,s13,W-00014,1,B,0,3,budget
base,deepseek-v4-flash,routing,s13,W-00015,1,B,0,4,precedence
base,deepseek-v4-flash,routing,s13,W-00016,0,A,0,2,budget
base,deepseek-v4-flash,routing,s13,W-00017,1,A,0,3,lookup
base,deepseek-v4-flash,routing,s13,W-00018,0,C,1,4,alloc
base,deepseek-v4-flash,routing,s13,W-00019,1,C,1,4,contract_gate
base,deepseek-v4-flash,routing,s13,W-00020,0,A,0,4,diag
base,deepseek-v4-flash,routing,s13,W-00021,0,C,1,4,vendor
base,deepseek-v4-flash,routing,s13,W-00022,0,A,0,3,diag
base,deepseek-v4-flash,routing,s13,W-00023,0,B,0,3,capacity
base,deepseek-v4-flash,routing,s13,W-00024,1,A,0,4,temporal
base,deepseek-v4-flash,routing,s13,W-00025,1,B,0,2,conflict
base,deepseek-v4-flash,routing,s13,W-00026,0,B,0,3,budget
base,deepseek-v4-flash,routing,s13,W-00027,0,D,0,2,capacity
base,deepseek-v4-flash,routing,s13,W-00028,1,A,0,4,plan
base,deepseek-v4-flash,routing,s13,W-00029,1,B,0,3,lookup
base,deepseek-v4-flash,routing,s13,W-00030,1,A,0,2,conflict
base,deepseek-v4-flash,routing,s13,W-00031,1,A,0,3,plan
base,deepseek-v4-flash,routing,s13,W-00032,1,A,0,4,plan
base,deepseek-v4-flash,routing,s13,W-00033,0,D,1,5,alloc
base,deepseek-v4-flash,routing,s13,W-00034,0,B,0,2,whatif
base,deepseek-v4-flash,routing,s13,W-00036,0,C,1,5,alloc
base,deepseek-v4-flash,routing,s13,W-00037,1,A,0,4,diag
base,deepseek-v4-flash,routing,s13,W-00038,0,D,0,4,precedence
base,deepseek-v4-flash,routing,s13,W-00039,1,A,0,3,precedence
base,deepseek-v4-flash,routing,s13,W-00040,0,D,0,2,capacity
base,deepseek-v4-flash,routing,s13,W-00041,0,B,0,2,conflict
base,deepseek-v4-flash,routing,s13,W-00042,0,A,0,3,plan
base,deepseek-v4-flash,routing,s13,W-00043,0,C,1,4,vendor
base,deepseek-v4-flash,routing,s13,W-00044,1,A,0,4,purchase
base,deepseek-v4-flash,routing,s13,W-00045,1,C,1,3,contract_gate
base,deepseek-v4-flash,routing,s13,W-00046,0,B,0,5,plan
base,deepseek-v4-flash,routing,s13,W-00047,0,C,1,5,purchase
base,deepseek-v4-flash,routing,s13,W-00048,1,A,0,2,lookup
base,deepseek-v4-flash,routing,s13,W-00049,1,B,0,3,lookup
base,deepseek-v4-flash,routing,s13,W-00050,1,A,0,4,precedence
base,deepseek-v4-flash,routing,s13,W-00051,0,D,0,4,plan
base,deepseek-v4-flash,routing,s13,W-00052,1,A,0,4,diag
base,deepseek-v4-flash,routing,s13,W-00053,1,B,0,3,lookup
base,deepseek-v4-flash,routing,s13,W-00055,0,D,0,3,capacity
base,deepseek-v4-flash,routing,s13,W-00056,0,A,0,2,lookup
base,deepseek-v4-flash,routing,s13,W-00057,1,A,0,4,plan
base,deepseek-v4-flash,routing,s13,W-00058,1,C,1,3,contract_gate
base,deepseek-v4-flash,routing,s13,W-00059,0,A,0,5,diag
base,deepseek-v4-flash,routing,s13,W-00061,0,C,0,4,contract_gate
base,deepseek-v4-flash,routing,s13,W-00062,0,A,0,4,diag
base,deepseek-v4-flash,routing,s13,W-00063,1,C,1,3,contract_gate
base,deepseek-v4-flash,routing,s13,W-00064,1,A,0,2,capacity
base,deepseek-v4-flash,routing,s13,W-00065,0,C,0,5,alloc
base,deepseek-v4-flash,routing,s13,W-00066,0,B,0,3,lookup
base,deepseek-v4-flash,routing,s13,W-00068,1,A,0,4,diag
base,deepseek-v4-flash,routing,s13,W-00069,1,A,0,4,whatif
base,deepseek-v4-flash,routing,s13,W-00070,0,B,0,3,contract_gate
base,deepseek-v4-flash,routing,s13,W-00071,1,A,0,5,renewal
base,deepseek-v4-flash,routing,s13,W-00072,0,C,1,2,budget
base,deepseek-v4-flash,routing,s13,W-00073,0,B,0,4,vendor
base,deepseek-v4-flash,routing,s13,W-00074,1,A,0,5,plan
base,deepseek-v4-flash,routing,s13,W-00075,0,C,0,4,contract_gate
base,deepseek-v4-flash,routing,s13,W-00076,0,D,1,5,alloc
base,deepseek-v4-flash,routing,s13,W-00077,0,D,0,3,capacity
base,deepseek-v4-flash,routing,s13,W-00078,0,B,0,3,budget
base,deepseek-v4-flash,routing,s13,W-00079,0,A,0,5,diag
base,deepseek-v4-flash,routing,s13,W-00080,1,A,0,3,lookup
base,deepseek-v4-flash,routing,s13,W-00081,0,C,1,4,purchase
base,deepseek-v4-flash,routing,s13,W-00082,1,A,0,2,budget
base,deepseek-v4-flash,routing,s13,W-00084,1,A,0,3,diag
base,deepseek-v4-flash,routing,s13,W-00085,0,C,1,4,alloc
base,deepseek-v4-flash,routing,s13,W-00086,0,D,0,2,budget
base,deepseek-v4-flash,routing,s13,W-00087,0,D,0,4,whatif
base,deepseek-v4-flash,routing,s13,W-00088,1,A,0,3,lookup
base,deepseek-v4-flash,routing,s13,W-00089,0,C,1,3,budget
base,deepseek-v4-flash,routing,s13,W-00090,1,A,0,2,conflict
base,deepseek-v4-flash,routing,s13,W-00091,0,B,0,2,conflict
base,deepseek-v4-flash,routing,s13,W-00094,0,C,1,4,contract_gate
base,deepseek-v4-flash,routing,s13,W-00095,0,D,0,3,sourcing
base,deepseek-v4-flash,routing,s13,W-00096,0,A,0,5,purchase
base,deepseek-v4-flash,routing,s13,W-00097,1,A,0,5,renewal
base,deepseek-v4-flash,routing,s13,W-00098,0,C,1,2,budget
base,deepseek-v4-flash,routing,s13,W-00099,1,A,0,3,lookup
base,deepseek-v4-flash,routing,s13,W-00100,1,B,0,4,plan
base,deepseek-v4-flash,routing,s13,W-00101,0,A,0,4,vendor
base,deepseek-v4-flash,routing,s13,W-00103,0,A,0,3,vendor
base,deepseek-v4-flash,routing,s13,W-00104,0,C,1,2,whatif
base,deepseek-v4-flash,routing,s13,W-00105,0,D,0,2,budget
base,deepseek-v4-flash,routing,s13,W-00106,1,A,0,4,temporal
base,deepseek-v4-flash,routing,s13,W-00107,1,C,1,4,contract_gate
base,deepseek-v4-flash,routing,s13,W-00108,0,B,0,2,conflict
base,deepseek-v4-flash,routing,s13,W-00109,1,A,0,3,lookup
base,deepseek-v4-flash,routing,s13,W-00110,0,B,0,4,diag
base,deepseek-v4-flash,routing,s13,W-00111,1,A,0,4,contract_gate
base,deepseek-v4-flash,routing,s13,W-00113,0,D,0,3,capacity
base,deepseek-v4-flash,routing,s13,W-00114,1,A,0,4,plan
base,deepseek-v4-flash,routing,s13,W-00115,1,D,0,4,diag
base,deepseek-v4-flash,routing,s13,W-00116,0,C,1,3,budget
base,deepseek-v4-flash,routing,s13,W-00117,1,A,0,2,conflict
base,deepseek-v4-flash,routing,s13,W-00118,1,B,0,2,lookup
base,deepseek-v4-flash,routing,s13,W-00119,1,A,0,3,lookup
base,deepseek-v4-flash,routing,s13,W-00120,0,D,0,4,sourcing
base,deepseek-v4-flash,routing,s13,W-00121,0,D,1,4,vendor
base,deepseek-v4-flash,routing,s13,W-00122,1,A,0,3,plan
base,deepseek-v4-flash,routing,s13,W-00123,0,B,0,2,conflict
base,deepseek-v4-flash,routing,s13,W-00124,1,A,0,5,diag
base,deepseek-v4-flash,routing,s13,W-00126,0,D,0,3,whatif
base,deepseek-v4-flash,routing,s13,W-00127,1,A,0,4,diag
base,deepseek-v4-flash,routing,s13,W-00128,1,B,0,3,lookup
base,deepseek-v4-flash,routing,s13,W-00129,0,C,1,4,purchase
base,deepseek-v4-flash,routing,s13,W-00130,1,A,0,2,temporal
base,deepseek-v4-flash,routing,s13,W-00131,1,B,0,3,plan
base,deepseek-v4-flash,routing,s13,W-00132,1,A,0,4,purchase
base,deepseek-v4-flash,routing,s13,W-00133,0,D,0,2,capacity
base,deepseek-v4-flash,routing,s13,W-00134,0,C,1,5,purchase
base,deepseek-v4-flash,routing,s13,W-00135,1,A,0,3,lookup
base,deepseek-v4-flash,routing,s13,W-00136,1,A,0,4,purchase
base,deepseek-v4-flash,routing,s13,W-00137,0,D,0,5,temporal
base,deepseek-v4-flash,routing,s13,W-00138,0,C,1,2,sourcing
base,deepseek-v4-flash,routing,s13,W-00139,0,B,0,4,renewal
base,deepseek-v4-flash,routing,s13,W-00140,1,A,0,3,lookup
base,deepseek-v4-flash,routing,s13,W-00141,0,B,0,4,plan
base,deepseek-v4-flash,routing,s13,W-00142,1,A,0,3,plan
base,deepseek-v4-flash,routing,s13,W-00143,0,C,1,5,purchase
base,deepseek-v4-flash,routing,s13,W-00144,0,D,0,2,budget
base,deepseek-v4-flash,routing,s13,W-00145,1,A,0,3,capacity
base,deepseek-v4-flash,routing,s13,W-00146,1,A,0,4,contract_gate
base,deepseek-v4-flash,routing,s13,W-00147,0,C,1,5,purchase
base,deepseek-v4-flash,routing,s13,W-00148,1,B,0,3,lookup
base,deepseek-v4-flash,routing,s13,W-00149,1,A,0,2,conflict
base,deepseek-v4-flash,routing,s13,W-00150,0,C,0,4,contract_gate
base,deepseek-v4-flash,routing,s14,W-00002,0,C,1,3,capacity
base,deepseek-v4-flash,routing,s14,W-00003,1,A,0,4,precedence
base,deepseek-v4-flash,routing,s14,W-00004,1,A,0,2,conflict
base,deepseek-v4-flash,routing,s14,W-00006,1,A,0,4,plan
base,deepseek-v4-flash,routing,s14,W-00007,1,A,0,3,precedence
base,deepseek-v4-flash,routing,s14,W-00008,0,B,0,5,purchase
base,deepseek-v4-flash,routing,s14,W-00009,1,C,1,2,budget
base,deepseek-v4-flash,routing,s14,W-00010,0,D,0,3,budget
base,deepseek-v4-flash,routing,s14,W-00011,1,A,0,3,plan
base,deepseek-v4-flash,routing,s14,W-00012,0,B,0,4,whatif
base,deepseek-v4-flash,routing,s14,W-00013,0,A,0,5,temporal
base,deepseek-v4-flash,routing,s14,W-00014,0,D,1,5,purchase
base,deepseek-v4-flash,routing,s14,W-00015,0,B,0,2,budget
base,deepseek-v4-flash,routing,s14,W-00016,1,A,0,4,whatif
base,deepseek-v4-flash,routing,s14,W-00017,1,B,0,2,conflict
base,deepseek-v4-flash,routing,s14,W-00018,1,C,1,4,contract_gate
base,deepseek-v4-flash,routing,s14,W-00019,1,A,0,3,lookup
base,deepseek-v4-flash,routing,s14,W-00020,1,A,0,4,renewal
base,deepseek-v4-flash,routing,s14,W-00021,0,A,0,4,plan
base,deepseek-v4-flash,routing,s14,W-00022,1,B,0,2,conflict
base,deepseek-v4-flash,routing,s14,W-00023,0,C,1,5,alloc
base,deepseek-v4-flash,routing,s14,W-00024,1,A,0,2,lookup
base,deepseek-v4-flash,routing,s14,W-00025,0,C,0,5,alloc
base,deepseek-v4-flash,routing,s14,W-00026,1,B,0,3,lookup
base,deepseek-v4-flash,routing,s14,W-00027,0,C,1,3,contract_gate
base,deepseek-v4-flash,routing,s14,W-00028,0,B,0,5,purchase
base,deepseek-v4-flash,routing,s14,W-00029,0,A,0,2,capacity
base,deepseek-v4-flash,routing,s14,W-00030,1,A,0,4,whatif
base,deepseek-v4-flash,routing,s14,W-00031,0,A,0,4,plan
base,deepseek-v4-flash,routing,s14,W-00032,0,C,1,3,capacity
base,deepseek-v4-flash,routing,s14,W-00033,0,D,0,2,capacity
base,deepseek-v4-flash,routing,s14,W-00034,0,D,0,3,contract_gate
base,deepseek-v4-flash,routing,s14,W-00035,0,A,0,3,sourcing
base,deepseek-v4-flash,routing,s14,W-00036,0,C,1,3,capacity
base,deepseek-v4-flash,routing,s14,W-00037,1,A,0,3,lookup
base,deepseek-v4-flash,routing,s14,W-00038,0,B,0,4,whatif
base,deepseek-v4-flash,routing,s14,W-00039,0,B,0,4,vendor
base,deepseek-v4-flash,routing,s14,W-00040,0,D,0,2,capacity
base,deepseek-v4-flash,routing,s14,W-00041,0,C,1,3,purchase
base,deepseek-v4-flash,routing,s14,W-00042,1,A,0,4,temporal
base,deepseek-v4-flash,routing,s14,W-00043,1,A,0,3,diag
base,deepseek-v4-flash,routing,s14,W-00044,0,B,0,5,purchase
base,deepseek-v4-flash,routing,s14,W-00045,0,C,1,4,contract_gate
base,deepseek-v4-flash,routing,s14,W-00046,1,A,0,3,lookup
base,deepseek-v4-flash,routing,s14,W-00047,1,A,0,4,renewal
base,deepseek-v4-flash,routing,s14,W-00048,0,B,0,5,plan
base,deepseek-v4-flash,routing,s14,W-00049,0,C,1,5,alloc
base,deepseek-v4-flash,routing,s14,W-00050,1,A,0,2,conflict
base,deepseek-v4-flash,routing,s14,W-00051,0,C,1,3,contract_gate
base,deepseek-v4-flash,routing,s14,W-00052,0,A,0,3,diag
base,deepseek-v4-flash,routing,s14,W-00053,0,B,0,4,alloc
base,deepseek-v4-flash,routing,s14,W-00054,0,A,0,5,whatif
base,deepseek-v4-flash,routing,s14,W-00055,0,D,0,3,capacity
base,deepseek-v4-flash,routing,s14,W-00056,1,A,0,2,lookup
base,deepseek-v4-flash,routing,s14,W-00057,0,D,0,2,capacity
base,deepseek-v4-flash,routing,s14,W-00058,0,C,1,5,alloc
base,deepseek-v4-flash,routing,s14,W-00059,0,A,0,4,contract_gate
base,deepseek-v4-flash,routing,s14,W-00060,0,B,0,4,purchase
base,deepseek-v4-flash,routing,s14,W-00061,0,B,0,2,conflict
base,deepseek-v4-flash,routing,s14,W-00062,1,A,0,3,plan
base,deepseek-v4-flash,routing,s14,W-00063,0,A,0,4,plan
base,deepseek-v4-flash,routing,s14,W-00064,0,D,1,4,sourcing
base,deepseek-v4-flash,routing,s14,W-00065,0,D,0,2,budget
base,deepseek-v4-flash,routing,s14,W-00066,0,D,0,3,capacity
base,deepseek-v4-flash,routing,s14,W-00067,0,D,1,4,sourcing
base,deepseek-v4-flash,routing,s14,W-00068,1,A,0,2,lookup
base,deepseek-v4-flash,routing,s14,W-00069,1,A,0,3,conflict
base,deepseek-v4-flash,routing,s14,W-00070,0,B,0,3,contract_gate
base,deepseek-v4-flash,routing,s14,W-00071,0,A,0,2,lookup
base,deepseek-v4-flash,routing,s14,W-00072,1,A,0,3,vendor
base,deepseek-v4-flash,routing,s14,W-00073,0,C,1,4,purchase
base,deepseek-v4-flash,routing,s14,W-00074,1,B,0,4,precedence
base,deepseek-v4-flash,routing,s14,W-00075,0,D,0,3,capacity
base,deepseek-v4-flash,routing,s14,W-00076,0,C,1,4,purchase
base,deepseek-v4-flash,routing,s14,W-00077,0,C,0,5,alloc
base,deepseek-v4-flash,routing,s14,W-00078,1,A,0,2,whatif
base,deepseek-v4-flash,routing,s14,W-00079,0,D,0,3,capacity
base,deepseek-v4-flash,routing,s14,W-00080,1,A,0,4,temporal
base,deepseek-v4-flash,routing,s14,W-00081,1,B,0,4,plan
base,deepseek-v4-flash,routing,s14,W-00082,1,C,1,3,sourcing
base,deepseek-v4-flash,routing,s14,W-00083,1,A,0,2,conflict
base,deepseek-v4-flash,routing,s14,W-00084,1,A,0,5,purchase
base,deepseek-v4-flash,routing,s14,W-00085,0,C,1,5,alloc
base,deepseek-v4-flash,routing,s14,W-00086,1,B,0,3,lookup
base,deepseek-v4-flash,routing,s14,W-00087,1,A,0,4,plan
base,deepseek-v4-flash,routing,s14,W-00088,1,B,0,3,lookup
base,deepseek-v4-flash,routing,s14,W-00089,0,C,1,2,capacity
base,deepseek-v4-flash,routing,s14,W-00090,1,A,0,4,contract_gate
base,deepseek-v4-flash,routing,s14,W-00091,1,A,0,4,plan
base,deepseek-v4-flash,routing,s14,W-00092,0,D,0,3,vendor
base,deepseek-v4-flash,routing,s14,W-00093,0,C,0,2,temporal
base,deepseek-v4-flash,routing,s14,W-00094,0,C,1,5,alloc
base,deepseek-v4-flash,routing,s14,W-00095,1,A,0,3,lookup
base,deepseek-v4-flash,routing,s14,W-00096,1,B,0,4,plan
base,deepseek-v4-flash,routing,s14,W-00097,0,A,0,2,budget
base,deepseek-v4-flash,routing,s14,W-00098,0,C,1,4,contract_gate
base,deepseek-v4-flash,routing,s14,W-00099,1,A,0,3,plan
base,deepseek-v4-flash,routing,s14,W-00100,0,B,0,5,purchase
base,deepseek-v4-flash,routing,s14,W-00101,0,C,1,5,purchase
base,deepseek-v4-flash,routing,s14,W-00102,1,A,0,4,plan
base,deepseek-v4-flash,routing,s14,W-00103,1,B,0,3,lookup
base,deepseek-v4-flash,routing,s14,W-00104,1,A,0,2,conflict
base,deepseek-v4-flash,routing,s14,W-00105,0,C,1,3,contract_gate
base,deepseek-v4-flash,routing,s14,W-00106,1,A,0,4,renewal
base,deepseek-v4-flash,routing,s14,W-00107,0,D,0,5,alloc
base,deepseek-v4-flash,routing,s14,W-00108,1,B,0,3,lookup
base,deepseek-v4-flash,routing,s14,W-00109,1,A,0,2,capacity
base,deepseek-v4-flash,routing,s14,W-00110,0,D,0,4,sourcing
base,deepseek-v4-flash,routing,s14,W-00111,1,A,0,5,temporal
base,deepseek-v4-flash,routing,s14,W-00112,0,D,1,3,capacity
base,deepseek-v4-flash,routing,s14,W-00113,0,B,0,4,contract_gate
base,deepseek-v4-flash,routing,s14,W-00114,1,A,0,2,budget
base,deepseek-v4-flash,routing,s14,W-00115,0,C,0,5,alloc
base,deepseek-v4-flash,routing,s14,W-00116,0,C,1,3,capacity
base,deepseek-v4-flash,routing,s14,W-00117,1,A,0,4,temporal
base,deepseek-v4-flash,routing,s14,W-00118,1,B,0,3,lookup
base,deepseek-v4-flash,routing,s14,W-00119,0,C,0,2,budget
base,deepseek-v4-flash,routing,s14,W-00120,0,A,0,4,diag
base,deepseek-v4-flash,routing,s14,W-00121,1,A,0,3,plan
base,deepseek-v4-flash,routing,s14,W-00122,1,C,1,2,vendor
base,deepseek-v4-flash,routing,s14,W-00123,0,B,0,5,plan
base,deepseek-v4-flash,routing,s14,W-00124,0,A,0,4,whatif
base,deepseek-v4-flash,routing,s14,W-00125,0,C,1,5,alloc
base,deepseek-v4-flash,routing,s14,W-00126,0,D,0,4,purchase
base,deepseek-v4-flash,routing,s14,W-00127,1,A,0,3,lookup
base,deepseek-v4-flash,routing,s14,W-00128,1,B,0,3,lookup
base,deepseek-v4-flash,routing,s14,W-00129,0,C,1,4,purchase
base,deepseek-v4-flash,routing,s14,W-00131,1,A,0,3,plan
base,deepseek-v4-flash,routing,s14,W-00132,0,D,0,4,sourcing
base,deepseek-v4-flash,routing,s14,W-00133,0,B,0,2,capacity
base,deepseek-v4-flash,routing,s14,W-00134,0,C,1,4,purchase
base,deepseek-v4-flash,routing,s14,W-00135,1,A,0,3,lookup
base,deepseek-v4-flash,routing,s14,W-00136,0,A,0,5,diag
base,deepseek-v4-flash,routing,s14,W-00137,0,D,0,5,purchase
base,deepseek-v4-flash,routing,s14,W-00138,0,C,1,4,contract_gate
base,deepseek-v4-flash,routing,s14,W-00139,0,B,0,2,budget
base,deepseek-v4-flash,routing,s14,W-00140,1,A,0,3,lookup
base,deepseek-v4-flash,routing,s14,W-00141,0,D,0,3,vendor
base,deepseek-v4-flash,routing,s14,W-00142,1,A,0,4,precedence
base,deepseek-v4-flash,routing,s14,W-00143,0,C,1,2,whatif
base,deepseek-v4-flash,routing,s14,W-00144,1,A,0,5,diag
base,deepseek-v4-flash,routing,s14,W-00145,1,B,0,3,lookup
base,deepseek-v4-flash,routing,s14,W-00146,0,D,0,4,contract_gate
base,deepseek-v4-flash,routing,s14,W-00147,0,C,1,5,alloc
base,deepseek-v4-flash,routing,s14,W-00148,1,B,0,5,plan
base,deepseek-v4-flash,routing,s14,W-00149,1,A,0,5,plan
base,deepseek-v4-flash,routing,s14,W-00150,1,A,0,3,temporal
base,deepseek-v4-flash,ingress,s12,W-00001,1,C,1,3,capacity
base,deepseek-v4-flash,ingress,s12,W-00003,0,A,0,4,plan
base,deepseek-v4-flash,ingress,s12,W-00004,1,A,0,4,temporal
base,deepseek-v4-flash,ingress,s12,W-00005,0,D,1,4,alloc
base,deepseek-v4-flash,ingress,s12,W-00006,1,B,0,3,budget
base,deepseek-v4-flash,ingress,s12,W-00007,1,A,0,2,budget
base,deepseek-v4-flash,ingress,s12,W-00008,1,C,1,2,sourcing
base,deepseek-v4-flash,ingress,s12,W-00009,1,B,0,2,conflict
base,deepseek-v4-flash,ingress,s12,W-00010,0,C,1,3,budget
base,deepseek-v4-flash,ingress,s12,W-00011,1,A,0,4,plan
base,deepseek-v4-flash,ingress,s12,W-00012,0,B,0,4,vendor
base,deepseek-v4-flash,ingress,s12,W-00013,0,A,0,5,diag
base,deepseek-v4-flash,ingress,s12,W-00014,1,A,0,3,diag
base,deepseek-v4-flash,ingress,s12,W-00015,1,A,0,3,lookup
base,deepseek-v4-flash,ingress,s12,W-00016,1,C,0,2,budget
base,deepseek-v4-flash,ingress,s12,W-00017,0,B,0,4,contract_gate
base,deepseek-v4-flash,ingress,s12,W-00018,0,C,1,5,alloc
base,deepseek-v4-flash,ingress,s12,W-00019,1,A,0,3,precedence
base,deepseek-v4-flash,ingress,s12,W-00020,1,A,0,4,precedence
base,deepseek-v4-flash,ingress,s12,W-00022,1,A,0,3,precedence
base,deepseek-v4-flash,ingress,s12,W-00023,0,D,1,5,alloc
base,deepseek-v4-flash,ingress,s12,W-00024,1,A,0,2,conflict
base,deepseek-v4-flash,ingress,s12,W-00025,0,B,0,4,temporal
base,deepseek-v4-flash,ingress,s12,W-00026,0,C,1,3,temporal
base,deepseek-v4-flash,ingress,s12,W-00027,1,C,1,4,renewal
base,deepseek-v4-flash,ingress,s12,W-00028,0,B,0,5,purchase
base,deepseek-v4-flash,ingress,s12,W-00029,1,A,0,2,capacity
base,deepseek-v4-flash,ingress,s12,W-00030,1,A,0,4,plan
base,deepseek-v4-flash,ingress,s12,W-00031,1,C,1,3,vendor
base,deepseek-v4-flash,ingress,s12,W-00032,1,A,0,3,plan
base,deepseek-v4-flash,ingress,s12,W-00033,1,B,0,2,conflict
base,deepseek-v4-flash,ingress,s12,W-00034,1,A,0,4,contract_gate
base,deepseek-v4-flash,ingress,s12,W-00035,0,D,1,4,sourcing
base,deepseek-v4-flash,ingress,s12,W-00036,0,D,0,3,capacity
base,deepseek-v4-flash,ingress,s12,W-00037,1,A,0,2,lookup
base,deepseek-v4-flash,ingress,s12,W-00038,0,C,1,5,purchase
base,deepseek-v4-flash,ingress,s12,W-00039,0,A,0,5,diag
base,deepseek-v4-flash,ingress,s12,W-00040,1,B,0,3,lookup
base,deepseek-v4-flash,ingress,s12,W-00041,0,D,0,5,diag
base,deepseek-v4-flash,ingress,s12,W-00042,1,A,0,4,whatif
base,deepseek-v4-flash,ingress,s12,W-00043,0,C,1,2,sourcing
base,deepseek-v4-flash,ingress,s12,W-00044,1,A,0,3,precedence
base,deepseek-v4-flash,ingress,s12,W-00045,1,B,0,3,lookup
base,deepseek-v4-flash,ingress,s12,W-00046,1,D,0,4,contract_gate
base,deepseek-v4-flash,ingress,s12,W-00047,1,A,0,5,diag
base,deepseek-v4-flash,ingress,s12,W-00048,0,B,0,5,purchase
base,deepseek-v4-flash,ingress,s12,W-00049,1,A,0,3,capacity
base,deepseek-v4-flash,ingress,s12,W-00050,0,C,1,4,purchase
base,deepseek-v4-flash,ingress,s12,W-00051,1,A,0,3,plan
base,deepseek-v4-flash,ingress,s12,W-00052,0,D,1,5,alloc
base,deepseek-v4-flash,ingress,s12,W-00053,1,D,0,4,contract_gate
base,deepseek-v4-flash,ingress,s12,W-00054,1,A,0,2,conflict
base,deepseek-v4-flash,ingress,s12,W-00055,1,B,0,3,lookup
base,deepseek-v4-flash,ingress,s12,W-00056,0,C,1,2,capacity
base,deepseek-v4-flash,ingress,s12,W-00057,0,A,0,5,vendor
base,deepseek-v4-flash,ingress,s12,W-00058,0,B,0,4,whatif
base,deepseek-v4-flash,ingress,s12,W-00059,1,A,0,3,lookup
base,deepseek-v4-flash,ingress,s12,W-00060,1,D,0,2,budget
base,deepseek-v4-flash,ingress,s12,W-00061,1,C,1,4,contract_gate
base,deepseek-v4-flash,ingress,s12,W-00062,1,A,0,3,plan
base,deepseek-v4-flash,ingress,s12,W-00063,0,B,0,2,sourcing
base,deepseek-v4-flash,ingress,s12,W-00064,1,A,0,4,plan
base,deepseek-v4-flash,ingress,s12,W-00065,1,D,0,3,lookup
base,deepseek-v4-flash,ingress,s12,W-00066,0,C,1,5,purchase
base,deepseek-v4-flash,ingress,s12,W-00067,0,A,0,4,diag
base,deepseek-v4-flash,ingress,s12,W-00068,1,B,0,4,purchase
base,deepseek-v4-flash,ingress,s12,W-00069,0,A,0,5,diag
base,deepseek-v4-flash,ingress,s12,W-00070,1,D,0,3,contract_gate
base,deepseek-v4-flash,ingress,s12,W-00071,0,A,0,3,vendor
base,deepseek-v4-flash,ingress,s12,W-00072,1,D,0,2,budget
base,deepseek-v4-flash,ingress,s12,W-00073,0,B,0,5,plan
base,deepseek-v4-flash,ingress,s12,W-00074,1,A,0,2,budget
base,deepseek-v4-flash,ingress,s12,W-00076,1,C,1,3,capacity
base,deepseek-v4-flash,ingress,s12,W-00077,1,A,0,2,lookup
base,deepseek-v4-flash,ingress,s12,W-00078,1,B,0,4,temporal
base,deepseek-v4-flash,ingress,s12,W-00079,1,A,0,3,diag
base,deepseek-v4-flash,ingress,s12,W-00080,0,D,0,5,purchase
base,deepseek-v4-flash,ingress,s12,W-00081,0,B,0,2,conflict
base,deepseek-v4-flash,ingress,s12,W-00082,0,B,0,2,lookup
base,deepseek-v4-flash,ingress,s12,W-00083,1,A,0,3,budget
base,deepseek-v4-flash,ingress,s12,W-00084,1,A,0,4,diag
base,deepseek-v4-flash,ingress,s12,W-00085,1,C,1,3,contract_gate
base,deepseek-v4-flash,ingress,s12,W-00087,1,A,0,4,diag
base,deepseek-v4-flash,ingress,s12,W-00088,1,C,1,3,capacity
base,deepseek-v4-flash,ingress,s12,W-00089,1,A,0,4,temporal
base,deepseek-v4-flash,ingress,s12,W-00090,0,D,0,5,purchase
base,deepseek-v4-flash,ingress,s12,W-00091,0,A,0,4,diag
base,deepseek-v4-flash,ingress,s12,W-00092,1,B,0,3,lookup
base,deepseek-v4-flash,ingress,s12,W-00093,1,C,0,4,contract_gate
base,deepseek-v4-flash,ingress,s12,W-00094,0,C,1,2,capacity
base,deepseek-v4-flash,ingress,s12,W-00095,1,A,0,3,lookup
base,deepseek-v4-flash,ingress,s12,W-00096,1,A,0,4,diag
base,deepseek-v4-flash,ingress,s12,W-00097,0,D,0,5,purchase
base,deepseek-v4-flash,ingress,s12,W-00098,0,C,1,2,whatif
base,deepseek-v4-flash,ingress,s12,W-00099,1,A,0,3,precedence
base,deepseek-v4-flash,ingress,s12,W-00100,0,B,0,5,alloc
base,deepseek-v4-flash,ingress,s12,W-00102,1,A,0,2,lookup
base,deepseek-v4-flash,ingress,s12,W-00103,0,C,1,5,whatif
base,deepseek-v4-flash,ingress,s12,W-00104,1,A,0,5,plan
base,deepseek-v4-flash,ingress,s12,W-00105,0,B,0,3,capacity
base,deepseek-v4-flash,ingress,s12,W-00106,0,C,0,4,contract_gate
base,deepseek-v4-flash,ingress,s12,W-00107,0,C,1,2,capacity
base,deepseek-v4-flash,ingress,s12,W-00108,1,B,0,3,lookup
base,deepseek-v4-flash,ingress,s12,W-00109,0,A,0,4,plan
base,deepseek-v4-flash,ingress,s12,W-00110,0,A,0,4,temporal
base,deepseek-v4-flash,ingress,s12,W-00111,0,A,0,4,precedence
base,deepseek-v4-flash,ingress,s12,W-00112,0,C,1,5,alloc
base,deepseek-v4-flash,ingress,s12,W-00113,0,B,0,3,budget
base,deepseek-v4-flash,ingress,s12,W-00114,1,A,0,2,conflict
base,deepseek-v4-flash,ingress,s12,W-00116,1,C,1,3,budget
base,deepseek-v4-flash,ingress,s12,W-00117,1,A,0,4,diag
base,deepseek-v4-flash,ingress,s12,W-00118,1,B,0,3,lookup
base,deepseek-v4-flash,ingress,s12,W-00119,1,A,0,2,conflict
base,deepseek-v4-flash,ingress,s12,W-00120,0,D,0,5,purchase
base,deepseek-v4-flash,ingress,s12,W-00121,1,B,0,2,conflict
base,deepseek-v4-flash,ingress,s12,W-00122,0,A,0,4,plan
base,deepseek-v4-flash,ingress,s12,W-00123,0,C,1,5,alloc
base,deepseek-v4-flash,ingress,s12,W-00124,1,A,0,4,precedence
base,deepseek-v4-flash,ingress,s12,W-00125,0,C,1,3,capacity
base,deepseek-v4-flash,ingress,s12,W-00126,0,D,0,3,whatif
base,deepseek-v4-flash,ingress,s12,W-00127,1,A,0,2,lookup
base,deepseek-v4-flash,ingress,s12,W-00128,1,B,0,3,lookup
base,deepseek-v4-flash,ingress,s12,W-00129,0,C,1,5,alloc
base,deepseek-v4-flash,ingress,s12,W-00130,1,A,0,4,purchase
base,deepseek-v4-flash,ingress,s12,W-00131,0,A,0,4,plan
base,deepseek-v4-flash,ingress,s12,W-00132,0,D,0,3,capacity
base,deepseek-v4-flash,ingress,s12,W-00133,0,B,0,5,whatif
base,deepseek-v4-flash,ingress,s12,W-00134,0,C,1,2,sourcing
base,deepseek-v4-flash,ingress,s12,W-00135,1,A,0,3,diag
base,deepseek-v4-flash,ingress,s12,W-00136,1,A,0,4,diag
base,deepseek-v4-flash,ingress,s12,W-00137,0,D,0,5,temporal
base,deepseek-v4-flash,ingress,s12,W-00138,0,C,1,2,budget
base,deepseek-v4-flash,ingress,s12,W-00139,1,A,0,3,lookup
base,deepseek-v4-flash,ingress,s12,W-00141,1,A,0,2,lookup
base,deepseek-v4-flash,ingress,s12,W-00142,1,C,1,4,contract_gate
base,deepseek-v4-flash,ingress,s12,W-00144,0,A,0,4,diag
base,deepseek-v4-flash,ingress,s12,W-00145,1,D,0,3,precedence
base,deepseek-v4-flash,ingress,s12,W-00146,0,A,0,4,diag
base,deepseek-v4-flash,ingress,s12,W-00147,0,C,1,2,sourcing
base,deepseek-v4-flash,ingress,s12,W-00148,1,B,0,3,lookup
base,deepseek-v4-flash,ingress,s12,W-00149,1,A,0,4,diag
base,deepseek-v4-flash,ingress,s12,W-00150,1,D,0,4,whatif
base,deepseek-v4-flash,ingress,s13,W-00002,1,C,1,2,budget
base,deepseek-v4-flash,ingress,s13,W-00003,0,D,0,5,alloc
base,deepseek-v4-flash,ingress,s13,W-00005,1,C,1,2,budget
base,deepseek-v4-flash,ingress,s13,W-00006,0,D,0,3,budget
base,deepseek-v4-flash,ingress,s13,W-00007,0,A,0,4,diag
base,deepseek-v4-flash,ingress,s13,W-00008,0,A,0,5,diag
base,deepseek-v4-flash,ingress,s13,W-00009,0,D,1,4,alloc
base,deepseek-v4-flash,ingress,s13,W-00010,1,A,0,2,lookup
base,deepseek-v4-flash,ingress,s13,W-00011,1,A,0,3,vendor
base,deepseek-v4-flash,ingress,s13,W-00012,1,A,0,3,precedence
base,deepseek-v4-flash,ingress,s13,W-00013,1,C,1,5,temporal
base,deepseek-v4-flash,ingress,s13,W-00014,0,B,0,3,budget
base,deepseek-v4-flash,ingress,s13,W-00015,0,B,0,4,precedence
base,deepseek-v4-flash,ingress,s13,W-00016,1,A,0,2,budget
base,deepseek-v4-flash,ingress,s13,W-00017,1,A,0,3,lookup
base,deepseek-v4-flash,ingress,s13,W-00018,0,C,1,4,alloc
base,deepseek-v4-flash,ingress,s13,W-00019,1,C,1,4,contract_gate
base,deepseek-v4-flash,ingress,s13,W-00020,0,A,0,4,diag
base,deepseek-v4-flash,ingress,s13,W-00021,0,C,1,4,vendor
base,deepseek-v4-flash,ingress,s13,W-00022,0,A,0,3,diag
base,deepseek-v4-flash,ingress,s13,W-00023,1,B,0,3,capacity
base,deepseek-v4-flash,ingress,s13,W-00024,1,A,0,4,temporal
base,deepseek-v4-flash,ingress,s13,W-00025,1,B,0,2,conflict
base,deepseek-v4-flash,ingress,s13,W-00026,0,B,0,3,budget
base,deepseek-v4-flash,ingress,s13,W-00027,0,D,0,2,capacity
base,deepseek-v4-flash,ingress,s13,W-00028,0,A,0,4,plan
base,deepseek-v4-flash,ingress,s13,W-00029,1,B,0,3,lookup
base,deepseek-v4-flash,ingress,s13,W-00030,1,A,0,2,conflict
base,deepseek-v4-flash,ingress,s13,W-00031,1,A,0,3,plan
base,deepseek-v4-flash,ingress,s13,W-00032,1,A,0,4,plan
base,deepseek-v4-flash,ingress,s13,W-00033,0,D,1,5,alloc
base,deepseek-v4-flash,ingress,s13,W-00034,0,B,0,2,whatif
base,deepseek-v4-flash,ingress,s13,W-00036,0,C,1,5,alloc
base,deepseek-v4-flash,ingress,s13,W-00037,1,A,0,4,diag
base,deepseek-v4-flash,ingress,s13,W-00038,1,D,0,4,precedence
base,deepseek-v4-flash,ingress,s13,W-00039,1,A,0,3,precedence
base,deepseek-v4-flash,ingress,s13,W-00040,0,D,0,2,capacity
base,deepseek-v4-flash,ingress,s13,W-00041,0,B,0,2,conflict
base,deepseek-v4-flash,ingress,s13,W-00042,0,A,0,3,plan
base,deepseek-v4-flash,ingress,s13,W-00043,0,C,1,4,vendor
base,deepseek-v4-flash,ingress,s13,W-00044,1,A,0,4,purchase
base,deepseek-v4-flash,ingress,s13,W-00045,1,C,1,3,contract_gate
base,deepseek-v4-flash,ingress,s13,W-00046,1,B,0,5,plan
base,deepseek-v4-flash,ingress,s13,W-00047,0,C,1,5,purchase
base,deepseek-v4-flash,ingress,s13,W-00048,1,A,0,2,lookup
base,deepseek-v4-flash,ingress,s13,W-00049,1,B,0,3,lookup
base,deepseek-v4-flash,ingress,s13,W-00050,1,A,0,4,precedence
base,deepseek-v4-flash,ingress,s13,W-00051,1,D,0,4,plan
base,deepseek-v4-flash,ingress,s13,W-00052,1,A,0,4,diag
base,deepseek-v4-flash,ingress,s13,W-00053,1,B,0,3,lookup
base,deepseek-v4-flash,ingress,s13,W-00055,1,D,0,3,capacity
base,deepseek-v4-flash,ingress,s13,W-00056,0,A,0,2,lookup
base,deepseek-v4-flash,ingress,s13,W-00057,1,A,0,4,plan
base,deepseek-v4-flash,ingress,s13,W-00058,1,C,1,3,contract_gate
base,deepseek-v4-flash,ingress,s13,W-00059,0,A,0,5,diag
base,deepseek-v4-flash,ingress,s13,W-00061,0,C,0,4,contract_gate
base,deepseek-v4-flash,ingress,s13,W-00062,0,A,0,4,diag
base,deepseek-v4-flash,ingress,s13,W-00063,1,C,1,3,contract_gate
base,deepseek-v4-flash,ingress,s13,W-00064,1,A,0,2,capacity
base,deepseek-v4-flash,ingress,s13,W-00065,0,C,0,5,alloc
base,deepseek-v4-flash,ingress,s13,W-00066,1,B,0,3,lookup
base,deepseek-v4-flash,ingress,s13,W-00068,0,A,0,4,diag
base,deepseek-v4-flash,ingress,s13,W-00069,1,A,0,4,whatif
base,deepseek-v4-flash,ingress,s13,W-00070,0,B,0,3,contract_gate
base,deepseek-v4-flash,ingress,s13,W-00071,1,A,0,5,renewal
base,deepseek-v4-flash,ingress,s13,W-00072,0,C,1,2,budget
base,deepseek-v4-flash,ingress,s13,W-00073,0,B,0,4,vendor
base,deepseek-v4-flash,ingress,s13,W-00074,0,A,0,5,plan
base,deepseek-v4-flash,ingress,s13,W-00075,1,C,0,4,contract_gate
base,deepseek-v4-flash,ingress,s13,W-00076,0,D,1,5,alloc
base,deepseek-v4-flash,ingress,s13,W-00077,0,D,0,3,capacity
base,deepseek-v4-flash,ingress,s13,W-00078,0,B,0,3,budget
base,deepseek-v4-flash,ingress,s13,W-00079,0,A,0,5,diag
base,deepseek-v4-flash,ingress,s13,W-00080,1,A,0,3,lookup
base,deepseek-v4-flash,ingress,s13,W-00081,0,C,1,4,purchase
base,deepseek-v4-flash,ingress,s13,W-00082,1,A,0,2,budget
base,deepseek-v4-flash,ingress,s13,W-00084,1,A,0,3,diag
base,deepseek-v4-flash,ingress,s13,W-00085,0,C,1,4,alloc
base,deepseek-v4-flash,ingress,s13,W-00086,0,D,0,2,budget
base,deepseek-v4-flash,ingress,s13,W-00087,0,D,0,4,whatif
base,deepseek-v4-flash,ingress,s13,W-00088,1,A,0,3,lookup
base,deepseek-v4-flash,ingress,s13,W-00089,0,C,1,3,budget
base,deepseek-v4-flash,ingress,s13,W-00090,1,A,0,2,conflict
base,deepseek-v4-flash,ingress,s13,W-00091,0,B,0,2,conflict
base,deepseek-v4-flash,ingress,s13,W-00094,0,C,1,4,contract_gate
base,deepseek-v4-flash,ingress,s13,W-00095,0,D,0,3,sourcing
base,deepseek-v4-flash,ingress,s13,W-00096,1,A,0,5,purchase
base,deepseek-v4-flash,ingress,s13,W-00097,1,A,0,5,renewal
base,deepseek-v4-flash,ingress,s13,W-00098,0,C,1,2,budget
base,deepseek-v4-flash,ingress,s13,W-00099,1,A,0,3,lookup
base,deepseek-v4-flash,ingress,s13,W-00100,0,B,0,4,plan
base,deepseek-v4-flash,ingress,s13,W-00101,0,A,0,4,vendor
base,deepseek-v4-flash,ingress,s13,W-00103,0,A,0,3,vendor
base,deepseek-v4-flash,ingress,s13,W-00104,0,C,1,2,whatif
base,deepseek-v4-flash,ingress,s13,W-00105,0,D,0,2,budget
base,deepseek-v4-flash,ingress,s13,W-00106,1,A,0,4,temporal
base,deepseek-v4-flash,ingress,s13,W-00107,1,C,1,4,contract_gate
base,deepseek-v4-flash,ingress,s13,W-00108,1,B,0,2,conflict
base,deepseek-v4-flash,ingress,s13,W-00109,1,A,0,3,lookup
base,deepseek-v4-flash,ingress,s13,W-00110,0,B,0,4,diag
base,deepseek-v4-flash,ingress,s13,W-00111,1,A,0,4,contract_gate
base,deepseek-v4-flash,ingress,s13,W-00113,0,D,0,3,capacity
base,deepseek-v4-flash,ingress,s13,W-00114,1,A,0,4,plan
base,deepseek-v4-flash,ingress,s13,W-00115,1,D,0,4,diag
base,deepseek-v4-flash,ingress,s13,W-00116,0,C,1,3,budget
base,deepseek-v4-flash,ingress,s13,W-00117,1,A,0,2,conflict
base,deepseek-v4-flash,ingress,s13,W-00118,1,B,0,2,lookup
base,deepseek-v4-flash,ingress,s13,W-00119,1,A,0,3,lookup
base,deepseek-v4-flash,ingress,s13,W-00120,0,D,0,4,sourcing
base,deepseek-v4-flash,ingress,s13,W-00121,0,D,1,4,vendor
base,deepseek-v4-flash,ingress,s13,W-00122,1,A,0,3,plan
base,deepseek-v4-flash,ingress,s13,W-00123,0,B,0,2,conflict
base,deepseek-v4-flash,ingress,s13,W-00124,1,A,0,5,diag
base,deepseek-v4-flash,ingress,s13,W-00126,0,D,0,3,whatif
base,deepseek-v4-flash,ingress,s13,W-00127,1,A,0,4,diag
base,deepseek-v4-flash,ingress,s13,W-00128,1,B,0,3,lookup
base,deepseek-v4-flash,ingress,s13,W-00129,0,C,1,4,purchase
base,deepseek-v4-flash,ingress,s13,W-00130,1,A,0,2,temporal
base,deepseek-v4-flash,ingress,s13,W-00131,0,B,0,3,plan
base,deepseek-v4-flash,ingress,s13,W-00132,0,A,0,4,purchase
base,deepseek-v4-flash,ingress,s13,W-00133,0,D,0,2,capacity
base,deepseek-v4-flash,ingress,s13,W-00134,0,C,1,5,purchase
base,deepseek-v4-flash,ingress,s13,W-00135,1,A,0,3,lookup
base,deepseek-v4-flash,ingress,s13,W-00136,1,A,0,4,purchase
base,deepseek-v4-flash,ingress,s13,W-00137,0,D,0,5,temporal
base,deepseek-v4-flash,ingress,s13,W-00138,0,C,1,2,sourcing
base,deepseek-v4-flash,ingress,s13,W-00139,0,B,0,4,renewal
base,deepseek-v4-flash,ingress,s13,W-00140,1,A,0,3,lookup
base,deepseek-v4-flash,ingress,s13,W-00141,0,B,0,4,plan
base,deepseek-v4-flash,ingress,s13,W-00142,0,A,0,3,plan
base,deepseek-v4-flash,ingress,s13,W-00143,0,C,1,5,purchase
base,deepseek-v4-flash,ingress,s13,W-00144,1,D,0,2,budget
base,deepseek-v4-flash,ingress,s13,W-00145,1,A,0,3,capacity
base,deepseek-v4-flash,ingress,s13,W-00146,0,A,0,4,contract_gate
base,deepseek-v4-flash,ingress,s13,W-00147,1,C,1,5,purchase
base,deepseek-v4-flash,ingress,s13,W-00148,1,B,0,3,lookup
base,deepseek-v4-flash,ingress,s13,W-00149,1,A,0,2,conflict
base,deepseek-v4-flash,ingress,s13,W-00150,1,C,0,4,contract_gate
base,deepseek-v4-flash,ingress,s14,W-00002,1,C,1,3,capacity
base,deepseek-v4-flash,ingress,s14,W-00003,1,A,0,4,precedence
base,deepseek-v4-flash,ingress,s14,W-00004,1,A,0,2,conflict
base,deepseek-v4-flash,ingress,s14,W-00006,1,A,0,4,plan
base,deepseek-v4-flash,ingress,s14,W-00007,1,A,0,3,precedence
base,deepseek-v4-flash,ingress,s14,W-00008,0,B,0,5,purchase
base,deepseek-v4-flash,ingress,s14,W-00009,1,C,1,2,budget
base,deepseek-v4-flash,ingress,s14,W-00010,0,D,0,3,budget
base,deepseek-v4-flash,ingress,s14,W-00011,1,A,0,3,plan
base,deepseek-v4-flash,ingress,s14,W-00012,1,B,0,4,whatif
base,deepseek-v4-flash,ingress,s14,W-00013,1,A,0,5,temporal
base,deepseek-v4-flash,ingress,s14,W-00014,0,D,1,5,purchase
base,deepseek-v4-flash,ingress,s14,W-00015,0,B,0,2,budget
base,deepseek-v4-flash,ingress,s14,W-00016,1,A,0,4,whatif
base,deepseek-v4-flash,ingress,s14,W-00017,1,B,0,2,conflict
base,deepseek-v4-flash,ingress,s14,W-00018,1,C,1,4,contract_gate
base,deepseek-v4-flash,ingress,s14,W-00019,1,A,0,3,lookup
base,deepseek-v4-flash,ingress,s14,W-00020,1,A,0,4,renewal
base,deepseek-v4-flash,ingress,s14,W-00021,1,A,0,4,plan
base,deepseek-v4-flash,ingress,s14,W-00022,1,B,0,2,conflict
base,deepseek-v4-flash,ingress,s14,W-00023,0,C,1,5,alloc
base,deepseek-v4-flash,ingress,s14,W-00024,1,A,0,2,lookup
base,deepseek-v4-flash,ingress,s14,W-00025,0,C,0,5,alloc
base,deepseek-v4-flash,ingress,s14,W-00026,1,B,0,3,lookup
base,deepseek-v4-flash,ingress,s14,W-00027,1,C,1,3,contract_gate
base,deepseek-v4-flash,ingress,s14,W-00028,0,B,0,5,purchase
base,deepseek-v4-flash,ingress,s14,W-00029,1,A,0,2,capacity
base,deepseek-v4-flash,ingress,s14,W-00030,1,A,0,4,whatif
base,deepseek-v4-flash,ingress,s14,W-00031,0,A,0,4,plan
base,deepseek-v4-flash,ingress,s14,W-00032,0,C,1,3,capacity
base,deepseek-v4-flash,ingress,s14,W-00033,0,D,0,2,capacity
base,deepseek-v4-flash,ingress,s14,W-00034,1,D,0,3,contract_gate
base,deepseek-v4-flash,ingress,s14,W-00035,1,A,0,3,sourcing
base,deepseek-v4-flash,ingress,s14,W-00036,1,C,1,3,capacity
base,deepseek-v4-flash,ingress,s14,W-00037,1,A,0,3,lookup
base,deepseek-v4-flash,ingress,s14,W-00038,0,B,0,4,whatif
base,deepseek-v4-flash,ingress,s14,W-00039,0,B,0,4,vendor
base,deepseek-v4-flash,ingress,s14,W-00040,0,D,0,2,capacity
base,deepseek-v4-flash,ingress,s14,W-00041,0,C,1,3,purchase
base,deepseek-v4-flash,ingress,s14,W-00042,1,A,0,4,temporal
base,deepseek-v4-flash,ingress,s14,W-00043,1,A,0,3,diag
base,deepseek-v4-flash,ingress,s14,W-00044,0,B,0,5,purchase
base,deepseek-v4-flash,ingress,s14,W-00045,1,C,1,4,contract_gate
base,deepseek-v4-flash,ingress,s14,W-00046,1,A,0,3,lookup
base,deepseek-v4-flash,ingress,s14,W-00047,1,A,0,4,renewal
base,deepseek-v4-flash,ingress,s14,W-00048,0,B,0,5,plan
base,deepseek-v4-flash,ingress,s14,W-00049,0,C,1,5,alloc
base,deepseek-v4-flash,ingress,s14,W-00050,1,A,0,2,conflict
base,deepseek-v4-flash,ingress,s14,W-00051,1,C,1,3,contract_gate
base,deepseek-v4-flash,ingress,s14,W-00052,0,A,0,3,diag
base,deepseek-v4-flash,ingress,s14,W-00053,0,B,0,4,alloc
base,deepseek-v4-flash,ingress,s14,W-00054,0,A,0,5,whatif
base,deepseek-v4-flash,ingress,s14,W-00055,0,D,0,3,capacity
base,deepseek-v4-flash,ingress,s14,W-00056,1,A,0,2,lookup
base,deepseek-v4-flash,ingress,s14,W-00057,0,D,0,2,capacity
base,deepseek-v4-flash,ingress,s14,W-00058,0,C,1,5,alloc
base,deepseek-v4-flash,ingress,s14,W-00059,0,A,0,4,contract_gate
base,deepseek-v4-flash,ingress,s14,W-00060,1,B,0,4,purchase
base,deepseek-v4-flash,ingress,s14,W-00061,0,B,0,2,conflict
base,deepseek-v4-flash,ingress,s14,W-00062,0,A,0,3,plan
base,deepseek-v4-flash,ingress,s14,W-00063,0,A,0,4,plan
base,deepseek-v4-flash,ingress,s14,W-00064,0,D,1,4,sourcing
base,deepseek-v4-flash,ingress,s14,W-00065,1,D,0,2,budget
base,deepseek-v4-flash,ingress,s14,W-00066,0,D,0,3,capacity
base,deepseek-v4-flash,ingress,s14,W-00067,0,D,1,4,sourcing
base,deepseek-v4-flash,ingress,s14,W-00068,1,A,0,2,lookup
base,deepseek-v4-flash,ingress,s14,W-00069,1,A,0,3,conflict
base,deepseek-v4-flash,ingress,s14,W-00070,1,B,0,3,contract_gate
base,deepseek-v4-flash,ingress,s14,W-00071,0,A,0,2,lookup
base,deepseek-v4-flash,ingress,s14,W-00072,0,A,0,3,vendor
base,deepseek-v4-flash,ingress,s14,W-00073,0,C,1,4,purchase
base,deepseek-v4-flash,ingress,s14,W-00074,1,B,0,4,precedence
base,deepseek-v4-flash,ingress,s14,W-00075,0,D,0,3,capacity
base,deepseek-v4-flash,ingress,s14,W-00076,0,C,1,4,purchase
base,deepseek-v4-flash,ingress,s14,W-00077,0,C,0,5,alloc
base,deepseek-v4-flash,ingress,s14,W-00078,1,A,0,2,whatif
base,deepseek-v4-flash,ingress,s14,W-00079,1,D,0,3,capacity
base,deepseek-v4-flash,ingress,s14,W-00080,1,A,0,4,temporal
base,deepseek-v4-flash,ingress,s14,W-00081,1,B,0,4,plan
base,deepseek-v4-flash,ingress,s14,W-00082,0,C,1,3,sourcing
base,deepseek-v4-flash,ingress,s14,W-00083,1,A,0,2,conflict
base,deepseek-v4-flash,ingress,s14,W-00084,0,A,0,5,purchase
base,deepseek-v4-flash,ingress,s14,W-00085,0,C,1,5,alloc
base,deepseek-v4-flash,ingress,s14,W-00086,1,B,0,3,lookup
base,deepseek-v4-flash,ingress,s14,W-00087,0,A,0,4,plan
base,deepseek-v4-flash,ingress,s14,W-00088,1,B,0,3,lookup
base,deepseek-v4-flash,ingress,s14,W-00089,1,C,1,2,capacity
base,deepseek-v4-flash,ingress,s14,W-00090,1,A,0,4,contract_gate
base,deepseek-v4-flash,ingress,s14,W-00091,1,A,0,4,plan
base,deepseek-v4-flash,ingress,s14,W-00092,0,D,0,3,vendor
base,deepseek-v4-flash,ingress,s14,W-00093,0,C,0,2,temporal
base,deepseek-v4-flash,ingress,s14,W-00094,0,C,1,5,alloc
base,deepseek-v4-flash,ingress,s14,W-00095,1,A,0,3,lookup
base,deepseek-v4-flash,ingress,s14,W-00096,0,B,0,4,plan
base,deepseek-v4-flash,ingress,s14,W-00097,0,A,0,2,budget
base,deepseek-v4-flash,ingress,s14,W-00098,1,C,1,4,contract_gate
base,deepseek-v4-flash,ingress,s14,W-00099,1,A,0,3,plan
base,deepseek-v4-flash,ingress,s14,W-00100,0,B,0,5,purchase
base,deepseek-v4-flash,ingress,s14,W-00101,0,C,1,5,purchase
base,deepseek-v4-flash,ingress,s14,W-00102,1,A,0,4,plan
base,deepseek-v4-flash,ingress,s14,W-00103,1,B,0,3,lookup
base,deepseek-v4-flash,ingress,s14,W-00104,1,A,0,2,conflict
base,deepseek-v4-flash,ingress,s14,W-00105,1,C,1,3,contract_gate
base,deepseek-v4-flash,ingress,s14,W-00106,1,A,0,4,renewal
base,deepseek-v4-flash,ingress,s14,W-00107,0,D,0,5,alloc
base,deepseek-v4-flash,ingress,s14,W-00108,1,B,0,3,lookup
base,deepseek-v4-flash,ingress,s14,W-00109,1,A,0,2,capacity
base,deepseek-v4-flash,ingress,s14,W-00110,0,D,0,4,sourcing
base,deepseek-v4-flash,ingress,s14,W-00111,1,A,0,5,temporal
base,deepseek-v4-flash,ingress,s14,W-00112,0,D,1,3,capacity
base,deepseek-v4-flash,ingress,s14,W-00113,1,B,0,4,contract_gate
base,deepseek-v4-flash,ingress,s14,W-00114,0,A,0,2,budget
base,deepseek-v4-flash,ingress,s14,W-00115,0,C,0,5,alloc
base,deepseek-v4-flash,ingress,s14,W-00116,0,C,1,3,capacity
base,deepseek-v4-flash,ingress,s14,W-00117,1,A,0,4,temporal
base,deepseek-v4-flash,ingress,s14,W-00118,1,B,0,3,lookup
base,deepseek-v4-flash,ingress,s14,W-00119,0,C,0,2,budget
base,deepseek-v4-flash,ingress,s14,W-00120,0,A,0,4,diag
base,deepseek-v4-flash,ingress,s14,W-00121,0,A,0,3,plan
base,deepseek-v4-flash,ingress,s14,W-00122,0,C,1,2,vendor
base,deepseek-v4-flash,ingress,s14,W-00123,1,B,0,5,plan
base,deepseek-v4-flash,ingress,s14,W-00124,0,A,0,4,whatif
base,deepseek-v4-flash,ingress,s14,W-00125,0,C,1,5,alloc
base,deepseek-v4-flash,ingress,s14,W-00126,0,D,0,4,purchase
base,deepseek-v4-flash,ingress,s14,W-00127,1,A,0,3,lookup
base,deepseek-v4-flash,ingress,s14,W-00128,1,B,0,3,lookup
base,deepseek-v4-flash,ingress,s14,W-00129,0,C,1,4,purchase
base,deepseek-v4-flash,ingress,s14,W-00131,1,A,0,3,plan
base,deepseek-v4-flash,ingress,s14,W-00132,0,D,0,4,sourcing
base,deepseek-v4-flash,ingress,s14,W-00133,0,B,0,2,capacity
base,deepseek-v4-flash,ingress,s14,W-00134,0,C,1,4,purchase
base,deepseek-v4-flash,ingress,s14,W-00135,1,A,0,3,lookup
base,deepseek-v4-flash,ingress,s14,W-00136,0,A,0,5,diag
base,deepseek-v4-flash,ingress,s14,W-00137,0,D,0,5,purchase
base,deepseek-v4-flash,ingress,s14,W-00138,1,C,1,4,contract_gate
base,deepseek-v4-flash,ingress,s14,W-00139,0,B,0,2,budget
base,deepseek-v4-flash,ingress,s14,W-00140,1,A,0,3,lookup
base,deepseek-v4-flash,ingress,s14,W-00141,0,D,0,3,vendor
base,deepseek-v4-flash,ingress,s14,W-00142,1,A,0,4,precedence
base,deepseek-v4-flash,ingress,s14,W-00143,0,C,1,2,whatif
base,deepseek-v4-flash,ingress,s14,W-00144,1,A,0,5,diag
base,deepseek-v4-flash,ingress,s14,W-00145,1,B,0,3,lookup
base,deepseek-v4-flash,ingress,s14,W-00146,1,D,0,4,contract_gate
base,deepseek-v4-flash,ingress,s14,W-00147,0,C,1,5,alloc
base,deepseek-v4-flash,ingress,s14,W-00148,1,B,0,5,plan
base,deepseek-v4-flash,ingress,s14,W-00149,1,A,0,5,plan
base,deepseek-v4-flash,ingress,s14,W-00150,0,A,0,3,temporal
base,deepseek-v4-flash,full_load,s12,W-00001,1,C,1,3,capacity
base,deepseek-v4-flash,full_load,s12,W-00003,1,A,0,4,plan
base,deepseek-v4-flash,full_load,s12,W-00004,0,A,0,4,temporal
base,deepseek-v4-flash,full_load,s12,W-00005,0,D,1,4,alloc
base,deepseek-v4-flash,full_load,s12,W-00006,0,B,0,3,budget
base,deepseek-v4-flash,full_load,s12,W-00007,1,A,0,2,budget
base,deepseek-v4-flash,full_load,s12,W-00008,0,C,1,2,sourcing
base,deepseek-v4-flash,full_load,s12,W-00009,1,B,0,2,conflict
base,deepseek-v4-flash,full_load,s12,W-00010,0,C,1,3,budget
base,deepseek-v4-flash,full_load,s12,W-00011,1,A,0,4,plan
base,deepseek-v4-flash,full_load,s12,W-00012,0,B,0,4,vendor
base,deepseek-v4-flash,full_load,s12,W-00013,0,A,0,5,diag
base,deepseek-v4-flash,full_load,s12,W-00014,1,A,0,3,diag
base,deepseek-v4-flash,full_load,s12,W-00015,1,A,0,3,lookup
base,deepseek-v4-flash,full_load,s12,W-00016,0,C,0,2,budget
base,deepseek-v4-flash,full_load,s12,W-00017,0,B,0,4,contract_gate
base,deepseek-v4-flash,full_load,s12,W-00018,0,C,1,5,alloc
base,deepseek-v4-flash,full_load,s12,W-00019,0,A,0,3,precedence
base,deepseek-v4-flash,full_load,s12,W-00020,1,A,0,4,precedence
base,deepseek-v4-flash,full_load,s12,W-00022,1,A,0,3,precedence
base,deepseek-v4-flash,full_load,s12,W-00023,0,D,1,5,alloc
base,deepseek-v4-flash,full_load,s12,W-00024,1,A,0,2,conflict
base,deepseek-v4-flash,full_load,s12,W-00025,0,B,0,4,temporal
base,deepseek-v4-flash,full_load,s12,W-00026,1,C,1,3,temporal
base,deepseek-v4-flash,full_load,s12,W-00027,1,C,1,4,renewal
base,deepseek-v4-flash,full_load,s12,W-00028,0,B,0,5,purchase
base,deepseek-v4-flash,full_load,s12,W-00029,1,A,0,2,capacity
base,deepseek-v4-flash,full_load,s12,W-00030,1,A,0,4,plan
base,deepseek-v4-flash,full_load,s12,W-00031,0,C,1,3,vendor
base,deepseek-v4-flash,full_load,s12,W-00032,1,A,0,3,plan
base,deepseek-v4-flash,full_load,s12,W-00033,1,B,0,2,conflict
base,deepseek-v4-flash,full_load,s12,W-00034,1,A,0,4,contract_gate
base,deepseek-v4-flash,full_load,s12,W-00035,0,D,1,4,sourcing
base,deepseek-v4-flash,full_load,s12,W-00036,1,D,0,3,capacity
base,deepseek-v4-flash,full_load,s12,W-00037,1,A,0,2,lookup
base,deepseek-v4-flash,full_load,s12,W-00038,1,C,1,5,purchase
base,deepseek-v4-flash,full_load,s12,W-00039,0,A,0,5,diag
base,deepseek-v4-flash,full_load,s12,W-00040,1,B,0,3,lookup
base,deepseek-v4-flash,full_load,s12,W-00041,0,D,0,5,diag
base,deepseek-v4-flash,full_load,s12,W-00042,1,A,0,4,whatif
base,deepseek-v4-flash,full_load,s12,W-00043,0,C,1,2,sourcing
base,deepseek-v4-flash,full_load,s12,W-00044,1,A,0,3,precedence
base,deepseek-v4-flash,full_load,s12,W-00045,0,B,0,3,lookup
base,deepseek-v4-flash,full_load,s12,W-00046,1,D,0,4,contract_gate
base,deepseek-v4-flash,full_load,s12,W-00047,1,A,0,5,diag
base,deepseek-v4-flash,full_load,s12,W-00048,0,B,0,5,purchase
base,deepseek-v4-flash,full_load,s12,W-00049,1,A,0,3,capacity
base,deepseek-v4-flash,full_load,s12,W-00050,1,C,1,4,purchase
base,deepseek-v4-flash,full_load,s12,W-00051,1,A,0,3,plan
base,deepseek-v4-flash,full_load,s12,W-00052,0,D,1,5,alloc
base,deepseek-v4-flash,full_load,s12,W-00053,1,D,0,4,contract_gate
base,deepseek-v4-flash,full_load,s12,W-00054,1,A,0,2,conflict
base,deepseek-v4-flash,full_load,s12,W-00055,1,B,0,3,lookup
base,deepseek-v4-flash,full_load,s12,W-00056,0,C,1,2,capacity
base,deepseek-v4-flash,full_load,s12,W-00057,0,A,0,5,vendor
base,deepseek-v4-flash,full_load,s12,W-00058,1,B,0,4,whatif
base,deepseek-v4-flash,full_load,s12,W-00059,1,A,0,3,lookup
base,deepseek-v4-flash,full_load,s12,W-00060,1,D,0,2,budget
base,deepseek-v4-flash,full_load,s12,W-00061,1,C,1,4,contract_gate
base,deepseek-v4-flash,full_load,s12,W-00062,1,A,0,3,plan
base,deepseek-v4-flash,full_load,s12,W-00063,1,B,0,2,sourcing
base,deepseek-v4-flash,full_load,s12,W-00064,1,A,0,4,plan
base,deepseek-v4-flash,full_load,s12,W-00065,0,D,0,3,lookup
base,deepseek-v4-flash,full_load,s12,W-00066,1,C,1,5,purchase
base,deepseek-v4-flash,full_load,s12,W-00067,0,A,0,4,diag
base,deepseek-v4-flash,full_load,s12,W-00068,0,B,0,4,purchase
base,deepseek-v4-flash,full_load,s12,W-00069,0,A,0,5,diag
base,deepseek-v4-flash,full_load,s12,W-00070,1,D,0,3,contract_gate
base,deepseek-v4-flash,full_load,s12,W-00071,0,A,0,3,vendor
base,deepseek-v4-flash,full_load,s12,W-00072,1,D,0,2,budget
base,deepseek-v4-flash,full_load,s12,W-00073,1,B,0,5,plan
base,deepseek-v4-flash,full_load,s12,W-00074,1,A,0,2,budget
base,deepseek-v4-flash,full_load,s12,W-00076,1,C,1,3,capacity
base,deepseek-v4-flash,full_load,s12,W-00077,1,A,0,2,lookup
base,deepseek-v4-flash,full_load,s12,W-00078,1,B,0,4,temporal
base,deepseek-v4-flash,full_load,s12,W-00079,1,A,0,3,diag
base,deepseek-v4-flash,full_load,s12,W-00080,0,D,0,5,purchase
base,deepseek-v4-flash,full_load,s12,W-00081,1,B,0,2,conflict
base,deepseek-v4-flash,full_load,s12,W-00082,1,B,0,2,lookup
base,deepseek-v4-flash,full_load,s12,W-00083,1,A,0,3,budget
base,deepseek-v4-flash,full_load,s12,W-00084,1,A,0,4,diag
base,deepseek-v4-flash,full_load,s12,W-00085,1,C,1,3,contract_gate
base,deepseek-v4-flash,full_load,s12,W-00087,1,A,0,4,diag
base,deepseek-v4-flash,full_load,s12,W-00088,1,C,1,3,capacity
base,deepseek-v4-flash,full_load,s12,W-00089,1,A,0,4,temporal
base,deepseek-v4-flash,full_load,s12,W-00090,0,D,0,5,purchase
base,deepseek-v4-flash,full_load,s12,W-00091,0,A,0,4,diag
base,deepseek-v4-flash,full_load,s12,W-00092,1,B,0,3,lookup
base,deepseek-v4-flash,full_load,s12,W-00093,1,C,0,4,contract_gate
base,deepseek-v4-flash,full_load,s12,W-00094,1,C,1,2,capacity
base,deepseek-v4-flash,full_load,s12,W-00095,1,A,0,3,lookup
base,deepseek-v4-flash,full_load,s12,W-00096,1,A,0,4,diag
base,deepseek-v4-flash,full_load,s12,W-00097,0,D,0,5,purchase
base,deepseek-v4-flash,full_load,s12,W-00098,1,C,1,2,whatif
base,deepseek-v4-flash,full_load,s12,W-00099,1,A,0,3,precedence
base,deepseek-v4-flash,full_load,s12,W-00100,0,B,0,5,alloc
base,deepseek-v4-flash,full_load,s12,W-00102,0,A,0,2,lookup
base,deepseek-v4-flash,full_load,s12,W-00103,0,C,1,5,whatif
base,deepseek-v4-flash,full_load,s12,W-00104,1,A,0,5,plan
base,deepseek-v4-flash,full_load,s12,W-00105,1,B,0,3,capacity
base,deepseek-v4-flash,full_load,s12,W-00106,1,C,0,4,contract_gate
base,deepseek-v4-flash,full_load,s12,W-00107,1,C,1,2,capacity
base,deepseek-v4-flash,full_load,s12,W-00108,1,B,0,3,lookup
base,deepseek-v4-flash,full_load,s12,W-00109,0,A,0,4,plan
base,deepseek-v4-flash,full_load,s12,W-00110,1,A,0,4,temporal
base,deepseek-v4-flash,full_load,s12,W-00111,0,A,0,4,precedence
base,deepseek-v4-flash,full_load,s12,W-00112,1,C,1,5,alloc
base,deepseek-v4-flash,full_load,s12,W-00113,0,B,0,3,budget
base,deepseek-v4-flash,full_load,s12,W-00114,1,A,0,2,conflict
base,deepseek-v4-flash,full_load,s12,W-00116,0,C,1,3,budget
base,deepseek-v4-flash,full_load,s12,W-00117,1,A,0,4,diag
base,deepseek-v4-flash,full_load,s12,W-00118,0,B,0,3,lookup
base,deepseek-v4-flash,full_load,s12,W-00119,1,A,0,2,conflict
base,deepseek-v4-flash,full_load,s12,W-00120,0,D,0,5,purchase
base,deepseek-v4-flash,full_load,s12,W-00121,1,B,0,2,conflict
base,deepseek-v4-flash,full_load,s12,W-00122,0,A,0,4,plan
base,deepseek-v4-flash,full_load,s12,W-00123,0,C,1,5,alloc
base,deepseek-v4-flash,full_load,s12,W-00124,1,A,0,4,precedence
base,deepseek-v4-flash,full_load,s12,W-00125,1,C,1,3,capacity
base,deepseek-v4-flash,full_load,s12,W-00126,1,D,0,3,whatif
base,deepseek-v4-flash,full_load,s12,W-00127,1,A,0,2,lookup
base,deepseek-v4-flash,full_load,s12,W-00128,0,B,0,3,lookup
base,deepseek-v4-flash,full_load,s12,W-00129,0,C,1,5,alloc
base,deepseek-v4-flash,full_load,s12,W-00130,1,A,0,4,purchase
base,deepseek-v4-flash,full_load,s12,W-00131,1,A,0,4,plan
base,deepseek-v4-flash,full_load,s12,W-00132,1,D,0,3,capacity
base,deepseek-v4-flash,full_load,s12,W-00133,0,B,0,5,whatif
base,deepseek-v4-flash,full_load,s12,W-00134,1,C,1,2,sourcing
base,deepseek-v4-flash,full_load,s12,W-00135,1,A,0,3,diag
base,deepseek-v4-flash,full_load,s12,W-00136,1,A,0,4,diag
base,deepseek-v4-flash,full_load,s12,W-00137,0,D,0,5,temporal
base,deepseek-v4-flash,full_load,s12,W-00138,1,C,1,2,budget
base,deepseek-v4-flash,full_load,s12,W-00139,1,A,0,3,lookup
base,deepseek-v4-flash,full_load,s12,W-00141,0,A,0,2,lookup
base,deepseek-v4-flash,full_load,s12,W-00142,1,C,1,4,contract_gate
base,deepseek-v4-flash,full_load,s12,W-00144,0,A,0,4,diag
base,deepseek-v4-flash,full_load,s12,W-00145,1,D,0,3,precedence
base,deepseek-v4-flash,full_load,s12,W-00146,0,A,0,4,diag
base,deepseek-v4-flash,full_load,s12,W-00147,1,C,1,2,sourcing
base,deepseek-v4-flash,full_load,s12,W-00148,1,B,0,3,lookup
base,deepseek-v4-flash,full_load,s12,W-00149,1,A,0,4,diag
base,deepseek-v4-flash,full_load,s12,W-00150,0,D,0,4,whatif
base,deepseek-v4-flash,full_load,s13,W-00002,1,C,1,2,budget
base,deepseek-v4-flash,full_load,s13,W-00003,0,D,0,5,alloc
base,deepseek-v4-flash,full_load,s13,W-00005,0,C,1,2,budget
base,deepseek-v4-flash,full_load,s13,W-00006,0,D,0,3,budget
base,deepseek-v4-flash,full_load,s13,W-00007,0,A,0,4,diag
base,deepseek-v4-flash,full_load,s13,W-00008,0,A,0,5,diag
base,deepseek-v4-flash,full_load,s13,W-00009,0,D,1,4,alloc
base,deepseek-v4-flash,full_load,s13,W-00010,1,A,0,2,lookup
base,deepseek-v4-flash,full_load,s13,W-00011,1,A,0,3,vendor
base,deepseek-v4-flash,full_load,s13,W-00012,1,A,0,3,precedence
base,deepseek-v4-flash,full_load,s13,W-00013,1,C,1,5,temporal
base,deepseek-v4-flash,full_load,s13,W-00014,0,B,0,3,budget
base,deepseek-v4-flash,full_load,s13,W-00015,1,B,0,4,precedence
base,deepseek-v4-flash,full_load,s13,W-00016,1,A,0,2,budget
base,deepseek-v4-flash,full_load,s13,W-00017,1,A,0,3,lookup
base,deepseek-v4-flash,full_load,s13,W-00018,0,C,1,4,alloc
base,deepseek-v4-flash,full_load,s13,W-00019,1,C,1,4,contract_gate
base,deepseek-v4-flash,full_load,s13,W-00020,0,A,0,4,diag
base,deepseek-v4-flash,full_load,s13,W-00021,0,C,1,4,vendor
base,deepseek-v4-flash,full_load,s13,W-00022,0,A,0,3,diag
base,deepseek-v4-flash,full_load,s13,W-00023,1,B,0,3,capacity
base,deepseek-v4-flash,full_load,s13,W-00024,1,A,0,4,temporal
base,deepseek-v4-flash,full_load,s13,W-00025,1,B,0,2,conflict
base,deepseek-v4-flash,full_load,s13,W-00026,0,B,0,3,budget
base,deepseek-v4-flash,full_load,s13,W-00027,1,D,0,2,capacity
base,deepseek-v4-flash,full_load,s13,W-00028,1,A,0,4,plan
base,deepseek-v4-flash,full_load,s13,W-00029,0,B,0,3,lookup
base,deepseek-v4-flash,full_load,s13,W-00030,1,A,0,2,conflict
base,deepseek-v4-flash,full_load,s13,W-00031,0,A,0,3,plan
base,deepseek-v4-flash,full_load,s13,W-00032,1,A,0,4,plan
base,deepseek-v4-flash,full_load,s13,W-00033,0,D,1,5,alloc
base,deepseek-v4-flash,full_load,s13,W-00034,1,B,0,2,whatif
base,deepseek-v4-flash,full_load,s13,W-00036,0,C,1,5,alloc
base,deepseek-v4-flash,full_load,s13,W-00037,1,A,0,4,diag
base,deepseek-v4-flash,full_load,s13,W-00038,1,D,0,4,precedence
base,deepseek-v4-flash,full_load,s13,W-00039,1,A,0,3,precedence
base,deepseek-v4-flash,full_load,s13,W-00040,0,D,0,2,capacity
base,deepseek-v4-flash,full_load,s13,W-00041,1,B,0,2,conflict
base,deepseek-v4-flash,full_load,s13,W-00042,0,A,0,3,plan
base,deepseek-v4-flash,full_load,s13,W-00043,0,C,1,4,vendor
base,deepseek-v4-flash,full_load,s13,W-00044,1,A,0,4,purchase
base,deepseek-v4-flash,full_load,s13,W-00045,1,C,1,3,contract_gate
base,deepseek-v4-flash,full_load,s13,W-00046,1,B,0,5,plan
base,deepseek-v4-flash,full_load,s13,W-00047,0,C,1,5,purchase
base,deepseek-v4-flash,full_load,s13,W-00048,1,A,0,2,lookup
base,deepseek-v4-flash,full_load,s13,W-00049,1,B,0,3,lookup
base,deepseek-v4-flash,full_load,s13,W-00050,1,A,0,4,precedence
base,deepseek-v4-flash,full_load,s13,W-00051,0,D,0,4,plan
base,deepseek-v4-flash,full_load,s13,W-00052,1,A,0,4,diag
base,deepseek-v4-flash,full_load,s13,W-00053,1,B,0,3,lookup
base,deepseek-v4-flash,full_load,s13,W-00055,0,D,0,3,capacity
base,deepseek-v4-flash,full_load,s13,W-00056,0,A,0,2,lookup
base,deepseek-v4-flash,full_load,s13,W-00057,1,A,0,4,plan
base,deepseek-v4-flash,full_load,s13,W-00058,1,C,1,3,contract_gate
base,deepseek-v4-flash,full_load,s13,W-00059,0,A,0,5,diag
base,deepseek-v4-flash,full_load,s13,W-00061,0,C,0,4,contract_gate
base,deepseek-v4-flash,full_load,s13,W-00062,0,A,0,4,diag
base,deepseek-v4-flash,full_load,s13,W-00063,1,C,1,3,contract_gate
base,deepseek-v4-flash,full_load,s13,W-00064,1,A,0,2,capacity
base,deepseek-v4-flash,full_load,s13,W-00065,0,C,0,5,alloc
base,deepseek-v4-flash,full_load,s13,W-00066,1,B,0,3,lookup
base,deepseek-v4-flash,full_load,s13,W-00068,1,A,0,4,diag
base,deepseek-v4-flash,full_load,s13,W-00069,1,A,0,4,whatif
base,deepseek-v4-flash,full_load,s13,W-00070,1,B,0,3,contract_gate
base,deepseek-v4-flash,full_load,s13,W-00071,1,A,0,5,renewal
base,deepseek-v4-flash,full_load,s13,W-00072,1,C,1,2,budget
base,deepseek-v4-flash,full_load,s13,W-00073,0,B,0,4,vendor
base,deepseek-v4-flash,full_load,s13,W-00074,1,A,0,5,plan
base,deepseek-v4-flash,full_load,s13,W-00075,1,C,0,4,contract_gate
base,deepseek-v4-flash,full_load,s13,W-00076,0,D,1,5,alloc
base,deepseek-v4-flash,full_load,s13,W-00077,1,D,0,3,capacity
base,deepseek-v4-flash,full_load,s13,W-00078,0,B,0,3,budget
base,deepseek-v4-flash,full_load,s13,W-00079,0,A,0,5,diag
base,deepseek-v4-flash,full_load,s13,W-00080,1,A,0,3,lookup
base,deepseek-v4-flash,full_load,s13,W-00081,0,C,1,4,purchase
base,deepseek-v4-flash,full_load,s13,W-00082,0,A,0,2,budget
base,deepseek-v4-flash,full_load,s13,W-00084,1,A,0,3,diag
base,deepseek-v4-flash,full_load,s13,W-00085,1,C,1,4,alloc
base,deepseek-v4-flash,full_load,s13,W-00086,0,D,0,2,budget
base,deepseek-v4-flash,full_load,s13,W-00087,1,D,0,4,whatif
base,deepseek-v4-flash,full_load,s13,W-00088,1,A,0,3,lookup
base,deepseek-v4-flash,full_load,s13,W-00089,0,C,1,3,budget
base,deepseek-v4-flash,full_load,s13,W-00090,1,A,0,2,conflict
base,deepseek-v4-flash,full_load,s13,W-00091,1,B,0,2,conflict
base,deepseek-v4-flash,full_load,s13,W-00094,1,C,1,4,contract_gate
base,deepseek-v4-flash,full_load,s13,W-00095,0,D,0,3,sourcing
base,deepseek-v4-flash,full_load,s13,W-00096,0,A,0,5,purchase
base,deepseek-v4-flash,full_load,s13,W-00097,1,A,0,5,renewal
base,deepseek-v4-flash,full_load,s13,W-00098,0,C,1,2,budget
base,deepseek-v4-flash,full_load,s13,W-00099,0,A,0,3,lookup
base,deepseek-v4-flash,full_load,s13,W-00100,0,B,0,4,plan
base,deepseek-v4-flash,full_load,s13,W-00101,0,A,0,4,vendor
base,deepseek-v4-flash,full_load,s13,W-00103,0,A,0,3,vendor
base,deepseek-v4-flash,full_load,s13,W-00104,1,C,1,2,whatif
base,deepseek-v4-flash,full_load,s13,W-00105,1,D,0,2,budget
base,deepseek-v4-flash,full_load,s13,W-00106,0,A,0,4,temporal
base,deepseek-v4-flash,full_load,s13,W-00107,1,C,1,4,contract_gate
base,deepseek-v4-flash,full_load,s13,W-00108,1,B,0,2,conflict
base,deepseek-v4-flash,full_load,s13,W-00109,1,A,0,3,lookup
base,deepseek-v4-flash,full_load,s13,W-00110,0,B,0,4,diag
base,deepseek-v4-flash,full_load,s13,W-00111,1,A,0,4,contract_gate
base,deepseek-v4-flash,full_load,s13,W-00113,1,D,0,3,capacity
base,deepseek-v4-flash,full_load,s13,W-00114,1,A,0,4,plan
base,deepseek-v4-flash,full_load,s13,W-00115,1,D,0,4,diag
base,deepseek-v4-flash,full_load,s13,W-00116,0,C,1,3,budget
base,deepseek-v4-flash,full_load,s13,W-00117,1,A,0,2,conflict
base,deepseek-v4-flash,full_load,s13,W-00118,0,B,0,2,lookup
base,deepseek-v4-flash,full_load,s13,W-00119,1,A,0,3,lookup
base,deepseek-v4-flash,full_load,s13,W-00120,0,D,0,4,sourcing
base,deepseek-v4-flash,full_load,s13,W-00121,0,D,1,4,vendor
base,deepseek-v4-flash,full_load,s13,W-00122,1,A,0,3,plan
base,deepseek-v4-flash,full_load,s13,W-00123,1,B,0,2,conflict
base,deepseek-v4-flash,full_load,s13,W-00124,1,A,0,5,diag
base,deepseek-v4-flash,full_load,s13,W-00126,1,D,0,3,whatif
base,deepseek-v4-flash,full_load,s13,W-00127,1,A,0,4,diag
base,deepseek-v4-flash,full_load,s13,W-00128,0,B,0,3,lookup
base,deepseek-v4-flash,full_load,s13,W-00129,0,C,1,4,purchase
base,deepseek-v4-flash,full_load,s13,W-00130,1,A,0,2,temporal
base,deepseek-v4-flash,full_load,s13,W-00131,0,B,0,3,plan
base,deepseek-v4-flash,full_load,s13,W-00132,1,A,0,4,purchase
base,deepseek-v4-flash,full_load,s13,W-00133,1,D,0,2,capacity
base,deepseek-v4-flash,full_load,s13,W-00134,0,C,1,5,purchase
base,deepseek-v4-flash,full_load,s13,W-00135,1,A,0,3,lookup
base,deepseek-v4-flash,full_load,s13,W-00136,1,A,0,4,purchase
base,deepseek-v4-flash,full_load,s13,W-00137,0,D,0,5,temporal
base,deepseek-v4-flash,full_load,s13,W-00138,1,C,1,2,sourcing
base,deepseek-v4-flash,full_load,s13,W-00139,1,B,0,4,renewal
base,deepseek-v4-flash,full_load,s13,W-00140,1,A,0,3,lookup
base,deepseek-v4-flash,full_load,s13,W-00141,0,B,0,4,plan
base,deepseek-v4-flash,full_load,s13,W-00142,0,A,0,3,plan
base,deepseek-v4-flash,full_load,s13,W-00143,0,C,1,5,purchase
base,deepseek-v4-flash,full_load,s13,W-00144,0,D,0,2,budget
base,deepseek-v4-flash,full_load,s13,W-00145,0,A,0,3,capacity
base,deepseek-v4-flash,full_load,s13,W-00146,1,A,0,4,contract_gate
base,deepseek-v4-flash,full_load,s13,W-00147,1,C,1,5,purchase
base,deepseek-v4-flash,full_load,s13,W-00148,1,B,0,3,lookup
base,deepseek-v4-flash,full_load,s13,W-00149,1,A,0,2,conflict
base,deepseek-v4-flash,full_load,s13,W-00150,1,C,0,4,contract_gate
base,deepseek-v4-flash,full_load,s14,W-00002,1,C,1,3,capacity
base,deepseek-v4-flash,full_load,s14,W-00003,1,A,0,4,precedence
base,deepseek-v4-flash,full_load,s14,W-00004,1,A,0,2,conflict
base,deepseek-v4-flash,full_load,s14,W-00006,1,A,0,4,plan
base,deepseek-v4-flash,full_load,s14,W-00007,1,A,0,3,precedence
base,deepseek-v4-flash,full_load,s14,W-00008,1,B,0,5,purchase
base,deepseek-v4-flash,full_load,s14,W-00009,0,C,1,2,budget
base,deepseek-v4-flash,full_load,s14,W-00010,0,D,0,3,budget
base,deepseek-v4-flash,full_load,s14,W-00011,0,A,0,3,plan
base,deepseek-v4-flash,full_load,s14,W-00012,1,B,0,4,whatif
base,deepseek-v4-flash,full_load,s14,W-00013,0,A,0,5,temporal
base,deepseek-v4-flash,full_load,s14,W-00014,0,D,1,5,purchase
base,deepseek-v4-flash,full_load,s14,W-00015,1,B,0,2,budget
base,deepseek-v4-flash,full_load,s14,W-00016,1,A,0,4,whatif
base,deepseek-v4-flash,full_load,s14,W-00017,1,B,0,2,conflict
base,deepseek-v4-flash,full_load,s14,W-00018,1,C,1,4,contract_gate
base,deepseek-v4-flash,full_load,s14,W-00019,1,A,0,3,lookup
base,deepseek-v4-flash,full_load,s14,W-00020,1,A,0,4,renewal
base,deepseek-v4-flash,full_load,s14,W-00021,0,A,0,4,plan
base,deepseek-v4-flash,full_load,s14,W-00022,1,B,0,2,conflict
base,deepseek-v4-flash,full_load,s14,W-00023,0,C,1,5,alloc
base,deepseek-v4-flash,full_load,s14,W-00024,1,A,0,2,lookup
base,deepseek-v4-flash,full_load,s14,W-00025,0,C,0,5,alloc
base,deepseek-v4-flash,full_load,s14,W-00026,0,B,0,3,lookup
base,deepseek-v4-flash,full_load,s14,W-00027,1,C,1,3,contract_gate
base,deepseek-v4-flash,full_load,s14,W-00028,0,B,0,5,purchase
base,deepseek-v4-flash,full_load,s14,W-00029,1,A,0,2,capacity
base,deepseek-v4-flash,full_load,s14,W-00030,1,A,0,4,whatif
base,deepseek-v4-flash,full_load,s14,W-00031,0,A,0,4,plan
base,deepseek-v4-flash,full_load,s14,W-00032,1,C,1,3,capacity
base,deepseek-v4-flash,full_load,s14,W-00033,1,D,0,2,capacity
base,deepseek-v4-flash,full_load,s14,W-00034,1,D,0,3,contract_gate
base,deepseek-v4-flash,full_load,s14,W-00035,1,A,0,3,sourcing
base,deepseek-v4-flash,full_load,s14,W-00036,1,C,1,3,capacity
base,deepseek-v4-flash,full_load,s14,W-00037,1,A,0,3,lookup
base,deepseek-v4-flash,full_load,s14,W-00038,0,B,0,4,whatif
base,deepseek-v4-flash,full_load,s14,W-00039,1,B,0,4,vendor
base,deepseek-v4-flash,full_load,s14,W-00040,1,D,0,2,capacity
base,deepseek-v4-flash,full_load,s14,W-00041,0,C,1,3,purchase
base,deepseek-v4-flash,full_load,s14,W-00042,1,A,0,4,temporal
base,deepseek-v4-flash,full_load,s14,W-00043,1,A,0,3,diag
base,deepseek-v4-flash,full_load,s14,W-00044,1,B,0,5,purchase
base,deepseek-v4-flash,full_load,s14,W-00045,1,C,1,4,contract_gate
base,deepseek-v4-flash,full_load,s14,W-00046,1,A,0,3,lookup
base,deepseek-v4-flash,full_load,s14,W-00047,0,A,0,4,renewal
base,deepseek-v4-flash,full_load,s14,W-00048,0,B,0,5,plan
base,deepseek-v4-flash,full_load,s14,W-00049,0,C,1,5,alloc
base,deepseek-v4-flash,full_load,s14,W-00050,1,A,0,2,conflict
base,deepseek-v4-flash,full_load,s14,W-00051,1,C,1,3,contract_gate
base,deepseek-v4-flash,full_load,s14,W-00052,0,A,0,3,diag
base,deepseek-v4-flash,full_load,s14,W-00053,0,B,0,4,alloc
base,deepseek-v4-flash,full_load,s14,W-00054,1,A,0,5,whatif
base,deepseek-v4-flash,full_load,s14,W-00055,1,D,0,3,capacity
base,deepseek-v4-flash,full_load,s14,W-00056,1,A,0,2,lookup
base,deepseek-v4-flash,full_load,s14,W-00057,1,D,0,2,capacity
base,deepseek-v4-flash,full_load,s14,W-00058,0,C,1,5,alloc
base,deepseek-v4-flash,full_load,s14,W-00059,1,A,0,4,contract_gate
base,deepseek-v4-flash,full_load,s14,W-00060,0,B,0,4,purchase
base,deepseek-v4-flash,full_load,s14,W-00061,1,B,0,2,conflict
base,deepseek-v4-flash,full_load,s14,W-00062,0,A,0,3,plan
base,deepseek-v4-flash,full_load,s14,W-00063,0,A,0,4,plan
base,deepseek-v4-flash,full_load,s14,W-00064,0,D,1,4,sourcing
base,deepseek-v4-flash,full_load,s14,W-00065,1,D,0,2,budget
base,deepseek-v4-flash,full_load,s14,W-00066,1,D,0,3,capacity
base,deepseek-v4-flash,full_load,s14,W-00067,1,D,1,4,sourcing
base,deepseek-v4-flash,full_load,s14,W-00068,1,A,0,2,lookup
base,deepseek-v4-flash,full_load,s14,W-00069,1,A,0,3,conflict
base,deepseek-v4-flash,full_load,s14,W-00070,1,B,0,3,contract_gate
base,deepseek-v4-flash,full_load,s14,W-00071,1,A,0,2,lookup
base,deepseek-v4-flash,full_load,s14,W-00072,1,A,0,3,vendor
base,deepseek-v4-flash,full_load,s14,W-00073,1,C,1,4,purchase
base,deepseek-v4-flash,full_load,s14,W-00074,1,B,0,4,precedence
base,deepseek-v4-flash,full_load,s14,W-00075,1,D,0,3,capacity
base,deepseek-v4-flash,full_load,s14,W-00076,1,C,1,4,purchase
base,deepseek-v4-flash,full_load,s14,W-00077,0,C,0,5,alloc
base,deepseek-v4-flash,full_load,s14,W-00078,1,A,0,2,whatif
base,deepseek-v4-flash,full_load,s14,W-00079,1,D,0,3,capacity
base,deepseek-v4-flash,full_load,s14,W-00080,1,A,0,4,temporal
base,deepseek-v4-flash,full_load,s14,W-00081,0,B,0,4,plan
base,deepseek-v4-flash,full_load,s14,W-00082,1,C,1,3,sourcing
base,deepseek-v4-flash,full_load,s14,W-00083,1,A,0,2,conflict
base,deepseek-v4-flash,full_load,s14,W-00084,1,A,0,5,purchase
base,deepseek-v4-flash,full_load,s14,W-00085,0,C,1,5,alloc
base,deepseek-v4-flash,full_load,s14,W-00086,1,B,0,3,lookup
base,deepseek-v4-flash,full_load,s14,W-00087,0,A,0,4,plan
base,deepseek-v4-flash,full_load,s14,W-00088,1,B,0,3,lookup
base,deepseek-v4-flash,full_load,s14,W-00089,1,C,1,2,capacity
base,deepseek-v4-flash,full_load,s14,W-00090,1,A,0,4,contract_gate
base,deepseek-v4-flash,full_load,s14,W-00091,1,A,0,4,plan
base,deepseek-v4-flash,full_load,s14,W-00092,0,D,0,3,vendor
base,deepseek-v4-flash,full_load,s14,W-00093,0,C,0,2,temporal
base,deepseek-v4-flash,full_load,s14,W-00094,0,C,1,5,alloc
base,deepseek-v4-flash,full_load,s14,W-00095,1,A,0,3,lookup
base,deepseek-v4-flash,full_load,s14,W-00096,1,B,0,4,plan
base,deepseek-v4-flash,full_load,s14,W-00097,1,A,0,2,budget
base,deepseek-v4-flash,full_load,s14,W-00098,1,C,1,4,contract_gate
base,deepseek-v4-flash,full_load,s14,W-00099,1,A,0,3,plan
base,deepseek-v4-flash,full_load,s14,W-00100,1,B,0,5,purchase
base,deepseek-v4-flash,full_load,s14,W-00101,0,C,1,5,purchase
base,deepseek-v4-flash,full_load,s14,W-00102,1,A,0,4,plan
base,deepseek-v4-flash,full_load,s14,W-00103,1,B,0,3,lookup
base,deepseek-v4-flash,full_load,s14,W-00104,1,A,0,2,conflict
base,deepseek-v4-flash,full_load,s14,W-00105,1,C,1,3,contract_gate
base,deepseek-v4-flash,full_load,s14,W-00106,1,A,0,4,renewal
base,deepseek-v4-flash,full_load,s14,W-00107,0,D,0,5,alloc
base,deepseek-v4-flash,full_load,s14,W-00108,0,B,0,3,lookup
base,deepseek-v4-flash,full_load,s14,W-00109,1,A,0,2,capacity
base,deepseek-v4-flash,full_load,s14,W-00110,0,D,0,4,sourcing
base,deepseek-v4-flash,full_load,s14,W-00111,0,A,0,5,temporal
base,deepseek-v4-flash,full_load,s14,W-00112,1,D,1,3,capacity
base,deepseek-v4-flash,full_load,s14,W-00113,1,B,0,4,contract_gate
base,deepseek-v4-flash,full_load,s14,W-00114,1,A,0,2,budget
base,deepseek-v4-flash,full_load,s14,W-00115,0,C,0,5,alloc
base,deepseek-v4-flash,full_load,s14,W-00116,1,C,1,3,capacity
base,deepseek-v4-flash,full_load,s14,W-00117,1,A,0,4,temporal
base,deepseek-v4-flash,full_load,s14,W-00118,0,B,0,3,lookup
base,deepseek-v4-flash,full_load,s14,W-00119,1,C,0,2,budget
base,deepseek-v4-flash,full_load,s14,W-00120,0,A,0,4,diag
base,deepseek-v4-flash,full_load,s14,W-00121,0,A,0,3,plan
base,deepseek-v4-flash,full_load,s14,W-00122,1,C,1,2,vendor
base,deepseek-v4-flash,full_load,s14,W-00123,1,B,0,5,plan
base,deepseek-v4-flash,full_load,s14,W-00124,0,A,0,4,whatif
base,deepseek-v4-flash,full_load,s14,W-00125,0,C,1,5,alloc
base,deepseek-v4-flash,full_load,s14,W-00126,0,D,0,4,purchase
base,deepseek-v4-flash,full_load,s14,W-00127,1,A,0,3,lookup
base,deepseek-v4-flash,full_load,s14,W-00128,1,B,0,3,lookup
base,deepseek-v4-flash,full_load,s14,W-00129,1,C,1,4,purchase
base,deepseek-v4-flash,full_load,s14,W-00131,1,A,0,3,plan
base,deepseek-v4-flash,full_load,s14,W-00132,0,D,0,4,sourcing
base,deepseek-v4-flash,full_load,s14,W-00133,1,B,0,2,capacity
base,deepseek-v4-flash,full_load,s14,W-00134,0,C,1,4,purchase
base,deepseek-v4-flash,full_load,s14,W-00135,1,A,0,3,lookup
base,deepseek-v4-flash,full_load,s14,W-00136,0,A,0,5,diag
base,deepseek-v4-flash,full_load,s14,W-00137,0,D,0,5,purchase
base,deepseek-v4-flash,full_load,s14,W-00138,1,C,1,4,contract_gate
base,deepseek-v4-flash,full_load,s14,W-00139,1,B,0,2,budget
base,deepseek-v4-flash,full_load,s14,W-00140,1,A,0,3,lookup
base,deepseek-v4-flash,full_load,s14,W-00141,0,D,0,3,vendor
base,deepseek-v4-flash,full_load,s14,W-00142,1,A,0,4,precedence
base,deepseek-v4-flash,full_load,s14,W-00143,0,C,1,2,whatif
base,deepseek-v4-flash,full_load,s14,W-00144,1,A,0,5,diag
base,deepseek-v4-flash,full_load,s14,W-00145,1,B,0,3,lookup
base,deepseek-v4-flash,full_load,s14,W-00146,1,D,0,4,contract_gate
base,deepseek-v4-flash,full_load,s14,W-00147,0,C,1,5,alloc
base,deepseek-v4-flash,full_load,s14,W-00148,0,B,0,5,plan
base,deepseek-v4-flash,full_load,s14,W-00149,1,A,0,5,plan
base,deepseek-v4-flash,full_load,s14,W-00150,1,A,0,3,temporal
R1,qwen3.5-27b,direct,s12,W-00001,0,C,1,2,capacity
R1,qwen3.5-27b,direct,s12,W-00002,0,C,1,4,alloc
R1,qwen3.5-27b,direct,s12,W-00003,1,B,0,2,lookup
R1,qwen3.5-27b,direct,s12,W-00004,1,A,0,3,diag
R1,qwen3.5-27b,direct,s12,W-00005,0,C,1,4,alloc
R1,qwen3.5-27b,direct,s12,W-00006,0,A,0,3,purchase
R1,qwen3.5-27b,direct,s12,W-00007,1,A,0,3,whatif
R1,qwen3.5-27b,direct,s12,W-00008,1,A,0,2,conflict
R1,qwen3.5-27b,direct,s12,W-00010,0,A,0,4,plan
R1,qwen3.5-27b,direct,s12,W-00011,0,A,0,4,plan
R1,qwen3.5-27b,direct,s12,W-00012,0,B,0,4,contract_gate
R1,qwen3.5-27b,direct,s12,W-00013,1,B,0,3,contract_gate
R1,qwen3.5-27b,direct,s12,W-00014,0,C,1,5,purchase
R1,qwen3.5-27b,direct,s12,W-00015,0,B,0,5,plan
R1,qwen3.5-27b,direct,s12,W-00017,1,A,0,3,diag
R1,qwen3.5-27b,direct,s12,W-00018,0,C,1,2,budget
R1,qwen3.5-27b,direct,s12,W-00019,1,A,0,3,precedence
R1,qwen3.5-27b,direct,s12,W-00020,1,A,0,4,purchase
R1,qwen3.5-27b,direct,s12,W-00021,1,A,0,2,lookup
R1,qwen3.5-27b,direct,s12,W-00022,0,C,1,4,contract_gate
R1,qwen3.5-27b,direct,s12,W-00023,0,B,0,4,contract_gate
R1,qwen3.5-27b,direct,s12,W-00025,0,D,0,3,temporal
R1,qwen3.5-27b,direct,s12,W-00026,0,B,0,2,conflict
R1,qwen3.5-27b,direct,s12,W-00027,0,C,1,4,alloc
R1,qwen3.5-27b,direct,s12,W-00028,1,A,0,5,temporal
R1,qwen3.5-27b,direct,s12,W-00029,0,A,0,3,diag
R1,qwen3.5-27b,direct,s12,W-00030,0,D,0,4,contract_gate
R1,qwen3.5-27b,direct,s12,W-00031,0,A,0,5,diag
R1,qwen3.5-27b,direct,s12,W-00032,0,C,1,4,alloc
R1,qwen3.5-27b,direct,s12,W-00033,0,B,0,2,conflict
R1,qwen3.5-27b,direct,s12,W-00034,1,A,0,3,lookup
R1,qwen3.5-27b,direct,s12,W-00035,0,D,0,3,temporal
R1,qwen3.5-27b,direct,s12,W-00036,1,A,0,3,plan
R1,qwen3.5-27b,direct,s12,W-00037,0,C,1,2,capacity
R1,qwen3.5-27b,direct,s12,W-00038,0,B,0,4,purchase
R1,qwen3.5-27b,direct,s12,W-00039,0,A,0,4,contract_gate
R1,qwen3.5-27b,direct,s12,W-00040,0,D,0,5,purchase
R1,qwen3.5-27b,direct,s12,W-00041,0,B,0,3,plan
R1,qwen3.5-27b,direct,s12,W-00042,0,C,1,4,contract_gate
R1,qwen3.5-27b,direct,s12,W-00043,0,C,0,2,budget
R1,qwen3.5-27b,direct,s12,W-00044,0,A,0,5,diag
R1,qwen3.5-27b,direct,s12,W-00045,0,D,1,4,alloc
R1,qwen3.5-27b,direct,s12,W-00046,0,D,0,3,vendor
R1,qwen3.5-27b,direct,s12,W-00047,0,A,0,5,diag
R1,qwen3.5-27b,direct,s12,W-00048,1,A,0,2,lookup
R1,qwen3.5-27b,direct,s12,W-00049,0,C,1,4,contract_gate
R1,qwen3.5-27b,direct,s12,W-00050,1,A,0,3,precedence
R1,qwen3.5-27b,direct,s13,W-00001,0,C,1,2,budget
R1,qwen3.5-27b,direct,s13,W-00002,0,C,1,4,purchase
R1,qwen3.5-27b,direct,s13,W-00003,0,A,0,3,vendor
R1,qwen3.5-27b,direct,s13,W-00004,0,A,0,2,capacity
R1,qwen3.5-27b,direct,s13,W-00005,0,C,1,4,purchase
R1,qwen3.5-27b,direct,s13,W-00006,1,A,0,3,whatif
R1,qwen3.5-27b,direct,s13,W-00007,1,A,0,3,whatif
R1,qwen3.5-27b,direct,s13,W-00008,0,B,0,2,conflict
R1,qwen3.5-27b,direct,s13,W-00009,0,D,1,3,purchase
R1,qwen3.5-27b,direct,s13,W-00010,0,C,1,4,alloc
R1,qwen3.5-27b,direct,s13,W-00012,0,B,0,4,purchase
R1,qwen3.5-27b,direct,s13,W-00013,1,A,0,2,conflict
R1,qwen3.5-27b,direct,s13,W-00014,0,B,0,5,plan
R1,qwen3.5-27b,direct,s13,W-00015,1,A,0,3,whatif
R1,qwen3.5-27b,direct,s13,W-00017,0,A,0,3,plan
R1,qwen3.5-27b,direct,s13,W-00019,0,C,0,5,alloc
R1,qwen3.5-27b,direct,s13,W-00020,0,D,0,4,plan
R1,qwen3.5-27b,direct,s13,W-00021,0,D,0,4,purchase
R1,qwen3.5-27b,direct,s13,W-00022,1,A,0,4,temporal
R1,qwen3.5-27b,direct,s13,W-00023,0,C,1,2,budget
R1,qwen3.5-27b,direct,s13,W-00024,1,A,0,5,purchase
R1,qwen3.5-27b,direct,s13,W-00025,0,B,0,3,lookup
R1,qwen3.5-27b,direct,s13,W-00026,0,B,0,4,plan
R1,qwen3.5-27b,direct,s13,W-00027,0,C,1,4,contract_gate
R1,qwen3.5-27b,direct,s13,W-00028,0,A,0,2,vendor
R1,qwen3.5-27b,direct,s13,W-00029,0,A,0,3,diag
R1,qwen3.5-27b,direct,s13,W-00030,0,D,0,4,purchase
R1,qwen3.5-27b,direct,s13,W-00031,0,D,0,5,alloc
R1,qwen3.5-27b,direct,s13,W-00032,0,C,1,2,budget
R1,qwen3.5-27b,direct,s13,W-00033,1,A,0,3,lookup
R1,qwen3.5-27b,direct,s13,W-00034,0,A,0,4,diag
R1,qwen3.5-27b,direct,s13,W-00035,0,B,0,3,lookup
R1,qwen3.5-27b,direct,s13,W-00036,0,C,1,4,whatif
R1,qwen3.5-27b,direct,s13,W-00037,1,A,0,5,diag
R1,qwen3.5-27b,direct,s13,W-00038,0,D,0,5,alloc
R1,qwen3.5-27b,direct,s13,W-00039,0,B,0,4,contract_gate
R1,qwen3.5-27b,direct,s13,W-00040,1,A,0,2,lookup
R1,qwen3.5-27b,direct,s13,W-00041,0,D,0,4,vendor
R1,qwen3.5-27b,direct,s13,W-00042,0,C,1,3,alloc
R1,qwen3.5-27b,direct,s13,W-00043,0,D,0,3,whatif
R1,qwen3.5-27b,direct,s13,W-00045,1,C,1,4,temporal
R1,qwen3.5-27b,direct,s13,W-00046,0,B,0,2,capacity
R1,qwen3.5-27b,direct,s13,W-00047,1,A,0,3,lookup
R1,qwen3.5-27b,direct,s13,W-00048,0,B,0,2,budget
R1,qwen3.5-27b,direct,s13,W-00049,0,C,1,4,alloc
R1,qwen3.5-27b,direct,s13,W-00050,0,B,0,3,lookup
R1,qwen3.5-27b,direct,s14,W-00002,1,C,1,4,whatif
R1,qwen3.5-27b,direct,s14,W-00004,0,D,0,2,sourcing
R1,qwen3.5-27b,direct,s14,W-00005,0,C,1,3,whatif
R1,qwen3.5-27b,direct,s14,W-00006,1,A,0,4,precedence
R1,qwen3.5-27b,direct,s14,W-00007,0,A,0,3,diag
R1,qwen3.5-27b,direct,s14,W-00008,0,B,0,3,diag
R1,qwen3.5-27b,direct,s14,W-00009,0,C,1,5,alloc
R1,qwen3.5-27b,direct,s14,W-00010,1,A,0,2,conflict
R1,qwen3.5-27b,direct,s14,W-00011,1,A,0,3,precedence
R1,qwen3.5-27b,direct,s14,W-00012,0,D,0,4,contract_gate
R1,qwen3.5-27b,direct,s14,W-00013,0,B,0,2,conflict
R1,qwen3.5-27b,direct,s14,W-00014,0,C,1,3,alloc
R1,qwen3.5-27b,direct,s14,W-00015,1,A,0,3,lookup
R1,qwen3.5-27b,direct,s14,W-00016,1,A,0,2,conflict
R1,qwen3.5-27b,direct,s14,W-00017,1,A,0,3,plan
R1,qwen3.5-27b,direct,s14,W-00018,0,C,1,4,contract_gate
R1,qwen3.5-27b,direct,s14,W-00019,1,A,0,4,diag
R1,qwen3.5-27b,direct,s14,W-00020,0,D,0,5,purchase
R1,qwen3.5-27b,direct,s14,W-00021,0,B,0,4,purchase
R1,qwen3.5-27b,direct,s14,W-00022,0,B,0,4,precedence
R1,qwen3.5-27b,direct,s14,W-00023,0,C,1,2,capacity
R1,qwen3.5-27b,direct,s14,W-00024,1,A,0,3,lookup
R1,qwen3.5-27b,direct,s14,W-00025,0,A,0,3,vendor
R1,qwen3.5-27b,direct,s14,W-00026,0,B,0,4,contract_gate
R1,qwen3.5-27b,direct,s14,W-00027,0,C,1,5,purchase
R1,qwen3.5-27b,direct,s14,W-00028,1,A,0,2,conflict
R1,qwen3.5-27b,direct,s14,W-00029,1,A,0,3,lookup
R1,qwen3.5-27b,direct,s14,W-00030,0,B,0,4,temporal
R1,qwen3.5-27b,direct,s14,W-00031,1,A,0,4,plan
R1,qwen3.5-27b,direct,s14,W-00032,0,C,1,5,alloc
R1,qwen3.5-27b,direct,s14,W-00033,0,B,0,2,budget
R1,qwen3.5-27b,direct,s14,W-00034,1,A,0,3,lookup
R1,qwen3.5-27b,direct,s14,W-00035,0,B,0,4,contract_gate
R1,qwen3.5-27b,direct,s14,W-00036,0,A,0,3,plan
R1,qwen3.5-27b,direct,s14,W-00037,0,C,1,2,capacity
R1,qwen3.5-27b,direct,s14,W-00038,0,B,0,5,purchase
R1,qwen3.5-27b,direct,s14,W-00039,1,A,0,4,diag
R1,qwen3.5-27b,direct,s14,W-00040,0,C,1,3,contract_gate
R1,qwen3.5-27b,direct,s14,W-00041,0,A,0,5,diag
R1,qwen3.5-27b,direct,s14,W-00042,0,C,0,4,contract_gate
R1,qwen3.5-27b,direct,s14,W-00043,0,D,0,3,sourcing
R1,qwen3.5-27b,direct,s14,W-00044,1,A,0,2,conflict
R1,qwen3.5-27b,direct,s14,W-00045,0,C,1,4,whatif
R1,qwen3.5-27b,direct,s14,W-00046,0,A,0,2,lookup
R1,qwen3.5-27b,direct,s14,W-00047,1,A,0,4,plan
R1,qwen3.5-27b,direct,s14,W-00048,1,B,0,5,alloc
R1,qwen3.5-27b,direct,s14,W-00049,0,C,1,3,purchase
R1,qwen3.5-27b,direct,s14,W-00050,0,B,0,3,diag
R1,qwen3.5-27b,routing,s12,W-00001,0,C,1,2,capacity
R1,qwen3.5-27b,routing,s12,W-00002,0,C,1,4,alloc
R1,qwen3.5-27b,routing,s12,W-00003,1,B,0,2,lookup
R1,qwen3.5-27b,routing,s12,W-00004,1,A,0,3,diag
R1,qwen3.5-27b,routing,s12,W-00005,0,C,1,4,alloc
R1,qwen3.5-27b,routing,s12,W-00006,0,A,0,3,purchase
R1,qwen3.5-27b,routing,s12,W-00007,1,A,0,3,whatif
R1,qwen3.5-27b,routing,s12,W-00008,1,A,0,2,conflict
R1,qwen3.5-27b,routing,s12,W-00010,1,A,0,4,plan
R1,qwen3.5-27b,routing,s12,W-00011,0,A,0,4,plan
R1,qwen3.5-27b,routing,s12,W-00012,0,B,0,4,contract_gate
R1,qwen3.5-27b,routing,s12,W-00013,0,B,0,3,contract_gate
R1,qwen3.5-27b,routing,s12,W-00014,0,C,1,5,purchase
R1,qwen3.5-27b,routing,s12,W-00015,0,B,0,5,plan
R1,qwen3.5-27b,routing,s12,W-00017,1,A,0,3,diag
R1,qwen3.5-27b,routing,s12,W-00018,0,C,1,2,budget
R1,qwen3.5-27b,routing,s12,W-00019,1,A,0,3,precedence
R1,qwen3.5-27b,routing,s12,W-00020,0,A,0,4,purchase
R1,qwen3.5-27b,routing,s12,W-00021,1,A,0,2,lookup
R1,qwen3.5-27b,routing,s12,W-00022,1,C,1,4,contract_gate
R1,qwen3.5-27b,routing,s12,W-00023,1,B,0,4,contract_gate
R1,qwen3.5-27b,routing,s12,W-00025,0,D,0,3,temporal
R1,qwen3.5-27b,routing,s12,W-00026,1,B,0,2,conflict
R1,qwen3.5-27b,routing,s12,W-00027,0,C,1,4,alloc
R1,qwen3.5-27b,routing,s12,W-00028,1,A,0,5,temporal
R1,qwen3.5-27b,routing,s12,W-00029,0,A,0,3,diag
R1,qwen3.5-27b,routing,s12,W-00030,0,D,0,4,contract_gate
R1,qwen3.5-27b,routing,s12,W-00031,0,A,0,5,diag
R1,qwen3.5-27b,routing,s12,W-00032,0,C,1,4,alloc
R1,qwen3.5-27b,routing,s12,W-00033,0,B,0,2,conflict
R1,qwen3.5-27b,routing,s12,W-00034,1,A,0,3,lookup
R1,qwen3.5-27b,routing,s12,W-00035,0,D,0,3,temporal
R1,qwen3.5-27b,routing,s12,W-00036,1,A,0,3,plan
R1,qwen3.5-27b,routing,s12,W-00037,1,C,1,2,capacity
R1,qwen3.5-27b,routing,s12,W-00038,0,B,0,4,purchase
R1,qwen3.5-27b,routing,s12,W-00039,0,A,0,4,contract_gate
R1,qwen3.5-27b,routing,s12,W-00040,0,D,0,5,purchase
R1,qwen3.5-27b,routing,s12,W-00041,0,B,0,3,plan
R1,qwen3.5-27b,routing,s12,W-00042,0,C,1,4,contract_gate
R1,qwen3.5-27b,routing,s12,W-00043,0,C,0,2,budget
R1,qwen3.5-27b,routing,s12,W-00044,0,A,0,5,diag
R1,qwen3.5-27b,routing,s12,W-00045,0,D,1,4,alloc
R1,qwen3.5-27b,routing,s12,W-00046,0,D,0,3,vendor
R1,qwen3.5-27b,routing,s12,W-00047,0,A,0,5,diag
R1,qwen3.5-27b,routing,s12,W-00048,1,A,0,2,lookup
R1,qwen3.5-27b,routing,s12,W-00049,0,C,1,4,contract_gate
R1,qwen3.5-27b,routing,s12,W-00050,0,A,0,3,precedence
R1,qwen3.5-27b,routing,s13,W-00001,0,C,1,2,budget
R1,qwen3.5-27b,routing,s13,W-00002,0,C,1,4,purchase
R1,qwen3.5-27b,routing,s13,W-00003,0,A,0,3,vendor
R1,qwen3.5-27b,routing,s13,W-00004,1,A,0,2,capacity
R1,qwen3.5-27b,routing,s13,W-00005,0,C,1,4,purchase
R1,qwen3.5-27b,routing,s13,W-00006,0,A,0,3,whatif
R1,qwen3.5-27b,routing,s13,W-00007,1,A,0,3,whatif
R1,qwen3.5-27b,routing,s13,W-00008,0,B,0,2,conflict
R1,qwen3.5-27b,routing,s13,W-00009,0,D,1,3,purchase
R1,qwen3.5-27b,routing,s13,W-00010,0,C,1,4,alloc
R1,qwen3.5-27b,routing,s13,W-00012,0,B,0,4,purchase
R1,qwen3.5-27b,routing,s13,W-00013,1,A,0,2,conflict
R1,qwen3.5-27b,routing,s13,W-00014,0,B,0,5,plan
R1,qwen3.5-27b,routing,s13,W-00015,1,A,0,3,whatif
R1,qwen3.5-27b,routing,s13,W-00017,0,A,0,3,plan
R1,qwen3.5-27b,routing,s13,W-00019,0,C,0,5,alloc
R1,qwen3.5-27b,routing,s13,W-00020,0,D,0,4,plan
R1,qwen3.5-27b,routing,s13,W-00021,1,D,0,4,purchase
R1,qwen3.5-27b,routing,s13,W-00022,1,A,0,4,temporal
R1,qwen3.5-27b,routing,s13,W-00023,0,C,1,2,budget
R1,qwen3.5-27b,routing,s13,W-00024,0,A,0,5,purchase
R1,qwen3.5-27b,routing,s13,W-00025,0,B,0,3,lookup
R1,qwen3.5-27b,routing,s13,W-00026,0,B,0,4,plan
R1,qwen3.5-27b,routing,s13,W-00027,0,C,1,4,contract_gate
R1,qwen3.5-27b,routing,s13,W-00028,0,A,0,2,vendor
R1,qwen3.5-27b,routing,s13,W-00029,0,A,0,3,diag
R1,qwen3.5-27b,routing,s13,W-00030,0,D,0,4,purchase
R1,qwen3.5-27b,routing,s13,W-00031,0,D,0,5,alloc
R1,qwen3.5-27b,routing,s13,W-00032,0,C,1,2,budget
R1,qwen3.5-27b,routing,s13,W-00033,1,A,0,3,lookup
R1,qwen3.5-27b,routing,s13,W-00034,0,A,0,4,diag
R1,qwen3.5-27b,routing,s13,W-00035,0,B,0,3,lookup
R1,qwen3.5-27b,routing,s13,W-00036,0,C,1,4,whatif
R1,qwen3.5-27b,routing,s13,W-00037,1,A,0,5,diag
R1,qwen3.5-27b,routing,s13,W-00038,0,D,0,5,alloc
R1,qwen3.5-27b,routing,s13,W-00039,0,B,0,4,contract_gate
R1,qwen3.5-27b,routing,s13,W-00040,1,A,0,2,lookup
R1,qwen3.5-27b,routing,s13,W-00041,0,D,0,4,vendor
R1,qwen3.5-27b,routing,s13,W-00042,0,C,1,3,alloc
R1,qwen3.5-27b,routing,s13,W-00043,0,D,0,3,whatif
R1,qwen3.5-27b,routing,s13,W-00045,1,C,1,4,temporal
R1,qwen3.5-27b,routing,s13,W-00046,0,B,0,2,capacity
R1,qwen3.5-27b,routing,s13,W-00047,1,A,0,3,lookup
R1,qwen3.5-27b,routing,s13,W-00048,0,B,0,2,budget
R1,qwen3.5-27b,routing,s13,W-00049,0,C,1,4,alloc
R1,qwen3.5-27b,routing,s13,W-00050,1,B,0,3,lookup
R1,qwen3.5-27b,routing,s14,W-00002,1,C,1,4,whatif
R1,qwen3.5-27b,routing,s14,W-00004,0,D,0,2,sourcing
R1,qwen3.5-27b,routing,s14,W-00005,0,C,1,3,whatif
R1,qwen3.5-27b,routing,s14,W-00006,1,A,0,4,precedence
R1,qwen3.5-27b,routing,s14,W-00007,0,A,0,3,diag
R1,qwen3.5-27b,routing,s14,W-00008,1,B,0,3,diag
R1,qwen3.5-27b,routing,s14,W-00009,0,C,1,5,alloc
R1,qwen3.5-27b,routing,s14,W-00010,1,A,0,2,conflict
R1,qwen3.5-27b,routing,s14,W-00011,1,A,0,3,precedence
R1,qwen3.5-27b,routing,s14,W-00012,0,D,0,4,contract_gate
R1,qwen3.5-27b,routing,s14,W-00013,1,B,0,2,conflict
R1,qwen3.5-27b,routing,s14,W-00014,0,C,1,3,alloc
R1,qwen3.5-27b,routing,s14,W-00015,1,A,0,3,lookup
R1,qwen3.5-27b,routing,s14,W-00016,1,A,0,2,conflict
R1,qwen3.5-27b,routing,s14,W-00017,1,A,0,3,plan
R1,qwen3.5-27b,routing,s14,W-00018,0,C,1,4,contract_gate
R1,qwen3.5-27b,routing,s14,W-00019,0,A,0,4,diag
R1,qwen3.5-27b,routing,s14,W-00020,0,D,0,5,purchase
R1,qwen3.5-27b,routing,s14,W-00021,0,B,0,4,purchase
R1,qwen3.5-27b,routing,s14,W-00022,0,B,0,4,precedence
R1,qwen3.5-27b,routing,s14,W-00023,0,C,1,2,capacity
R1,qwen3.5-27b,routing,s14,W-00024,1,A,0,3,lookup
R1,qwen3.5-27b,routing,s14,W-00025,0,A,0,3,vendor
R1,qwen3.5-27b,routing,s14,W-00026,0,B,0,4,contract_gate
R1,qwen3.5-27b,routing,s14,W-00027,0,C,1,5,purchase
R1,qwen3.5-27b,routing,s14,W-00028,0,A,0,2,conflict
R1,qwen3.5-27b,routing,s14,W-00029,1,A,0,3,lookup
R1,qwen3.5-27b,routing,s14,W-00030,0,B,0,4,temporal
R1,qwen3.5-27b,routing,s14,W-00031,1,A,0,4,plan
R1,qwen3.5-27b,routing,s14,W-00032,0,C,1,5,alloc
R1,qwen3.5-27b,routing,s14,W-00033,1,B,0,2,budget
R1,qwen3.5-27b,routing,s14,W-00034,1,A,0,3,lookup
R1,qwen3.5-27b,routing,s14,W-00035,0,B,0,4,contract_gate
R1,qwen3.5-27b,routing,s14,W-00036,0,A,0,3,plan
R1,qwen3.5-27b,routing,s14,W-00037,0,C,1,2,capacity
R1,qwen3.5-27b,routing,s14,W-00038,0,B,0,5,purchase
R1,qwen3.5-27b,routing,s14,W-00039,1,A,0,4,diag
R1,qwen3.5-27b,routing,s14,W-00040,0,C,1,3,contract_gate
R1,qwen3.5-27b,routing,s14,W-00041,0,A,0,5,diag
R1,qwen3.5-27b,routing,s14,W-00042,0,C,0,4,contract_gate
R1,qwen3.5-27b,routing,s14,W-00043,0,D,0,3,sourcing
R1,qwen3.5-27b,routing,s14,W-00044,0,A,0,2,conflict
R1,qwen3.5-27b,routing,s14,W-00045,0,C,1,4,whatif
R1,qwen3.5-27b,routing,s14,W-00046,1,A,0,2,lookup
R1,qwen3.5-27b,routing,s14,W-00047,1,A,0,4,plan
R1,qwen3.5-27b,routing,s14,W-00048,0,B,0,5,alloc
R1,qwen3.5-27b,routing,s14,W-00049,0,C,1,3,purchase
R1,qwen3.5-27b,routing,s14,W-00050,0,B,0,3,diag
R1,qwen3.5-27b,ingress,s12,W-00001,0,C,1,2,capacity
R1,qwen3.5-27b,ingress,s12,W-00002,0,C,1,4,alloc
R1,qwen3.5-27b,ingress,s12,W-00003,1,B,0,2,lookup
R1,qwen3.5-27b,ingress,s12,W-00004,1,A,0,3,diag
R1,qwen3.5-27b,ingress,s12,W-00005,0,C,1,4,alloc
R1,qwen3.5-27b,ingress,s12,W-00006,0,A,0,3,purchase
R1,qwen3.5-27b,ingress,s12,W-00007,1,A,0,3,whatif
R1,qwen3.5-27b,ingress,s12,W-00008,1,A,0,2,conflict
R1,qwen3.5-27b,ingress,s12,W-00010,0,A,0,4,plan
R1,qwen3.5-27b,ingress,s12,W-00011,0,A,0,4,plan
R1,qwen3.5-27b,ingress,s12,W-00012,0,B,0,4,contract_gate
R1,qwen3.5-27b,ingress,s12,W-00013,1,B,0,3,contract_gate
R1,qwen3.5-27b,ingress,s12,W-00014,0,C,1,5,purchase
R1,qwen3.5-27b,ingress,s12,W-00015,0,B,0,5,plan
R1,qwen3.5-27b,ingress,s12,W-00017,1,A,0,3,diag
R1,qwen3.5-27b,ingress,s12,W-00018,0,C,1,2,budget
R1,qwen3.5-27b,ingress,s12,W-00019,1,A,0,3,precedence
R1,qwen3.5-27b,ingress,s12,W-00020,1,A,0,4,purchase
R1,qwen3.5-27b,ingress,s12,W-00021,1,A,0,2,lookup
R1,qwen3.5-27b,ingress,s12,W-00022,0,C,1,4,contract_gate
R1,qwen3.5-27b,ingress,s12,W-00023,1,B,0,4,contract_gate
R1,qwen3.5-27b,ingress,s12,W-00025,0,D,0,3,temporal
R1,qwen3.5-27b,ingress,s12,W-00026,0,B,0,2,conflict
R1,qwen3.5-27b,ingress,s12,W-00027,0,C,1,4,alloc
R1,qwen3.5-27b,ingress,s12,W-00028,1,A,0,5,temporal
R1,qwen3.5-27b,ingress,s12,W-00029,0,A,0,3,diag
R1,qwen3.5-27b,ingress,s12,W-00030,1,D,0,4,contract_gate
R1,qwen3.5-27b,ingress,s12,W-00031,0,A,0,5,diag
R1,qwen3.5-27b,ingress,s12,W-00032,0,C,1,4,alloc
R1,qwen3.5-27b,ingress,s12,W-00033,0,B,0,2,conflict
R1,qwen3.5-27b,ingress,s12,W-00034,1,A,0,3,lookup
R1,qwen3.5-27b,ingress,s12,W-00035,0,D,0,3,temporal
R1,qwen3.5-27b,ingress,s12,W-00036,0,A,0,3,plan
R1,qwen3.5-27b,ingress,s12,W-00037,0,C,1,2,capacity
R1,qwen3.5-27b,ingress,s12,W-00038,0,B,0,4,purchase
R1,qwen3.5-27b,ingress,s12,W-00039,0,A,0,4,contract_gate
R1,qwen3.5-27b,ingress,s12,W-00040,0,D,0,5,purchase
R1,qwen3.5-27b,ingress,s12,W-00041,1,B,0,3,plan
R1,qwen3.5-27b,ingress,s12,W-00042,0,C,1,4,contract_gate
R1,qwen3.5-27b,ingress,s12,W-00043,0,C,0,2,budget
R1,qwen3.5-27b,ingress,s12,W-00044,0,A,0,5,diag
R1,qwen3.5-27b,ingress,s12,W-00045,0,D,1,4,alloc
R1,qwen3.5-27b,ingress,s12,W-00046,1,D,0,3,vendor
R1,qwen3.5-27b,ingress,s12,W-00047,0,A,0,5,diag
R1,qwen3.5-27b,ingress,s12,W-00048,1,A,0,2,lookup
R1,qwen3.5-27b,ingress,s12,W-00049,1,C,1,4,contract_gate
R1,qwen3.5-27b,ingress,s12,W-00050,0,A,0,3,precedence
R1,qwen3.5-27b,ingress,s13,W-00001,0,C,1,2,budget
R1,qwen3.5-27b,ingress,s13,W-00002,1,C,1,4,purchase
R1,qwen3.5-27b,ingress,s13,W-00003,0,A,0,3,vendor
R1,qwen3.5-27b,ingress,s13,W-00004,1,A,0,2,capacity
R1,qwen3.5-27b,ingress,s13,W-00005,1,C,1,4,purchase
R1,qwen3.5-27b,ingress,s13,W-00006,1,A,0,3,whatif
R1,qwen3.5-27b,ingress,s13,W-00007,1,A,0,3,whatif
R1,qwen3.5-27b,ingress,s13,W-00008,1,B,0,2,conflict
R1,qwen3.5-27b,ingress,s13,W-00009,0,D,1,3,purchase
R1,qwen3.5-27b,ingress,s13,W-00010,0,C,1,4,alloc
R1,qwen3.5-27b,ingress,s13,W-00012,1,B,0,4,purchase
R1,qwen3.5-27b,ingress,s13,W-00013,1,A,0,2,conflict
R1,qwen3.5-27b,ingress,s13,W-00014,0,B,0,5,plan
R1,qwen3.5-27b,ingress,s13,W-00015,1,A,0,3,whatif
R1,qwen3.5-27b,ingress,s13,W-00017,0,A,0,3,plan
R1,qwen3.5-27b,ingress,s13,W-00019,0,C,0,5,alloc
R1,qwen3.5-27b,ingress,s13,W-00020,0,D,0,4,plan
R1,qwen3.5-27b,ingress,s13,W-00021,1,D,0,4,purchase
R1,qwen3.5-27b,ingress,s13,W-00022,1,A,0,4,temporal
R1,qwen3.5-27b,ingress,s13,W-00023,0,C,1,2,budget
R1,qwen3.5-27b,ingress,s13,W-00024,0,A,0,5,purchase
R1,qwen3.5-27b,ingress,s13,W-00025,1,B,0,3,lookup
R1,qwen3.5-27b,ingress,s13,W-00026,0,B,0,4,plan
R1,qwen3.5-27b,ingress,s13,W-00027,1,C,1,4,contract_gate
R1,qwen3.5-27b,ingress,s13,W-00028,0,A,0,2,vendor
R1,qwen3.5-27b,ingress,s13,W-00029,0,A,0,3,diag
R1,qwen3.5-27b,ingress,s13,W-00030,0,D,0,4,purchase
R1,qwen3.5-27b,ingress,s13,W-00031,0,D,0,5,alloc
R1,qwen3.5-27b,ingress,s13,W-00032,0,C,1,2,budget
R1,qwen3.5-27b,ingress,s13,W-00033,1,A,0,3,lookup
R1,qwen3.5-27b,ingress,s13,W-00034,1,A,0,4,diag
R1,qwen3.5-27b,ingress,s13,W-00035,1,B,0,3,lookup
R1,qwen3.5-27b,ingress,s13,W-00036,0,C,1,4,whatif
R1,qwen3.5-27b,ingress,s13,W-00037,0,A,0,5,diag
R1,qwen3.5-27b,ingress,s13,W-00038,0,D,0,5,alloc
R1,qwen3.5-27b,ingress,s13,W-00039,0,B,0,4,contract_gate
R1,qwen3.5-27b,ingress,s13,W-00040,1,A,0,2,lookup
R1,qwen3.5-27b,ingress,s13,W-00041,0,D,0,4,vendor
R1,qwen3.5-27b,ingress,s13,W-00042,0,C,1,3,alloc
R1,qwen3.5-27b,ingress,s13,W-00043,0,D,0,3,whatif
R1,qwen3.5-27b,ingress,s13,W-00045,1,C,1,4,temporal
R1,qwen3.5-27b,ingress,s13,W-00046,0,B,0,2,capacity
R1,qwen3.5-27b,ingress,s13,W-00047,1,A,0,3,lookup
R1,qwen3.5-27b,ingress,s13,W-00048,0,B,0,2,budget
R1,qwen3.5-27b,ingress,s13,W-00049,0,C,1,4,alloc
R1,qwen3.5-27b,ingress,s13,W-00050,1,B,0,3,lookup
R1,qwen3.5-27b,ingress,s14,W-00002,1,C,1,4,whatif
R1,qwen3.5-27b,ingress,s14,W-00004,1,D,0,2,sourcing
R1,qwen3.5-27b,ingress,s14,W-00005,1,C,1,3,whatif
R1,qwen3.5-27b,ingress,s14,W-00006,1,A,0,4,precedence
R1,qwen3.5-27b,ingress,s14,W-00007,0,A,0,3,diag
R1,qwen3.5-27b,ingress,s14,W-00008,1,B,0,3,diag
R1,qwen3.5-27b,ingress,s14,W-00009,0,C,1,5,alloc
R1,qwen3.5-27b,ingress,s14,W-00010,1,A,0,2,conflict
R1,qwen3.5-27b,ingress,s14,W-00011,1,A,0,3,precedence
R1,qwen3.5-27b,ingress,s14,W-00012,1,D,0,4,contract_gate
R1,qwen3.5-27b,ingress,s14,W-00013,1,B,0,2,conflict
R1,qwen3.5-27b,ingress,s14,W-00014,0,C,1,3,alloc
R1,qwen3.5-27b,ingress,s14,W-00015,1,A,0,3,lookup
R1,qwen3.5-27b,ingress,s14,W-00016,1,A,0,2,conflict
R1,qwen3.5-27b,ingress,s14,W-00017,1,A,0,3,plan
R1,qwen3.5-27b,ingress,s14,W-00018,1,C,1,4,contract_gate
R1,qwen3.5-27b,ingress,s14,W-00019,1,A,0,4,diag
R1,qwen3.5-27b,ingress,s14,W-00020,0,D,0,5,purchase
R1,qwen3.5-27b,ingress,s14,W-00021,1,B,0,4,purchase
R1,qwen3.5-27b,ingress,s14,W-00022,1,B,0,4,precedence
R1,qwen3.5-27b,ingress,s14,W-00023,1,C,1,2,capacity
R1,qwen3.5-27b,ingress,s14,W-00024,1,A,0,3,lookup
R1,qwen3.5-27b,ingress,s14,W-00025,0,A,0,3,vendor
R1,qwen3.5-27b,ingress,s14,W-00026,1,B,0,4,contract_gate
R1,qwen3.5-27b,ingress,s14,W-00027,0,C,1,5,purchase
R1,qwen3.5-27b,ingress,s14,W-00028,1,A,0,2,conflict
R1,qwen3.5-27b,ingress,s14,W-00029,1,A,0,3,lookup
R1,qwen3.5-27b,ingress,s14,W-00030,0,B,0,4,temporal
R1,qwen3.5-27b,ingress,s14,W-00031,1,A,0,4,plan
R1,qwen3.5-27b,ingress,s14,W-00032,0,C,1,5,alloc
R1,qwen3.5-27b,ingress,s14,W-00033,1,B,0,2,budget
R1,qwen3.5-27b,ingress,s14,W-00034,1,A,0,3,lookup
R1,qwen3.5-27b,ingress,s14,W-00035,1,B,0,4,contract_gate
R1,qwen3.5-27b,ingress,s14,W-00036,0,A,0,3,plan
R1,qwen3.5-27b,ingress,s14,W-00037,1,C,1,2,capacity
R1,qwen3.5-27b,ingress,s14,W-00038,0,B,0,5,purchase
R1,qwen3.5-27b,ingress,s14,W-00039,1,A,0,4,diag
R1,qwen3.5-27b,ingress,s14,W-00040,0,C,1,3,contract_gate
R1,qwen3.5-27b,ingress,s14,W-00041,0,A,0,5,diag
R1,qwen3.5-27b,ingress,s14,W-00042,0,C,0,4,contract_gate
R1,qwen3.5-27b,ingress,s14,W-00043,0,D,0,3,sourcing
R1,qwen3.5-27b,ingress,s14,W-00044,0,A,0,2,conflict
R1,qwen3.5-27b,ingress,s14,W-00045,0,C,1,4,whatif
R1,qwen3.5-27b,ingress,s14,W-00046,1,A,0,2,lookup
R1,qwen3.5-27b,ingress,s14,W-00047,1,A,0,4,plan
R1,qwen3.5-27b,ingress,s14,W-00048,0,B,0,5,alloc
R1,qwen3.5-27b,ingress,s14,W-00049,0,C,1,3,purchase
R1,qwen3.5-27b,ingress,s14,W-00050,1,B,0,3,diag
R1,qwen3.5-27b,full_load,s12,W-00001,1,C,1,2,capacity
R1,qwen3.5-27b,full_load,s12,W-00002,0,C,1,4,alloc
R1,qwen3.5-27b,full_load,s12,W-00003,1,B,0,2,lookup
R1,qwen3.5-27b,full_load,s12,W-00004,1,A,0,3,diag
R1,qwen3.5-27b,full_load,s12,W-00005,0,C,1,4,alloc
R1,qwen3.5-27b,full_load,s12,W-00006,0,A,0,3,purchase
R1,qwen3.5-27b,full_load,s12,W-00007,1,A,0,3,whatif
R1,qwen3.5-27b,full_load,s12,W-00008,1,A,0,2,conflict
R1,qwen3.5-27b,full_load,s12,W-00010,1,A,0,4,plan
R1,qwen3.5-27b,full_load,s12,W-00011,0,A,0,4,plan
R1,qwen3.5-27b,full_load,s12,W-00012,1,B,0,4,contract_gate
R1,qwen3.5-27b,full_load,s12,W-00013,1,B,0,3,contract_gate
R1,qwen3.5-27b,full_load,s12,W-00014,0,C,1,5,purchase
R1,qwen3.5-27b,full_load,s12,W-00015,1,B,0,5,plan
R1,qwen3.5-27b,full_load,s12,W-00017,1,A,0,3,diag
R1,qwen3.5-27b,full_load,s12,W-00018,1,C,1,2,budget
R1,qwen3.5-27b,full_load,s12,W-00019,1,A,0,3,precedence
R1,qwen3.5-27b,full_load,s12,W-00020,1,A,0,4,purchase
R1,qwen3.5-27b,full_load,s12,W-00021,0,A,0,2,lookup
R1,qwen3.5-27b,full_load,s12,W-00022,1,C,1,4,contract_gate
R1,qwen3.5-27b,full_load,s12,W-00023,1,B,0,4,contract_gate
R1,qwen3.5-27b,full_load,s12,W-00025,0,D,0,3,temporal
R1,qwen3.5-27b,full_load,s12,W-00026,1,B,0,2,conflict
R1,qwen3.5-27b,full_load,s12,W-00027,0,C,1,4,alloc
R1,qwen3.5-27b,full_load,s12,W-00028,1,A,0,5,temporal
R1,qwen3.5-27b,full_load,s12,W-00029,1,A,0,3,diag
R1,qwen3.5-27b,full_load,s12,W-00030,1,D,0,4,contract_gate
R1,qwen3.5-27b,full_load,s12,W-00031,0,A,0,5,diag
R1,qwen3.5-27b,full_load,s12,W-00032,0,C,1,4,alloc
R1,qwen3.5-27b,full_load,s12,W-00033,1,B,0,2,conflict
R1,qwen3.5-27b,full_load,s12,W-00034,1,A,0,3,lookup
R1,qwen3.5-27b,full_load,s12,W-00035,0,D,0,3,temporal
R1,qwen3.5-27b,full_load,s12,W-00036,1,A,0,3,plan
R1,qwen3.5-27b,full_load,s12,W-00037,0,C,1,2,capacity
R1,qwen3.5-27b,full_load,s12,W-00038,0,B,0,4,purchase
R1,qwen3.5-27b,full_load,s12,W-00039,0,A,0,4,contract_gate
R1,qwen3.5-27b,full_load,s12,W-00040,0,D,0,5,purchase
R1,qwen3.5-27b,full_load,s12,W-00041,1,B,0,3,plan
R1,qwen3.5-27b,full_load,s12,W-00042,1,C,1,4,contract_gate
R1,qwen3.5-27b,full_load,s12,W-00043,1,C,0,2,budget
R1,qwen3.5-27b,full_load,s12,W-00044,1,A,0,5,diag
R1,qwen3.5-27b,full_load,s12,W-00045,0,D,1,4,alloc
R1,qwen3.5-27b,full_load,s12,W-00046,0,D,0,3,vendor
R1,qwen3.5-27b,full_load,s12,W-00047,0,A,0,5,diag
R1,qwen3.5-27b,full_load,s12,W-00048,1,A,0,2,lookup
R1,qwen3.5-27b,full_load,s12,W-00049,0,C,1,4,contract_gate
R1,qwen3.5-27b,full_load,s12,W-00050,0,A,0,3,precedence
R1,qwen3.5-27b,full_load,s13,W-00001,1,C,1,2,budget
R1,qwen3.5-27b,full_load,s13,W-00002,0,C,1,4,purchase
R1,qwen3.5-27b,full_load,s13,W-00003,0,A,0,3,vendor
R1,qwen3.5-27b,full_load,s13,W-00004,0,A,0,2,capacity
R1,qwen3.5-27b,full_load,s13,W-00005,0,C,1,4,purchase
R1,qwen3.5-27b,full_load,s13,W-00006,1,A,0,3,whatif
R1,qwen3.5-27b,full_load,s13,W-00007,1,A,0,3,whatif
R1,qwen3.5-27b,full_load,s13,W-00008,1,B,0,2,conflict
R1,qwen3.5-27b,full_load,s13,W-00009,0,D,1,3,purchase
R1,qwen3.5-27b,full_load,s13,W-00010,0,C,1,4,alloc
R1,qwen3.5-27b,full_load,s13,W-00012,0,B,0,4,purchase
R1,qwen3.5-27b,full_load,s13,W-00013,1,A,0,2,conflict
R1,qwen3.5-27b,full_load,s13,W-00014,0,B,0,5,plan
R1,qwen3.5-27b,full_load,s13,W-00015,1,A,0,3,whatif
R1,qwen3.5-27b,full_load,s13,W-00017,0,A,0,3,plan
R1,qwen3.5-27b,full_load,s13,W-00019,0,C,0,5,alloc
R1,qwen3.5-27b,full_load,s13,W-00020,1,D,0,4,plan
R1,qwen3.5-27b,full_load,s13,W-00021,1,D,0,4,purchase
R1,qwen3.5-27b,full_load,s13,W-00022,1,A,0,4,temporal
R1,qwen3.5-27b,full_load,s13,W-00023,0,C,1,2,budget
R1,qwen3.5-27b,full_load,s13,W-00024,1,A,0,5,purchase
R1,qwen3.5-27b,full_load,s13,W-00025,0,B,0,3,lookup
R1,qwen3.5-27b,full_load,s13,W-00026,0,B,0,4,plan
R1,qwen3.5-27b,full_load,s13,W-00027,1,C,1,4,contract_gate
R1,qwen3.5-27b,full_load,s13,W-00028,0,A,0,2,vendor
R1,qwen3.5-27b,full_load,s13,W-00029,1,A,0,3,diag
R1,qwen3.5-27b,full_load,s13,W-00030,0,D,0,4,purchase
R1,qwen3.5-27b,full_load,s13,W-00031,0,D,0,5,alloc
R1,qwen3.5-27b,full_load,s13,W-00032,0,C,1,2,budget
R1,qwen3.5-27b,full_load,s13,W-00033,1,A,0,3,lookup
R1,qwen3.5-27b,full_load,s13,W-00034,0,A,0,4,diag
R1,qwen3.5-27b,full_load,s13,W-00035,0,B,0,3,lookup
R1,qwen3.5-27b,full_load,s13,W-00036,1,C,1,4,whatif
R1,qwen3.5-27b,full_load,s13,W-00037,1,A,0,5,diag
R1,qwen3.5-27b,full_load,s13,W-00038,0,D,0,5,alloc
R1,qwen3.5-27b,full_load,s13,W-00039,1,B,0,4,contract_gate
R1,qwen3.5-27b,full_load,s13,W-00040,1,A,0,2,lookup
R1,qwen3.5-27b,full_load,s13,W-00041,0,D,0,4,vendor
R1,qwen3.5-27b,full_load,s13,W-00042,0,C,1,3,alloc
R1,qwen3.5-27b,full_load,s13,W-00043,1,D,0,3,whatif
R1,qwen3.5-27b,full_load,s13,W-00045,0,C,1,4,temporal
R1,qwen3.5-27b,full_load,s13,W-00046,0,B,0,2,capacity
R1,qwen3.5-27b,full_load,s13,W-00047,1,A,0,3,lookup
R1,qwen3.5-27b,full_load,s13,W-00048,1,B,0,2,budget
R1,qwen3.5-27b,full_load,s13,W-00049,0,C,1,4,alloc
R1,qwen3.5-27b,full_load,s13,W-00050,0,B,0,3,lookup
R1,qwen3.5-27b,full_load,s14,W-00002,0,C,1,4,whatif
R1,qwen3.5-27b,full_load,s14,W-00004,1,D,0,2,sourcing
R1,qwen3.5-27b,full_load,s14,W-00005,0,C,1,3,whatif
R1,qwen3.5-27b,full_load,s14,W-00006,1,A,0,4,precedence
R1,qwen3.5-27b,full_load,s14,W-00007,0,A,0,3,diag
R1,qwen3.5-27b,full_load,s14,W-00008,0,B,0,3,diag
R1,qwen3.5-27b,full_load,s14,W-00009,0,C,1,5,alloc
R1,qwen3.5-27b,full_load,s14,W-00010,1,A,0,2,conflict
R1,qwen3.5-27b,full_load,s14,W-00011,1,A,0,3,precedence
R1,qwen3.5-27b,full_load,s14,W-00012,1,D,0,4,contract_gate
R1,qwen3.5-27b,full_load,s14,W-00013,1,B,0,2,conflict
R1,qwen3.5-27b,full_load,s14,W-00014,0,C,1,3,alloc
R1,qwen3.5-27b,full_load,s14,W-00015,1,A,0,3,lookup
R1,qwen3.5-27b,full_load,s14,W-00016,1,A,0,2,conflict
R1,qwen3.5-27b,full_load,s14,W-00017,1,A,0,3,plan
R1,qwen3.5-27b,full_load,s14,W-00018,0,C,1,4,contract_gate
R1,qwen3.5-27b,full_load,s14,W-00019,1,A,0,4,diag
R1,qwen3.5-27b,full_load,s14,W-00020,0,D,0,5,purchase
R1,qwen3.5-27b,full_load,s14,W-00021,0,B,0,4,purchase
R1,qwen3.5-27b,full_load,s14,W-00022,1,B,0,4,precedence
R1,qwen3.5-27b,full_load,s14,W-00023,1,C,1,2,capacity
R1,qwen3.5-27b,full_load,s14,W-00024,1,A,0,3,lookup
R1,qwen3.5-27b,full_load,s14,W-00025,0,A,0,3,vendor
R1,qwen3.5-27b,full_load,s14,W-00026,0,B,0,4,contract_gate
R1,qwen3.5-27b,full_load,s14,W-00027,0,C,1,5,purchase
R1,qwen3.5-27b,full_load,s14,W-00028,1,A,0,2,conflict
R1,qwen3.5-27b,full_load,s14,W-00029,1,A,0,3,lookup
R1,qwen3.5-27b,full_load,s14,W-00030,0,B,0,4,temporal
R1,qwen3.5-27b,full_load,s14,W-00031,1,A,0,4,plan
R1,qwen3.5-27b,full_load,s14,W-00032,0,C,1,5,alloc
R1,qwen3.5-27b,full_load,s14,W-00033,0,B,0,2,budget
R1,qwen3.5-27b,full_load,s14,W-00034,1,A,0,3,lookup
R1,qwen3.5-27b,full_load,s14,W-00035,1,B,0,4,contract_gate
R1,qwen3.5-27b,full_load,s14,W-00036,0,A,0,3,plan
R1,qwen3.5-27b,full_load,s14,W-00037,1,C,1,2,capacity
R1,qwen3.5-27b,full_load,s14,W-00038,0,B,0,5,purchase
R1,qwen3.5-27b,full_load,s14,W-00039,1,A,0,4,diag
R1,qwen3.5-27b,full_load,s14,W-00040,1,C,1,3,contract_gate
R1,qwen3.5-27b,full_load,s14,W-00041,0,A,0,5,diag
R1,qwen3.5-27b,full_load,s14,W-00042,1,C,0,4,contract_gate
R1,qwen3.5-27b,full_load,s14,W-00043,1,D,0,3,sourcing
R1,qwen3.5-27b,full_load,s14,W-00044,1,A,0,2,conflict
R1,qwen3.5-27b,full_load,s14,W-00045,0,C,1,4,whatif
R1,qwen3.5-27b,full_load,s14,W-00046,0,A,0,2,lookup
R1,qwen3.5-27b,full_load,s14,W-00047,0,A,0,4,plan
R1,qwen3.5-27b,full_load,s14,W-00048,0,B,0,5,alloc
R1,qwen3.5-27b,full_load,s14,W-00049,0,C,1,3,purchase
R1,qwen3.5-27b,full_load,s14,W-00050,1,B,0,3,diag
D3,qwen3.5-27b,direct,s12,W-00001,0,C,1,5,alloc
D3,qwen3.5-27b,direct,s12,W-00002,0,D,1,3,capacity
D3,qwen3.5-27b,direct,s12,W-00003,0,B,0,3,budget
D3,qwen3.5-27b,direct,s12,W-00004,1,A,0,2,temporal
D3,qwen3.5-27b,direct,s12,W-00005,0,C,1,2,budget
D3,qwen3.5-27b,direct,s12,W-00006,0,C,1,3,alloc
D3,qwen3.5-27b,direct,s12,W-00007,0,A,0,3,plan
D3,qwen3.5-27b,direct,s12,W-00008,0,A,0,3,diag
D3,qwen3.5-27b,direct,s12,W-00009,1,A,0,2,lookup
D3,qwen3.5-27b,direct,s12,W-00010,1,A,0,3,precedence
D3,qwen3.5-27b,direct,s12,W-00011,0,C,1,3,whatif
D3,qwen3.5-27b,direct,s12,W-00012,1,A,0,2,conflict
D3,qwen3.5-27b,direct,s12,W-00013,1,A,0,3,plan
D3,qwen3.5-27b,direct,s12,W-00014,1,A,0,3,plan
D3,qwen3.5-27b,direct,s12,W-00015,0,D,0,2,budget
D3,qwen3.5-27b,direct,s12,W-00016,0,C,1,3,purchase
D3,qwen3.5-27b,direct,s12,W-00017,0,B,0,2,conflict
D3,qwen3.5-27b,direct,s12,W-00018,0,B,0,3,budget
D3,qwen3.5-27b,direct,s12,W-00019,1,A,0,3,plan
D3,qwen3.5-27b,direct,s12,W-00020,0,D,0,2,capacity
D3,qwen3.5-27b,direct,s12,W-00021,0,C,1,4,alloc
D3,qwen3.5-27b,direct,s12,W-00022,0,C,1,2,budget
D3,qwen3.5-27b,direct,s12,W-00023,0,A,0,3,purchase
D3,qwen3.5-27b,direct,s12,W-00024,1,A,0,2,conflict
D3,qwen3.5-27b,direct,s12,W-00025,0,B,0,4,purchase
D3,qwen3.5-27b,direct,s12,W-00026,0,B,0,3,whatif
D3,qwen3.5-27b,direct,s12,W-00027,1,A,0,2,conflict
D3,qwen3.5-27b,direct,s12,W-00029,1,A,0,2,conflict
D3,qwen3.5-27b,direct,s12,W-00030,0,C,1,2,whatif
D3,qwen3.5-27b,direct,s12,W-00031,0,A,0,3,plan
D3,qwen3.5-27b,direct,s12,W-00032,1,A,0,3,plan
D3,qwen3.5-27b,direct,s12,W-00033,0,D,0,3,alloc
D3,qwen3.5-27b,direct,s12,W-00034,0,B,0,2,conflict
D3,qwen3.5-27b,direct,s12,W-00035,0,B,0,2,lookup
D3,qwen3.5-27b,direct,s12,W-00036,0,C,1,3,capacity
D3,qwen3.5-27b,direct,s12,W-00037,1,A,0,3,lookup
D3,qwen3.5-27b,direct,s12,W-00038,1,B,0,3,temporal
D3,qwen3.5-27b,direct,s12,W-00039,1,A,0,2,budget
D3,qwen3.5-27b,direct,s12,W-00040,0,C,1,3,purchase
D3,qwen3.5-27b,direct,s12,W-00041,0,B,0,3,lookup
D3,qwen3.5-27b,direct,s12,W-00042,0,C,1,2,budget
D3,qwen3.5-27b,direct,s12,W-00043,0,A,0,4,purchase
D3,qwen3.5-27b,direct,s12,W-00044,0,A,0,2,budget
D3,qwen3.5-27b,direct,s12,W-00045,1,B,0,3,whatif
D3,qwen3.5-27b,direct,s12,W-00046,0,C,1,4,purchase
D3,qwen3.5-27b,direct,s12,W-00047,1,A,0,2,conflict
D3,qwen3.5-27b,direct,s12,W-00049,1,A,0,3,plan
D3,qwen3.5-27b,direct,s12,W-00050,0,B,0,2,whatif
D3,qwen3.5-27b,direct,s12,W-00051,0,C,0,2,budget
D3,qwen3.5-27b,direct,s12,W-00052,1,A,0,3,lookup
D3,qwen3.5-27b,direct,s12,W-00053,0,B,0,4,purchase
D3,qwen3.5-27b,direct,s12,W-00054,0,C,1,2,capacity
D3,qwen3.5-27b,direct,s12,W-00055,1,A,0,2,temporal
D3,qwen3.5-27b,direct,s12,W-00056,0,D,0,2,capacity
D3,qwen3.5-27b,direct,s12,W-00057,1,A,0,3,lookup
D3,qwen3.5-27b,direct,s12,W-00059,1,A,0,3,plan
D3,qwen3.5-27b,direct,s12,W-00060,0,B,0,2,conflict
D3,qwen3.5-27b,direct,s13,W-00001,0,C,1,2,budget
D3,qwen3.5-27b,direct,s13,W-00002,0,C,1,2,budget
D3,qwen3.5-27b,direct,s13,W-00003,0,B,0,3,budget
D3,qwen3.5-27b,direct,s13,W-00004,1,B,0,3,lookup
D3,qwen3.5-27b,direct,s13,W-00006,1,A,0,4,whatif
D3,qwen3.5-27b,direct,s13,W-00007,1,A,0,2,conflict
D3,qwen3.5-27b,direct,s13,W-00008,0,D,0,3,budget
D3,qwen3.5-27b,direct,s13,W-00009,0,C,1,2,capacity
D3,qwen3.5-27b,direct,s13,W-00010,1,A,0,3,purchase
D3,qwen3.5-27b,direct,s13,W-00011,0,A,0,3,diag
D3,qwen3.5-27b,direct,s13,W-00012,1,A,0,3,plan
D3,qwen3.5-27b,direct,s13,W-00013,1,A,0,3,plan
D3,qwen3.5-27b,direct,s13,W-00014,0,C,1,2,temporal
D3,qwen3.5-27b,direct,s13,W-00015,0,C,1,2,budget
D3,qwen3.5-27b,direct,s13,W-00017,0,B,0,2,conflict
D3,qwen3.5-27b,direct,s13,W-00018,0,A,0,3,whatif
D3,qwen3.5-27b,direct,s13,W-00019,0,C,1,4,alloc
D3,qwen3.5-27b,direct,s13,W-00020,1,A,0,3,plan
D3,qwen3.5-27b,direct,s13,W-00022,1,A,0,2,conflict
D3,qwen3.5-27b,direct,s13,W-00023,0,A,0,4,purchase
D3,qwen3.5-27b,direct,s13,W-00024,0,C,0,2,budget
D3,qwen3.5-27b,direct,s13,W-00025,1,A,0,3,lookup
D3,qwen3.5-27b,direct,s13,W-00026,0,C,1,3,purchase
D3,qwen3.5-27b,direct,s13,W-00027,0,A,0,2,capacity
D3,qwen3.5-27b,direct,s13,W-00028,0,B,0,2,lookup
D3,qwen3.5-27b,direct,s13,W-00029,0,A,0,2,whatif
D3,qwen3.5-27b,direct,s13,W-00030,0,C,0,4,alloc
D3,qwen3.5-27b,direct,s13,W-00031,1,A,0,3,plan
D3,qwen3.5-27b,direct,s13,W-00032,0,B,0,3,capacity
D3,qwen3.5-27b,direct,s13,W-00033,0,B,0,3,capacity
D3,qwen3.5-27b,direct,s13,W-00034,0,B,0,2,temporal
D3,qwen3.5-27b,direct,s13,W-00035,0,C,1,5,alloc
D3,qwen3.5-27b,direct,s13,W-00036,0,A,0,3,purchase
D3,qwen3.5-27b,direct,s13,W-00038,0,A,0,3,diag
D3,qwen3.5-27b,direct,s13,W-00039,1,A,0,2,conflict
D3,qwen3.5-27b,direct,s13,W-00040,0,D,0,3,whatif
D3,qwen3.5-27b,direct,s13,W-00041,0,C,1,4,alloc
D3,qwen3.5-27b,direct,s13,W-00042,1,A,0,2,lookup
D3,qwen3.5-27b,direct,s13,W-00043,1,A,0,3,plan
D3,qwen3.5-27b,direct,s13,W-00044,0,A,0,3,plan
D3,qwen3.5-27b,direct,s13,W-00046,0,D,1,5,alloc
D3,qwen3.5-27b,direct,s13,W-00047,0,B,0,2,lookup
D3,qwen3.5-27b,direct,s13,W-00048,0,B,0,2,conflict
D3,qwen3.5-27b,direct,s13,W-00049,1,A,0,3,plan
D3,qwen3.5-27b,direct,s13,W-00050,0,C,1,2,temporal
D3,qwen3.5-27b,direct,s13,W-00051,0,D,0,3,purchase
D3,qwen3.5-27b,direct,s13,W-00052,0,D,0,4,whatif
D3,qwen3.5-27b,direct,s13,W-00053,0,B,0,3,lookup
D3,qwen3.5-27b,direct,s13,W-00054,0,C,1,2,capacity
D3,qwen3.5-27b,direct,s13,W-00055,1,A,0,3,plan
D3,qwen3.5-27b,direct,s13,W-00056,0,A,0,3,plan
D3,qwen3.5-27b,direct,s13,W-00057,0,C,1,2,temporal
D3,qwen3.5-27b,direct,s13,W-00058,0,B,0,3,lookup
D3,qwen3.5-27b,direct,s13,W-00059,1,A,0,2,lookup
D3,qwen3.5-27b,direct,s13,W-00060,0,C,1,2,capacity
D3,qwen3.5-27b,direct,s14,W-00001,0,C,1,5,alloc
D3,qwen3.5-27b,direct,s14,W-00002,0,C,1,2,budget
D3,qwen3.5-27b,direct,s14,W-00003,1,A,0,2,lookup
D3,qwen3.5-27b,direct,s14,W-00004,1,A,0,2,lookup
D3,qwen3.5-27b,direct,s14,W-00005,0,C,1,3,purchase
D3,qwen3.5-27b,direct,s14,W-00006,1,A,0,3,purchase
D3,qwen3.5-27b,direct,s14,W-00007,0,B,0,3,precedence
D3,qwen3.5-27b,direct,s14,W-00008,1,A,0,3,purchase
D3,qwen3.5-27b,direct,s14,W-00010,0,B,0,2,conflict
D3,qwen3.5-27b,direct,s14,W-00011,0,B,0,3,budget
D3,qwen3.5-27b,direct,s14,W-00012,0,C,0,2,capacity
D3,qwen3.5-27b,direct,s14,W-00013,0,B,0,3,plan
D3,qwen3.5-27b,direct,s14,W-00014,0,C,1,3,purchase
D3,qwen3.5-27b,direct,s14,W-00015,1,A,0,3,temporal
D3,qwen3.5-27b,direct,s14,W-00016,1,A,0,2,lookup
D3,qwen3.5-27b,direct,s14,W-00017,1,A,0,2,budget
D3,qwen3.5-27b,direct,s14,W-00018,0,C,1,2,budget
D3,qwen3.5-27b,direct,s14,W-00019,1,A,0,3,plan
D3,qwen3.5-27b,direct,s14,W-00020,0,D,0,3,capacity
D3,qwen3.5-27b,direct,s14,W-00022,1,A,0,3,precedence
D3,qwen3.5-27b,direct,s14,W-00023,0,C,1,3,purchase
D3,qwen3.5-27b,direct,s14,W-00024,0,A,0,3,diag
D3,qwen3.5-27b,direct,s14,W-00025,1,A,0,2,lookup
D3,qwen3.5-27b,direct,s14,W-00026,1,A,0,3,plan
D3,qwen3.5-27b,direct,s14,W-00027,0,C,1,2,budget
D3,qwen3.5-27b,direct,s14,W-00028,0,B,0,2,conflict
D3,qwen3.5-27b,direct,s14,W-00029,0,D,0,3,capacity
D3,qwen3.5-27b,direct,s14,W-00030,0,B,0,2,lookup
D3,qwen3.5-27b,direct,s14,W-00031,1,C,0,4,alloc
D3,qwen3.5-27b,direct,s14,W-00032,0,D,1,5,alloc
D3,qwen3.5-27b,direct,s14,W-00033,0,B,0,3,precedence
D3,qwen3.5-27b,direct,s14,W-00034,0,C,0,2,whatif
D3,qwen3.5-27b,direct,s14,W-00035,0,D,0,2,capacity
D3,qwen3.5-27b,direct,s14,W-00038,0,A,0,3,plan
D3,qwen3.5-27b,direct,s14,W-00039,1,A,0,3,diag
D3,qwen3.5-27b,direct,s14,W-00040,1,A,0,2,conflict
D3,qwen3.5-27b,direct,s14,W-00041,0,D,1,3,capacity
D3,qwen3.5-27b,direct,s14,W-00042,0,D,0,2,capacity
D3,qwen3.5-27b,direct,s14,W-00043,1,A,0,3,plan
D3,qwen3.5-27b,direct,s14,W-00044,0,A,0,2,conflict
D3,qwen3.5-27b,direct,s14,W-00045,0,C,1,4,alloc
D3,qwen3.5-27b,direct,s14,W-00046,0,B,0,3,purchase
D3,qwen3.5-27b,direct,s14,W-00047,1,A,0,3,plan
D3,qwen3.5-27b,direct,s14,W-00048,0,C,1,3,capacity
D3,qwen3.5-27b,direct,s14,W-00049,0,D,0,2,capacity
D3,qwen3.5-27b,direct,s14,W-00050,1,A,0,2,temporal
D3,qwen3.5-27b,direct,s14,W-00051,1,B,0,4,purchase
D3,qwen3.5-27b,direct,s14,W-00052,1,A,0,3,diag
D3,qwen3.5-27b,direct,s14,W-00054,0,C,1,2,budget
D3,qwen3.5-27b,direct,s14,W-00055,1,A,0,3,plan
D3,qwen3.5-27b,direct,s14,W-00056,1,B,0,3,precedence
D3,qwen3.5-27b,direct,s14,W-00057,0,B,0,2,lookup
D3,qwen3.5-27b,direct,s14,W-00058,0,C,1,3,purchase
D3,qwen3.5-27b,direct,s14,W-00059,0,A,0,2,conflict
D3,qwen3.5-27b,direct,s14,W-00060,0,B,0,3,precedence
D3,qwen3.5-27b,routing,s12,W-00001,0,C,1,5,alloc
D3,qwen3.5-27b,routing,s12,W-00002,0,D,1,3,capacity
D3,qwen3.5-27b,routing,s12,W-00003,1,B,0,3,budget
D3,qwen3.5-27b,routing,s12,W-00004,1,A,0,2,temporal
D3,qwen3.5-27b,routing,s12,W-00005,1,C,1,2,budget
D3,qwen3.5-27b,routing,s12,W-00006,0,C,1,3,alloc
D3,qwen3.5-27b,routing,s12,W-00007,0,A,0,3,plan
D3,qwen3.5-27b,routing,s12,W-00008,1,A,0,3,diag
D3,qwen3.5-27b,routing,s12,W-00009,1,A,0,2,lookup
D3,qwen3.5-27b,routing,s12,W-00010,1,A,0,3,precedence
D3,qwen3.5-27b,routing,s12,W-00011,0,C,1,3,whatif
D3,qwen3.5-27b,routing,s12,W-00012,1,A,0,2,conflict
D3,qwen3.5-27b,routing,s12,W-00013,1,A,0,3,plan
D3,qwen3.5-27b,routing,s12,W-00014,0,A,0,3,plan
D3,qwen3.5-27b,routing,s12,W-00015,0,D,0,2,budget
D3,qwen3.5-27b,routing,s12,W-00016,0,C,1,3,purchase
D3,qwen3.5-27b,routing,s12,W-00017,1,B,0,2,conflict
D3,qwen3.5-27b,routing,s12,W-00018,0,B,0,3,budget
D3,qwen3.5-27b,routing,s12,W-00019,1,A,0,3,plan
D3,qwen3.5-27b,routing,s12,W-00020,0,D,0,2,capacity
D3,qwen3.5-27b,routing,s12,W-00021,0,C,1,4,alloc
D3,qwen3.5-27b,routing,s12,W-00022,0,C,1,2,budget
D3,qwen3.5-27b,routing,s12,W-00023,1,A,0,3,purchase
D3,qwen3.5-27b,routing,s12,W-00024,1,A,0,2,conflict
D3,qwen3.5-27b,routing,s12,W-00025,0,B,0,4,purchase
D3,qwen3.5-27b,routing,s12,W-00026,0,B,0,3,whatif
D3,qwen3.5-27b,routing,s12,W-00027,1,A,0,2,conflict
D3,qwen3.5-27b,routing,s12,W-00029,1,A,0,2,conflict
D3,qwen3.5-27b,routing,s12,W-00030,0,C,1,2,whatif
D3,qwen3.5-27b,routing,s12,W-00031,1,A,0,3,plan
D3,qwen3.5-27b,routing,s12,W-00032,1,A,0,3,plan
D3,qwen3.5-27b,routing,s12,W-00033,0,D,0,3,alloc
D3,qwen3.5-27b,routing,s12,W-00034,1,B,0,2,conflict
D3,qwen3.5-27b,routing,s12,W-00035,1,B,0,2,lookup
D3,qwen3.5-27b,routing,s12,W-00036,0,C,1,3,capacity
D3,qwen3.5-27b,routing,s12,W-00037,1,A,0,3,lookup
D3,qwen3.5-27b,routing,s12,W-00038,1,B,0,3,temporal
D3,qwen3.5-27b,routing,s12,W-00039,1,A,0,2,budget
D3,qwen3.5-27b,routing,s12,W-00040,0,C,1,3,purchase
D3,qwen3.5-27b,routing,s12,W-00041,1,B,0,3,lookup
D3,qwen3.5-27b,routing,s12,W-00042,0,C,1,2,budget
D3,qwen3.5-27b,routing,s12,W-00043,0,A,0,4,purchase
D3,qwen3.5-27b,routing,s12,W-00044,0,A,0,2,budget
D3,qwen3.5-27b,routing,s12,W-00045,0,B,0,3,whatif
D3,qwen3.5-27b,routing,s12,W-00046,0,C,1,4,purchase
D3,qwen3.5-27b,routing,s12,W-00047,1,A,0,2,conflict
D3,qwen3.5-27b,routing,s12,W-00049,1,A,0,3,plan
D3,qwen3.5-27b,routing,s12,W-00050,0,B,0,2,whatif
D3,qwen3.5-27b,routing,s12,W-00051,0,C,0,2,budget
D3,qwen3.5-27b,routing,s12,W-00052,1,A,0,3,lookup
D3,qwen3.5-27b,routing,s12,W-00053,0,B,0,4,purchase
D3,qwen3.5-27b,routing,s12,W-00054,0,C,1,2,capacity
D3,qwen3.5-27b,routing,s12,W-00055,1,A,0,2,temporal
D3,qwen3.5-27b,routing,s12,W-00056,0,D,0,2,capacity
D3,qwen3.5-27b,routing,s12,W-00057,1,A,0,3,lookup
D3,qwen3.5-27b,routing,s12,W-00059,1,A,0,3,plan
D3,qwen3.5-27b,routing,s12,W-00060,1,B,0,2,conflict
D3,qwen3.5-27b,routing,s13,W-00001,0,C,1,2,budget
D3,qwen3.5-27b,routing,s13,W-00002,0,C,1,2,budget
D3,qwen3.5-27b,routing,s13,W-00003,0,B,0,3,budget
D3,qwen3.5-27b,routing,s13,W-00004,1,B,0,3,lookup
D3,qwen3.5-27b,routing,s13,W-00006,1,A,0,4,whatif
D3,qwen3.5-27b,routing,s13,W-00007,1,A,0,2,conflict
D3,qwen3.5-27b,routing,s13,W-00008,0,D,0,3,budget
D3,qwen3.5-27b,routing,s13,W-00009,0,C,1,2,capacity
D3,qwen3.5-27b,routing,s13,W-00010,0,A,0,3,purchase
D3,qwen3.5-27b,routing,s13,W-00011,0,A,0,3,diag
D3,qwen3.5-27b,routing,s13,W-00012,1,A,0,3,plan
D3,qwen3.5-27b,routing,s13,W-00013,0,A,0,3,plan
D3,qwen3.5-27b,routing,s13,W-00014,0,C,1,2,temporal
D3,qwen3.5-27b,routing,s13,W-00015,0,C,1,2,budget
D3,qwen3.5-27b,routing,s13,W-00017,1,B,0,2,conflict
D3,qwen3.5-27b,routing,s13,W-00018,1,A,0,3,whatif
D3,qwen3.5-27b,routing,s13,W-00019,0,C,1,4,alloc
D3,qwen3.5-27b,routing,s13,W-00020,1,A,0,3,plan
D3,qwen3.5-27b,routing,s13,W-00022,1,A,0,2,conflict
D3,qwen3.5-27b,routing,s13,W-00023,1,A,0,4,purchase
D3,qwen3.5-27b,routing,s13,W-00024,0,C,0,2,budget
D3,qwen3.5-27b,routing,s13,W-00025,1,A,0,3,lookup
D3,qwen3.5-27b,routing,s13,W-00026,0,C,1,3,purchase
D3,qwen3.5-27b,routing,s13,W-00027,0,A,0,2,capacity
D3,qwen3.5-27b,routing,s13,W-00028,1,B,0,2,lookup
D3,qwen3.5-27b,routing,s13,W-00029,0,A,0,2,whatif
D3,qwen3.5-27b,routing,s13,W-00030,0,C,0,4,alloc
D3,qwen3.5-27b,routing,s13,W-00031,0,A,0,3,plan
D3,qwen3.5-27b,routing,s13,W-00032,0,B,0,3,capacity
D3,qwen3.5-27b,routing,s13,W-00033,0,B,0,3,capacity
D3,qwen3.5-27b,routing,s13,W-00034,0,B,0,2,temporal
D3,qwen3.5-27b,routing,s13,W-00035,0,C,1,5,alloc
D3,qwen3.5-27b,routing,s13,W-00036,0,A,0,3,purchase
D3,qwen3.5-27b,routing,s13,W-00038,0,A,0,3,diag
D3,qwen3.5-27b,routing,s13,W-00039,1,A,0,2,conflict
D3,qwen3.5-27b,routing,s13,W-00040,1,D,0,3,whatif
D3,qwen3.5-27b,routing,s13,W-00041,0,C,1,4,alloc
D3,qwen3.5-27b,routing,s13,W-00042,1,A,0,2,lookup
D3,qwen3.5-27b,routing,s13,W-00043,1,A,0,3,plan
D3,qwen3.5-27b,routing,s13,W-00044,0,A,0,3,plan
D3,qwen3.5-27b,routing,s13,W-00046,0,D,1,5,alloc
D3,qwen3.5-27b,routing,s13,W-00047,1,B,0,2,lookup
D3,qwen3.5-27b,routing,s13,W-00048,1,B,0,2,conflict
D3,qwen3.5-27b,routing,s13,W-00049,0,A,0,3,plan
D3,qwen3.5-27b,routing,s13,W-00050,0,C,1,2,temporal
D3,qwen3.5-27b,routing,s13,W-00051,0,D,0,3,purchase
D3,qwen3.5-27b,routing,s13,W-00052,1,D,0,4,whatif
D3,qwen3.5-27b,routing,s13,W-00053,1,B,0,3,lookup
D3,qwen3.5-27b,routing,s13,W-00054,0,C,1,2,capacity
D3,qwen3.5-27b,routing,s13,W-00055,1,A,0,3,plan
D3,qwen3.5-27b,routing,s13,W-00056,0,A,0,3,plan
D3,qwen3.5-27b,routing,s13,W-00057,0,C,1,2,temporal
D3,qwen3.5-27b,routing,s13,W-00058,0,B,0,3,lookup
D3,qwen3.5-27b,routing,s13,W-00059,1,A,0,2,lookup
D3,qwen3.5-27b,routing,s13,W-00060,0,C,1,2,capacity
D3,qwen3.5-27b,routing,s14,W-00001,0,C,1,5,alloc
D3,qwen3.5-27b,routing,s14,W-00002,0,C,1,2,budget
D3,qwen3.5-27b,routing,s14,W-00003,1,A,0,2,lookup
D3,qwen3.5-27b,routing,s14,W-00004,1,A,0,2,lookup
D3,qwen3.5-27b,routing,s14,W-00005,0,C,1,3,purchase
D3,qwen3.5-27b,routing,s14,W-00006,1,A,0,3,purchase
D3,qwen3.5-27b,routing,s14,W-00007,0,B,0,3,precedence
D3,qwen3.5-27b,routing,s14,W-00008,1,A,0,3,purchase
D3,qwen3.5-27b,routing,s14,W-00010,1,B,0,2,conflict
D3,qwen3.5-27b,routing,s14,W-00011,0,B,0,3,budget
D3,qwen3.5-27b,routing,s14,W-00012,1,C,0,2,capacity
D3,qwen3.5-27b,routing,s14,W-00013,0,B,0,3,plan
D3,qwen3.5-27b,routing,s14,W-00014,0,C,1,3,purchase
D3,qwen3.5-27b,routing,s14,W-00015,1,A,0,3,temporal
D3,qwen3.5-27b,routing,s14,W-00016,1,A,0,2,lookup
D3,qwen3.5-27b,routing,s14,W-00017,1,A,0,2,budget
D3,qwen3.5-27b,routing,s14,W-00018,0,C,1,2,budget
D3,qwen3.5-27b,routing,s14,W-00019,1,A,0,3,plan
D3,qwen3.5-27b,routing,s14,W-00020,0,D,0,3,capacity
D3,qwen3.5-27b,routing,s14,W-00022,1,A,0,3,precedence
D3,qwen3.5-27b,routing,s14,W-00023,0,C,1,3,purchase
D3,qwen3.5-27b,routing,s14,W-00024,0,A,0,3,diag
D3,qwen3.5-27b,routing,s14,W-00025,1,A,0,2,lookup
D3,qwen3.5-27b,routing,s14,W-00026,1,A,0,3,plan
D3,qwen3.5-27b,routing,s14,W-00027,0,C,1,2,budget
D3,qwen3.5-27b,routing,s14,W-00028,1,B,0,2,conflict
D3,qwen3.5-27b,routing,s14,W-00029,0,D,0,3,capacity
D3,qwen3.5-27b,routing,s14,W-00030,1,B,0,2,lookup
D3,qwen3.5-27b,routing,s14,W-00031,1,C,0,4,alloc
D3,qwen3.5-27b,routing,s14,W-00032,0,D,1,5,alloc
D3,qwen3.5-27b,routing,s14,W-00033,0,B,0,3,precedence
D3,qwen3.5-27b,routing,s14,W-00034,0,C,0,2,whatif
D3,qwen3.5-27b,routing,s14,W-00035,0,D,0,2,capacity
D3,qwen3.5-27b,routing,s14,W-00038,0,A,0,3,plan
D3,qwen3.5-27b,routing,s14,W-00039,1,A,0,3,diag
D3,qwen3.5-27b,routing,s14,W-00040,1,A,0,2,conflict
D3,qwen3.5-27b,routing,s14,W-00041,0,D,1,3,capacity
D3,qwen3.5-27b,routing,s14,W-00042,0,D,0,2,capacity
D3,qwen3.5-27b,routing,s14,W-00043,1,A,0,3,plan
D3,qwen3.5-27b,routing,s14,W-00044,0,A,0,2,conflict
D3,qwen3.5-27b,routing,s14,W-00045,0,C,1,4,alloc
D3,qwen3.5-27b,routing,s14,W-00046,0,B,0,3,purchase
D3,qwen3.5-27b,routing,s14,W-00047,1,A,0,3,plan
D3,qwen3.5-27b,routing,s14,W-00048,0,C,1,3,capacity
D3,qwen3.5-27b,routing,s14,W-00049,0,D,0,2,capacity
D3,qwen3.5-27b,routing,s14,W-00050,1,A,0,2,temporal
D3,qwen3.5-27b,routing,s14,W-00051,1,B,0,4,purchase
D3,qwen3.5-27b,routing,s14,W-00052,0,A,0,3,diag
D3,qwen3.5-27b,routing,s14,W-00054,0,C,1,2,budget
D3,qwen3.5-27b,routing,s14,W-00055,1,A,0,3,plan
D3,qwen3.5-27b,routing,s14,W-00056,0,B,0,3,precedence
D3,qwen3.5-27b,routing,s14,W-00057,1,B,0,2,lookup
D3,qwen3.5-27b,routing,s14,W-00058,0,C,1,3,purchase
D3,qwen3.5-27b,routing,s14,W-00059,0,A,0,2,conflict
D3,qwen3.5-27b,routing,s14,W-00060,0,B,0,3,precedence
D3,qwen3.5-27b,ingress,s12,W-00001,1,C,1,5,alloc
D3,qwen3.5-27b,ingress,s12,W-00002,0,D,1,3,capacity
D3,qwen3.5-27b,ingress,s12,W-00003,1,B,0,3,budget
D3,qwen3.5-27b,ingress,s12,W-00004,1,A,0,2,temporal
D3,qwen3.5-27b,ingress,s12,W-00005,1,C,1,2,budget
D3,qwen3.5-27b,ingress,s12,W-00006,0,C,1,3,alloc
D3,qwen3.5-27b,ingress,s12,W-00007,0,A,0,3,plan
D3,qwen3.5-27b,ingress,s12,W-00008,0,A,0,3,diag
D3,qwen3.5-27b,ingress,s12,W-00009,1,A,0,2,lookup
D3,qwen3.5-27b,ingress,s12,W-00010,0,A,0,3,precedence
D3,qwen3.5-27b,ingress,s12,W-00011,0,C,1,3,whatif
D3,qwen3.5-27b,ingress,s12,W-00012,1,A,0,2,conflict
D3,qwen3.5-27b,ingress,s12,W-00013,1,A,0,3,plan
D3,qwen3.5-27b,ingress,s12,W-00014,1,A,0,3,plan
D3,qwen3.5-27b,ingress,s12,W-00015,0,D,0,2,budget
D3,qwen3.5-27b,ingress,s12,W-00016,1,C,1,3,purchase
D3,qwen3.5-27b,ingress,s12,W-00017,1,B,0,2,conflict
D3,qwen3.5-27b,ingress,s12,W-00018,0,B,0,3,budget
D3,qwen3.5-27b,ingress,s12,W-00019,0,A,0,3,plan
D3,qwen3.5-27b,ingress,s12,W-00020,0,D,0,2,capacity
D3,qwen3.5-27b,ingress,s12,W-00021,0,C,1,4,alloc
D3,qwen3.5-27b,ingress,s12,W-00022,0,C,1,2,budget
D3,qwen3.5-27b,ingress,s12,W-00023,1,A,0,3,purchase
D3,qwen3.5-27b,ingress,s12,W-00024,1,A,0,2,conflict
D3,qwen3.5-27b,ingress,s12,W-00025,1,B,0,4,purchase
D3,qwen3.5-27b,ingress,s12,W-00026,0,B,0,3,whatif
D3,qwen3.5-27b,ingress,s12,W-00027,1,A,0,2,conflict
D3,qwen3.5-27b,ingress,s12,W-00029,1,A,0,2,conflict
D3,qwen3.5-27b,ingress,s12,W-00030,0,C,1,2,whatif
D3,qwen3.5-27b,ingress,s12,W-00031,1,A,0,3,plan
D3,qwen3.5-27b,ingress,s12,W-00032,0,A,0,3,plan
D3,qwen3.5-27b,ingress,s12,W-00033,0,D,0,3,alloc
D3,qwen3.5-27b,ingress,s12,W-00034,1,B,0,2,conflict
D3,qwen3.5-27b,ingress,s12,W-00035,1,B,0,2,lookup
D3,qwen3.5-27b,ingress,s12,W-00036,0,C,1,3,capacity
D3,qwen3.5-27b,ingress,s12,W-00037,1,A,0,3,lookup
D3,qwen3.5-27b,ingress,s12,W-00038,1,B,0,3,temporal
D3,qwen3.5-27b,ingress,s12,W-00039,1,A,0,2,budget
D3,qwen3.5-27b,ingress,s12,W-00040,1,C,1,3,purchase
D3,qwen3.5-27b,ingress,s12,W-00041,1,B,0,3,lookup
D3,qwen3.5-27b,ingress,s12,W-00042,1,C,1,2,budget
D3,qwen3.5-27b,ingress,s12,W-00043,0,A,0,4,purchase
D3,qwen3.5-27b,ingress,s12,W-00044,1,A,0,2,budget
D3,qwen3.5-27b,ingress,s12,W-00045,0,B,0,3,whatif
D3,qwen3.5-27b,ingress,s12,W-00046,0,C,1,4,purchase
D3,qwen3.5-27b,ingress,s12,W-00047,1,A,0,2,conflict
D3,qwen3.5-27b,ingress,s12,W-00049,1,A,0,3,plan
D3,qwen3.5-27b,ingress,s12,W-00050,0,B,0,2,whatif
D3,qwen3.5-27b,ingress,s12,W-00051,1,C,0,2,budget
D3,qwen3.5-27b,ingress,s12,W-00052,1,A,0,3,lookup
D3,qwen3.5-27b,ingress,s12,W-00053,0,B,0,4,purchase
D3,qwen3.5-27b,ingress,s12,W-00054,1,C,1,2,capacity
D3,qwen3.5-27b,ingress,s12,W-00055,1,A,0,2,temporal
D3,qwen3.5-27b,ingress,s12,W-00056,0,D,0,2,capacity
D3,qwen3.5-27b,ingress,s12,W-00057,1,A,0,3,lookup
D3,qwen3.5-27b,ingress,s12,W-00059,1,A,0,3,plan
D3,qwen3.5-27b,ingress,s12,W-00060,1,B,0,2,conflict
D3,qwen3.5-27b,ingress,s13,W-00001,0,C,1,2,budget
D3,qwen3.5-27b,ingress,s13,W-00002,1,C,1,2,budget
D3,qwen3.5-27b,ingress,s13,W-00003,0,B,0,3,budget
D3,qwen3.5-27b,ingress,s13,W-00004,1,B,0,3,lookup
D3,qwen3.5-27b,ingress,s13,W-00006,1,A,0,4,whatif
D3,qwen3.5-27b,ingress,s13,W-00007,1,A,0,2,conflict
D3,qwen3.5-27b,ingress,s13,W-00008,1,D,0,3,budget
D3,qwen3.5-27b,ingress,s13,W-00009,1,C,1,2,capacity
D3,qwen3.5-27b,ingress,s13,W-00010,0,A,0,3,purchase
D3,qwen3.5-27b,ingress,s13,W-00011,0,A,0,3,diag
D3,qwen3.5-27b,ingress,s13,W-00012,1,A,0,3,plan
D3,qwen3.5-27b,ingress,s13,W-00013,1,A,0,3,plan
D3,qwen3.5-27b,ingress,s13,W-00014,1,C,1,2,temporal
D3,qwen3.5-27b,ingress,s13,W-00015,0,C,1,2,budget
D3,qwen3.5-27b,ingress,s13,W-00017,1,B,0,2,conflict
D3,qwen3.5-27b,ingress,s13,W-00018,1,A,0,3,whatif
D3,qwen3.5-27b,ingress,s13,W-00019,0,C,1,4,alloc
D3,qwen3.5-27b,ingress,s13,W-00020,1,A,0,3,plan
D3,qwen3.5-27b,ingress,s13,W-00022,1,A,0,2,conflict
D3,qwen3.5-27b,ingress,s13,W-00023,1,A,0,4,purchase
D3,qwen3.5-27b,ingress,s13,W-00024,0,C,0,2,budget
D3,qwen3.5-27b,ingress,s13,W-00025,1,A,0,3,lookup
D3,qwen3.5-27b,ingress,s13,W-00026,1,C,1,3,purchase
D3,qwen3.5-27b,ingress,s13,W-00027,0,A,0,2,capacity
D3,qwen3.5-27b,ingress,s13,W-00028,1,B,0,2,lookup
D3,qwen3.5-27b,ingress,s13,W-00029,0,A,0,2,whatif
D3,qwen3.5-27b,ingress,s13,W-00030,0,C,0,4,alloc
D3,qwen3.5-27b,ingress,s13,W-00031,1,A,0,3,plan
D3,qwen3.5-27b,ingress,s13,W-00032,1,B,0,3,capacity
D3,qwen3.5-27b,ingress,s13,W-00033,1,B,0,3,capacity
D3,qwen3.5-27b,ingress,s13,W-00034,0,B,0,2,temporal
D3,qwen3.5-27b,ingress,s13,W-00035,0,C,1,5,alloc
D3,qwen3.5-27b,ingress,s13,W-00036,1,A,0,3,purchase
D3,qwen3.5-27b,ingress,s13,W-00038,0,A,0,3,diag
D3,qwen3.5-27b,ingress,s13,W-00039,1,A,0,2,conflict
D3,qwen3.5-27b,ingress,s13,W-00040,0,D,0,3,whatif
D3,qwen3.5-27b,ingress,s13,W-00041,0,C,1,4,alloc
D3,qwen3.5-27b,ingress,s13,W-00042,1,A,0,2,lookup
D3,qwen3.5-27b,ingress,s13,W-00043,1,A,0,3,plan
D3,qwen3.5-27b,ingress,s13,W-00044,0,A,0,3,plan
D3,qwen3.5-27b,ingress,s13,W-00046,0,D,1,5,alloc
D3,qwen3.5-27b,ingress,s13,W-00047,1,B,0,2,lookup
D3,qwen3.5-27b,ingress,s13,W-00048,1,B,0,2,conflict
D3,qwen3.5-27b,ingress,s13,W-00049,0,A,0,3,plan
D3,qwen3.5-27b,ingress,s13,W-00050,0,C,1,2,temporal
D3,qwen3.5-27b,ingress,s13,W-00051,0,D,0,3,purchase
D3,qwen3.5-27b,ingress,s13,W-00052,1,D,0,4,whatif
D3,qwen3.5-27b,ingress,s13,W-00053,1,B,0,3,lookup
D3,qwen3.5-27b,ingress,s13,W-00054,0,C,1,2,capacity
D3,qwen3.5-27b,ingress,s13,W-00055,1,A,0,3,plan
D3,qwen3.5-27b,ingress,s13,W-00056,0,A,0,3,plan
D3,qwen3.5-27b,ingress,s13,W-00057,0,C,1,2,temporal
D3,qwen3.5-27b,ingress,s13,W-00058,1,B,0,3,lookup
D3,qwen3.5-27b,ingress,s13,W-00059,1,A,0,2,lookup
D3,qwen3.5-27b,ingress,s13,W-00060,0,C,1,2,capacity
D3,qwen3.5-27b,ingress,s14,W-00001,1,C,1,5,alloc
D3,qwen3.5-27b,ingress,s14,W-00002,0,C,1,2,budget
D3,qwen3.5-27b,ingress,s14,W-00003,1,A,0,2,lookup
D3,qwen3.5-27b,ingress,s14,W-00004,1,A,0,2,lookup
D3,qwen3.5-27b,ingress,s14,W-00005,1,C,1,3,purchase
D3,qwen3.5-27b,ingress,s14,W-00006,1,A,0,3,purchase
D3,qwen3.5-27b,ingress,s14,W-00007,1,B,0,3,precedence
D3,qwen3.5-27b,ingress,s14,W-00008,1,A,0,3,purchase
D3,qwen3.5-27b,ingress,s14,W-00010,1,B,0,2,conflict
D3,qwen3.5-27b,ingress,s14,W-00011,1,B,0,3,budget
D3,qwen3.5-27b,ingress,s14,W-00012,1,C,0,2,capacity
D3,qwen3.5-27b,ingress,s14,W-00013,1,B,0,3,plan
D3,qwen3.5-27b,ingress,s14,W-00014,1,C,1,3,purchase
D3,qwen3.5-27b,ingress,s14,W-00015,1,A,0,3,temporal
D3,qwen3.5-27b,ingress,s14,W-00016,1,A,0,2,lookup
D3,qwen3.5-27b,ingress,s14,W-00017,1,A,0,2,budget
D3,qwen3.5-27b,ingress,s14,W-00018,1,C,1,2,budget
D3,qwen3.5-27b,ingress,s14,W-00019,1,A,0,3,plan
D3,qwen3.5-27b,ingress,s14,W-00020,1,D,0,3,capacity
D3,qwen3.5-27b,ingress,s14,W-00022,1,A,0,3,precedence
D3,qwen3.5-27b,ingress,s14,W-00023,0,C,1,3,purchase
D3,qwen3.5-27b,ingress,s14,W-00024,0,A,0,3,diag
D3,qwen3.5-27b,ingress,s14,W-00025,1,A,0,2,lookup
D3,qwen3.5-27b,ingress,s14,W-00026,1,A,0,3,plan
D3,qwen3.5-27b,ingress,s14,W-00027,0,C,1,2,budget
D3,qwen3.5-27b,ingress,s14,W-00028,1,B,0,2,conflict
D3,qwen3.5-27b,ingress,s14,W-00029,1,D,0,3,capacity
D3,qwen3.5-27b,ingress,s14,W-00030,1,B,0,2,lookup
D3,qwen3.5-27b,ingress,s14,W-00031,1,C,0,4,alloc
D3,qwen3.5-27b,ingress,s14,W-00032,0,D,1,5,alloc
D3,qwen3.5-27b,ingress,s14,W-00033,0,B,0,3,precedence
D3,qwen3.5-27b,ingress,s14,W-00034,0,C,0,2,whatif
D3,qwen3.5-27b,ingress,s14,W-00035,1,D,0,2,capacity
D3,qwen3.5-27b,ingress,s14,W-00038,0,A,0,3,plan
D3,qwen3.5-27b,ingress,s14,W-00039,1,A,0,3,diag
D3,qwen3.5-27b,ingress,s14,W-00040,1,A,0,2,conflict
D3,qwen3.5-27b,ingress,s14,W-00041,0,D,1,3,capacity
D3,qwen3.5-27b,ingress,s14,W-00042,1,D,0,2,capacity
D3,qwen3.5-27b,ingress,s14,W-00043,1,A,0,3,plan
D3,qwen3.5-27b,ingress,s14,W-00044,1,A,0,2,conflict
D3,qwen3.5-27b,ingress,s14,W-00045,0,C,1,4,alloc
D3,qwen3.5-27b,ingress,s14,W-00046,1,B,0,3,purchase
D3,qwen3.5-27b,ingress,s14,W-00047,1,A,0,3,plan
D3,qwen3.5-27b,ingress,s14,W-00048,0,C,1,3,capacity
D3,qwen3.5-27b,ingress,s14,W-00049,0,D,0,2,capacity
D3,qwen3.5-27b,ingress,s14,W-00050,1,A,0,2,temporal
D3,qwen3.5-27b,ingress,s14,W-00051,1,B,0,4,purchase
D3,qwen3.5-27b,ingress,s14,W-00052,0,A,0,3,diag
D3,qwen3.5-27b,ingress,s14,W-00054,0,C,1,2,budget
D3,qwen3.5-27b,ingress,s14,W-00055,1,A,0,3,plan
D3,qwen3.5-27b,ingress,s14,W-00056,0,B,0,3,precedence
D3,qwen3.5-27b,ingress,s14,W-00057,1,B,0,2,lookup
D3,qwen3.5-27b,ingress,s14,W-00058,0,C,1,3,purchase
D3,qwen3.5-27b,ingress,s14,W-00059,1,A,0,2,conflict
D3,qwen3.5-27b,ingress,s14,W-00060,0,B,0,3,precedence
D3,qwen3.5-27b,full_load,s12,W-00001,0,C,1,5,alloc
D3,qwen3.5-27b,full_load,s12,W-00002,0,D,1,3,capacity
D3,qwen3.5-27b,full_load,s12,W-00003,0,B,0,3,budget
D3,qwen3.5-27b,full_load,s12,W-00004,1,A,0,2,temporal
D3,qwen3.5-27b,full_load,s12,W-00005,1,C,1,2,budget
D3,qwen3.5-27b,full_load,s12,W-00006,0,C,1,3,alloc
D3,qwen3.5-27b,full_load,s12,W-00007,0,A,0,3,plan
D3,qwen3.5-27b,full_load,s12,W-00008,1,A,0,3,diag
D3,qwen3.5-27b,full_load,s12,W-00009,1,A,0,2,lookup
D3,qwen3.5-27b,full_load,s12,W-00010,1,A,0,3,precedence
D3,qwen3.5-27b,full_load,s12,W-00011,0,C,1,3,whatif
D3,qwen3.5-27b,full_load,s12,W-00012,1,A,0,2,conflict
D3,qwen3.5-27b,full_load,s12,W-00013,0,A,0,3,plan
D3,qwen3.5-27b,full_load,s12,W-00014,1,A,0,3,plan
D3,qwen3.5-27b,full_load,s12,W-00015,0,D,0,2,budget
D3,qwen3.5-27b,full_load,s12,W-00016,0,C,1,3,purchase
D3,qwen3.5-27b,full_load,s12,W-00017,1,B,0,2,conflict
D3,qwen3.5-27b,full_load,s12,W-00018,0,B,0,3,budget
D3,qwen3.5-27b,full_load,s12,W-00019,1,A,0,3,plan
D3,qwen3.5-27b,full_load,s12,W-00020,0,D,0,2,capacity
D3,qwen3.5-27b,full_load,s12,W-00021,0,C,1,4,alloc
D3,qwen3.5-27b,full_load,s12,W-00022,0,C,1,2,budget
D3,qwen3.5-27b,full_load,s12,W-00023,0,A,0,3,purchase
D3,qwen3.5-27b,full_load,s12,W-00024,1,A,0,2,conflict
D3,qwen3.5-27b,full_load,s12,W-00025,0,B,0,4,purchase
D3,qwen3.5-27b,full_load,s12,W-00026,0,B,0,3,whatif
D3,qwen3.5-27b,full_load,s12,W-00027,1,A,0,2,conflict
D3,qwen3.5-27b,full_load,s12,W-00029,1,A,0,2,conflict
D3,qwen3.5-27b,full_load,s12,W-00030,0,C,1,2,whatif
D3,qwen3.5-27b,full_load,s12,W-00031,1,A,0,3,plan
D3,qwen3.5-27b,full_load,s12,W-00032,1,A,0,3,plan
D3,qwen3.5-27b,full_load,s12,W-00033,0,D,0,3,alloc
D3,qwen3.5-27b,full_load,s12,W-00034,1,B,0,2,conflict
D3,qwen3.5-27b,full_load,s12,W-00035,0,B,0,2,lookup
D3,qwen3.5-27b,full_load,s12,W-00036,1,C,1,3,capacity
D3,qwen3.5-27b,full_load,s12,W-00037,1,A,0,3,lookup
D3,qwen3.5-27b,full_load,s12,W-00038,1,B,0,3,temporal
D3,qwen3.5-27b,full_load,s12,W-00039,1,A,0,2,budget
D3,qwen3.5-27b,full_load,s12,W-00040,0,C,1,3,purchase
D3,qwen3.5-27b,full_load,s12,W-00041,0,B,0,3,lookup
D3,qwen3.5-27b,full_load,s12,W-00042,1,C,1,2,budget
D3,qwen3.5-27b,full_load,s12,W-00043,1,A,0,4,purchase
D3,qwen3.5-27b,full_load,s12,W-00044,1,A,0,2,budget
D3,qwen3.5-27b,full_load,s12,W-00045,0,B,0,3,whatif
D3,qwen3.5-27b,full_load,s12,W-00046,0,C,1,4,purchase
D3,qwen3.5-27b,full_load,s12,W-00047,1,A,0,2,conflict
D3,qwen3.5-27b,full_load,s12,W-00049,1,A,0,3,plan
D3,qwen3.5-27b,full_load,s12,W-00050,0,B,0,2,whatif
D3,qwen3.5-27b,full_load,s12,W-00051,1,C,0,2,budget
D3,qwen3.5-27b,full_load,s12,W-00052,1,A,0,3,lookup
D3,qwen3.5-27b,full_load,s12,W-00053,0,B,0,4,purchase
D3,qwen3.5-27b,full_load,s12,W-00054,0,C,1,2,capacity
D3,qwen3.5-27b,full_load,s12,W-00055,1,A,0,2,temporal
D3,qwen3.5-27b,full_load,s12,W-00056,1,D,0,2,capacity
D3,qwen3.5-27b,full_load,s12,W-00057,1,A,0,3,lookup
D3,qwen3.5-27b,full_load,s12,W-00059,1,A,0,3,plan
D3,qwen3.5-27b,full_load,s12,W-00060,1,B,0,2,conflict
D3,qwen3.5-27b,full_load,s13,W-00001,0,C,1,2,budget
D3,qwen3.5-27b,full_load,s13,W-00002,0,C,1,2,budget
D3,qwen3.5-27b,full_load,s13,W-00003,0,B,0,3,budget
D3,qwen3.5-27b,full_load,s13,W-00004,0,B,0,3,lookup
D3,qwen3.5-27b,full_load,s13,W-00006,1,A,0,4,whatif
D3,qwen3.5-27b,full_load,s13,W-00007,1,A,0,2,conflict
D3,qwen3.5-27b,full_load,s13,W-00008,0,D,0,3,budget
D3,qwen3.5-27b,full_load,s13,W-00009,1,C,1,2,capacity
D3,qwen3.5-27b,full_load,s13,W-00010,1,A,0,3,purchase
D3,qwen3.5-27b,full_load,s13,W-00011,0,A,0,3,diag
D3,qwen3.5-27b,full_load,s13,W-00012,1,A,0,3,plan
D3,qwen3.5-27b,full_load,s13,W-00013,1,A,0,3,plan
D3,qwen3.5-27b,full_load,s13,W-00014,0,C,1,2,temporal
D3,qwen3.5-27b,full_load,s13,W-00015,0,C,1,2,budget
D3,qwen3.5-27b,full_load,s13,W-00017,1,B,0,2,conflict
D3,qwen3.5-27b,full_load,s13,W-00018,1,A,0,3,whatif
D3,qwen3.5-27b,full_load,s13,W-00019,0,C,1,4,alloc
D3,qwen3.5-27b,full_load,s13,W-00020,1,A,0,3,plan
D3,qwen3.5-27b,full_load,s13,W-00022,1,A,0,2,conflict
D3,qwen3.5-27b,full_load,s13,W-00023,0,A,0,4,purchase
D3,qwen3.5-27b,full_load,s13,W-00024,0,C,0,2,budget
D3,qwen3.5-27b,full_load,s13,W-00025,1,A,0,3,lookup
D3,qwen3.5-27b,full_load,s13,W-00026,0,C,1,3,purchase
D3,qwen3.5-27b,full_load,s13,W-00027,0,A,0,2,capacity
D3,qwen3.5-27b,full_load,s13,W-00028,0,B,0,2,lookup
D3,qwen3.5-27b,full_load,s13,W-00029,0,A,0,2,whatif
D3,qwen3.5-27b,full_load,s13,W-00030,1,C,0,4,alloc
D3,qwen3.5-27b,full_load,s13,W-00031,1,A,0,3,plan
D3,qwen3.5-27b,full_load,s13,W-00032,0,B,0,3,capacity
D3,qwen3.5-27b,full_load,s13,W-00033,0,B,0,3,capacity
D3,qwen3.5-27b,full_load,s13,W-00034,0,B,0,2,temporal
D3,qwen3.5-27b,full_load,s13,W-00035,0,C,1,5,alloc
D3,qwen3.5-27b,full_load,s13,W-00036,0,A,0,3,purchase
D3,qwen3.5-27b,full_load,s13,W-00038,0,A,0,3,diag
D3,qwen3.5-27b,full_load,s13,W-00039,1,A,0,2,conflict
D3,qwen3.5-27b,full_load,s13,W-00040,0,D,0,3,whatif
D3,qwen3.5-27b,full_load,s13,W-00041,0,C,1,4,alloc
D3,qwen3.5-27b,full_load,s13,W-00042,1,A,0,2,lookup
D3,qwen3.5-27b,full_load,s13,W-00043,0,A,0,3,plan
D3,qwen3.5-27b,full_load,s13,W-00044,0,A,0,3,plan
D3,qwen3.5-27b,full_load,s13,W-00046,0,D,1,5,alloc
D3,qwen3.5-27b,full_load,s13,W-00047,1,B,0,2,lookup
D3,qwen3.5-27b,full_load,s13,W-00048,1,B,0,2,conflict
D3,qwen3.5-27b,full_load,s13,W-00049,0,A,0,3,plan
D3,qwen3.5-27b,full_load,s13,W-00050,0,C,1,2,temporal
D3,qwen3.5-27b,full_load,s13,W-00051,0,D,0,3,purchase
D3,qwen3.5-27b,full_load,s13,W-00052,1,D,0,4,whatif
D3,qwen3.5-27b,full_load,s13,W-00053,0,B,0,3,lookup
D3,qwen3.5-27b,full_load,s13,W-00054,0,C,1,2,capacity
D3,qwen3.5-27b,full_load,s13,W-00055,0,A,0,3,plan
D3,qwen3.5-27b,full_load,s13,W-00056,0,A,0,3,plan
D3,qwen3.5-27b,full_load,s13,W-00057,0,C,1,2,temporal
D3,qwen3.5-27b,full_load,s13,W-00058,0,B,0,3,lookup
D3,qwen3.5-27b,full_load,s13,W-00059,1,A,0,2,lookup
D3,qwen3.5-27b,full_load,s13,W-00060,0,C,1,2,capacity
D3,qwen3.5-27b,full_load,s14,W-00001,0,C,1,5,alloc
D3,qwen3.5-27b,full_load,s14,W-00002,0,C,1,2,budget
D3,qwen3.5-27b,full_load,s14,W-00003,1,A,0,2,lookup
D3,qwen3.5-27b,full_load,s14,W-00004,1,A,0,2,lookup
D3,qwen3.5-27b,full_load,s14,W-00005,0,C,1,3,purchase
D3,qwen3.5-27b,full_load,s14,W-00006,1,A,0,3,purchase
D3,qwen3.5-27b,full_load,s14,W-00007,1,B,0,3,precedence
D3,qwen3.5-27b,full_load,s14,W-00008,1,A,0,3,purchase
D3,qwen3.5-27b,full_load,s14,W-00010,1,B,0,2,conflict
D3,qwen3.5-27b,full_load,s14,W-00011,0,B,0,3,budget
D3,qwen3.5-27b,full_load,s14,W-00012,1,C,0,2,capacity
D3,qwen3.5-27b,full_load,s14,W-00013,0,B,0,3,plan
D3,qwen3.5-27b,full_load,s14,W-00014,0,C,1,3,purchase
D3,qwen3.5-27b,full_load,s14,W-00015,1,A,0,3,temporal
D3,qwen3.5-27b,full_load,s14,W-00016,1,A,0,2,lookup
D3,qwen3.5-27b,full_load,s14,W-00017,1,A,0,2,budget
D3,qwen3.5-27b,full_load,s14,W-00018,0,C,1,2,budget
D3,qwen3.5-27b,full_load,s14,W-00019,0,A,0,3,plan
D3,qwen3.5-27b,full_load,s14,W-00020,0,D,0,3,capacity
D3,qwen3.5-27b,full_load,s14,W-00022,1,A,0,3,precedence
D3,qwen3.5-27b,full_load,s14,W-00023,0,C,1,3,purchase
D3,qwen3.5-27b,full_load,s14,W-00024,1,A,0,3,diag
D3,qwen3.5-27b,full_load,s14,W-00025,1,A,0,2,lookup
D3,qwen3.5-27b,full_load,s14,W-00026,0,A,0,3,plan
D3,qwen3.5-27b,full_load,s14,W-00027,0,C,1,2,budget
D3,qwen3.5-27b,full_load,s14,W-00028,1,B,0,2,conflict
D3,qwen3.5-27b,full_load,s14,W-00029,1,D,0,3,capacity
D3,qwen3.5-27b,full_load,s14,W-00030,0,B,0,2,lookup
D3,qwen3.5-27b,full_load,s14,W-00031,0,C,0,4,alloc
D3,qwen3.5-27b,full_load,s14,W-00032,0,D,1,5,alloc
D3,qwen3.5-27b,full_load,s14,W-00033,1,B,0,3,precedence
D3,qwen3.5-27b,full_load,s14,W-00034,0,C,0,2,whatif
D3,qwen3.5-27b,full_load,s14,W-00035,1,D,0,2,capacity
D3,qwen3.5-27b,full_load,s14,W-00038,0,A,0,3,plan
D3,qwen3.5-27b,full_load,s14,W-00039,1,A,0,3,diag
D3,qwen3.5-27b,full_load,s14,W-00040,1,A,0,2,conflict
D3,qwen3.5-27b,full_load,s14,W-00041,0,D,1,3,capacity
D3,qwen3.5-27b,full_load,s14,W-00042,1,D,0,2,capacity
D3,qwen3.5-27b,full_load,s14,W-00043,1,A,0,3,plan
D3,qwen3.5-27b,full_load,s14,W-00044,1,A,0,2,conflict
D3,qwen3.5-27b,full_load,s14,W-00045,0,C,1,4,alloc
D3,qwen3.5-27b,full_load,s14,W-00046,0,B,0,3,purchase
D3,qwen3.5-27b,full_load,s14,W-00047,1,A,0,3,plan
D3,qwen3.5-27b,full_load,s14,W-00048,1,C,1,3,capacity
D3,qwen3.5-27b,full_load,s14,W-00049,1,D,0,2,capacity
D3,qwen3.5-27b,full_load,s14,W-00050,1,A,0,2,temporal
D3,qwen3.5-27b,full_load,s14,W-00051,1,B,0,4,purchase
D3,qwen3.5-27b,full_load,s14,W-00052,1,A,0,3,diag
D3,qwen3.5-27b,full_load,s14,W-00054,1,C,1,2,budget
D3,qwen3.5-27b,full_load,s14,W-00055,0,A,0,3,plan
D3,qwen3.5-27b,full_load,s14,W-00056,1,B,0,3,precedence
D3,qwen3.5-27b,full_load,s14,W-00057,0,B,0,2,lookup
D3,qwen3.5-27b,full_load,s14,W-00058,0,C,1,3,purchase
D3,qwen3.5-27b,full_load,s14,W-00059,1,A,0,2,conflict
D3,qwen3.5-27b,full_load,s14,W-00060,0,B,0,3,precedence
R3,qwen3.5-27b,direct,s12,W-00001,0,C,1,3,capacity
R3,qwen3.5-27b,direct,s12,W-00002,0,C,1,2,budget
R3,qwen3.5-27b,direct,s12,W-00003,1,A,0,3,lookup
R3,qwen3.5-27b,direct,s12,W-00004,1,A,0,4,temporal
R3,qwen3.5-27b,direct,s12,W-00005,0,D,1,3,budget
R3,qwen3.5-27b,direct,s12,W-00006,1,A,0,5,renewal
R3,qwen3.5-27b,direct,s12,W-00007,0,A,0,4,plan
R3,qwen3.5-27b,direct,s12,W-00008,0,C,0,2,alloc
R3,qwen3.5-27b,direct,s12,W-00009,0,D,1,3,vendor
R3,qwen3.5-27b,direct,s12,W-00010,0,B,0,5,alloc
R3,qwen3.5-27b,direct,s12,W-00011,0,C,0,4,precedence
R3,qwen3.5-27b,direct,s12,W-00012,1,A,0,4,diag
R3,qwen3.5-27b,direct,s12,W-00013,0,A,0,4,plan
R3,qwen3.5-27b,direct,s12,W-00014,0,C,1,2,budget
R3,qwen3.5-27b,direct,s12,W-00015,0,B,0,2,conflict
R3,qwen3.5-27b,direct,s12,W-00016,0,C,1,2,vendor
R3,qwen3.5-27b,direct,s12,W-00017,1,A,0,4,plan
R3,qwen3.5-27b,direct,s12,W-00018,0,D,1,5,vendor
R3,qwen3.5-27b,direct,s12,W-00019,0,B,0,4,temporal
R3,qwen3.5-27b,direct,s12,W-00020,1,A,0,3,diag
R3,qwen3.5-27b,direct,s12,W-00021,0,A,0,3,whatif
R3,qwen3.5-27b,direct,s12,W-00022,0,C,1,4,contract_gate
R3,qwen3.5-27b,direct,s12,W-00023,1,A,0,5,plan
R3,qwen3.5-27b,direct,s12,W-00024,1,A,0,3,lookup
R3,qwen3.5-27b,direct,s12,W-00025,0,B,0,5,purchase
R3,qwen3.5-27b,direct,s12,W-00026,0,B,0,2,conflict
R3,qwen3.5-27b,direct,s12,W-00027,0,A,0,4,diag
R3,qwen3.5-27b,direct,s12,W-00028,0,C,1,5,alloc
R3,qwen3.5-27b,direct,s12,W-00029,1,A,0,3,capacity
R3,qwen3.5-27b,direct,s12,W-00030,1,B,0,5,temporal
R3,qwen3.5-27b,direct,s12,W-00031,0,A,0,4,plan
R3,qwen3.5-27b,direct,s12,W-00032,1,A,0,4,plan
R3,qwen3.5-27b,direct,s12,W-00033,1,A,0,4,plan
R3,qwen3.5-27b,direct,s12,W-00034,0,C,1,2,sourcing
R3,qwen3.5-27b,direct,s12,W-00035,0,D,0,2,budget
R3,qwen3.5-27b,direct,s12,W-00036,0,C,1,3,capacity
R3,qwen3.5-27b,direct,s12,W-00037,0,B,0,3,lookup
R3,qwen3.5-27b,direct,s12,W-00038,0,D,1,3,sourcing
R3,qwen3.5-27b,direct,s12,W-00039,1,A,0,5,plan
R3,qwen3.5-27b,direct,s12,W-00040,0,D,0,4,renewal
R3,qwen3.5-27b,direct,s12,W-00041,0,B,0,3,lookup
R3,qwen3.5-27b,direct,s12,W-00043,0,D,1,3,sourcing
R3,qwen3.5-27b,direct,s12,W-00044,1,A,0,2,conflict
R3,qwen3.5-27b,direct,s12,W-00045,0,C,1,2,capacity
R3,qwen3.5-27b,direct,s12,W-00046,0,B,0,3,temporal
R3,qwen3.5-27b,direct,s12,W-00047,0,B,0,5,diag
R3,qwen3.5-27b,direct,s12,W-00048,0,C,1,2,sourcing
R3,qwen3.5-27b,direct,s12,W-00049,1,A,0,4,renewal
R3,qwen3.5-27b,direct,s12,W-00050,1,B,0,4,precedence
R3,qwen3.5-27b,direct,s12,W-00051,1,A,0,3,lookup
R3,qwen3.5-27b,direct,s12,W-00052,1,A,0,3,lookup
R3,qwen3.5-27b,direct,s12,W-00054,1,A,0,3,precedence
R3,qwen3.5-27b,direct,s12,W-00055,0,C,1,3,whatif
R3,qwen3.5-27b,direct,s12,W-00056,0,B,0,2,conflict
R3,qwen3.5-27b,direct,s12,W-00057,1,A,0,4,diag
R3,qwen3.5-27b,direct,s12,W-00058,0,D,1,4,sourcing
R3,qwen3.5-27b,direct,s12,W-00059,0,B,0,3,budget
R3,qwen3.5-27b,direct,s12,W-00060,0,A,0,4,diag
R3,qwen3.5-27b,direct,s12,W-00061,0,B,0,4,plan
R3,qwen3.5-27b,direct,s12,W-00062,0,A,0,3,precedence
R3,qwen3.5-27b,direct,s12,W-00064,1,A,0,2,conflict
R3,qwen3.5-27b,direct,s12,W-00065,0,D,0,4,temporal
R3,qwen3.5-27b,direct,s12,W-00066,0,C,1,3,capacity
R3,qwen3.5-27b,direct,s12,W-00067,0,C,1,2,sourcing
R3,qwen3.5-27b,direct,s12,W-00068,1,A,0,2,lookup
R3,qwen3.5-27b,direct,s12,W-00069,0,A,0,3,lookup
R3,qwen3.5-27b,direct,s12,W-00070,1,B,0,4,whatif
R3,qwen3.5-27b,direct,s12,W-00071,0,A,0,5,diag
R3,qwen3.5-27b,direct,s12,W-00072,0,C,1,3,capacity
R3,qwen3.5-27b,direct,s12,W-00073,0,C,1,5,purchase
R3,qwen3.5-27b,direct,s12,W-00074,1,A,0,4,diag
R3,qwen3.5-27b,direct,s12,W-00075,0,B,0,3,contract_gate
R3,qwen3.5-27b,direct,s12,W-00076,0,D,0,4,purchase
R3,qwen3.5-27b,direct,s12,W-00077,1,A,0,2,lookup
R3,qwen3.5-27b,direct,s12,W-00078,0,D,0,5,purchase
R3,qwen3.5-27b,direct,s12,W-00079,1,A,0,2,conflict
R3,qwen3.5-27b,direct,s12,W-00080,0,D,0,3,budget
R3,qwen3.5-27b,direct,s12,W-00081,0,B,0,5,diag
R3,qwen3.5-27b,direct,s12,W-00082,0,C,1,3,contract_gate
R3,qwen3.5-27b,direct,s12,W-00083,0,A,0,5,purchase
R3,qwen3.5-27b,direct,s12,W-00084,1,A,0,2,conflict
R3,qwen3.5-27b,direct,s12,W-00085,0,B,0,3,lookup
R3,qwen3.5-27b,direct,s12,W-00086,0,D,0,5,temporal
R3,qwen3.5-27b,direct,s12,W-00087,1,A,0,4,diag
R3,qwen3.5-27b,direct,s12,W-00088,0,C,1,2,sourcing
R3,qwen3.5-27b,direct,s12,W-00089,1,A,0,3,precedence
R3,qwen3.5-27b,direct,s12,W-00090,0,B,0,4,contract_gate
R3,qwen3.5-27b,direct,s12,W-00091,0,A,0,3,plan
R3,qwen3.5-27b,direct,s12,W-00092,0,A,0,3,plan
R3,qwen3.5-27b,direct,s12,W-00097,0,B,0,4,diag
R3,qwen3.5-27b,direct,s12,W-00098,0,D,0,3,capacity
R3,qwen3.5-27b,direct,s12,W-00099,0,D,0,4,diag
R3,qwen3.5-27b,direct,s12,W-00101,0,C,0,4,precedence
R3,qwen3.5-27b,direct,s12,W-00102,0,A,0,3,diag
R3,qwen3.5-27b,direct,s12,W-00103,0,B,0,2,capacity
R3,qwen3.5-27b,direct,s12,W-00104,0,D,0,5,temporal
R3,qwen3.5-27b,direct,s12,W-00105,1,A,0,3,lookup
R3,qwen3.5-27b,direct,s12,W-00106,0,A,0,4,purchase
R3,qwen3.5-27b,direct,s12,W-00107,0,C,1,5,purchase
R3,qwen3.5-27b,direct,s12,W-00108,0,B,0,3,lookup
R3,qwen3.5-27b,direct,s12,W-00109,0,A,0,2,conflict
R3,qwen3.5-27b,direct,s12,W-00110,0,C,1,4,contract_gate
R3,qwen3.5-27b,direct,s12,W-00111,0,A,0,4,purchase
R3,qwen3.5-27b,direct,s12,W-00112,0,D,1,3,sourcing
R3,qwen3.5-27b,direct,s12,W-00113,0,B,0,2,lookup
R3,qwen3.5-27b,direct,s12,W-00114,0,C,1,4,contract_gate
R3,qwen3.5-27b,direct,s12,W-00115,0,A,0,3,diag
R3,qwen3.5-27b,direct,s12,W-00116,1,A,0,4,precedence
R3,qwen3.5-27b,direct,s12,W-00117,0,C,1,5,alloc
R3,qwen3.5-27b,direct,s12,W-00118,0,D,0,5,whatif
R3,qwen3.5-27b,direct,s12,W-00119,0,B,0,3,conflict
R3,qwen3.5-27b,direct,s12,W-00120,1,A,0,2,lookup
R3,qwen3.5-27b,direct,s12,W-00122,0,A,0,4,plan
R3,qwen3.5-27b,direct,s12,W-00123,0,C,1,3,sourcing
R3,qwen3.5-27b,direct,s12,W-00124,0,B,0,5,diag
R3,qwen3.5-27b,direct,s12,W-00125,0,C,0,3,temporal
R3,qwen3.5-27b,direct,s12,W-00126,0,D,0,4,diag
R3,qwen3.5-27b,direct,s12,W-00127,0,C,1,5,alloc
R3,qwen3.5-27b,direct,s12,W-00128,0,B,0,2,lookup
R3,qwen3.5-27b,direct,s12,W-00129,1,A,0,4,plan
R3,qwen3.5-27b,direct,s12,W-00130,0,A,0,3,precedence
R3,qwen3.5-27b,direct,s12,W-00131,0,A,0,4,plan
R3,qwen3.5-27b,direct,s12,W-00132,0,C,1,5,alloc
R3,qwen3.5-27b,direct,s12,W-00133,0,B,0,2,lookup
R3,qwen3.5-27b,direct,s12,W-00135,0,D,0,3,capacity
R3,qwen3.5-27b,direct,s12,W-00136,1,A,0,4,plan
R3,qwen3.5-27b,direct,s12,W-00137,0,C,1,3,sourcing
R3,qwen3.5-27b,direct,s12,W-00138,0,D,0,5,whatif
R3,qwen3.5-27b,direct,s12,W-00140,1,A,0,2,lookup
R3,qwen3.5-27b,direct,s12,W-00141,0,C,1,4,whatif
R3,qwen3.5-27b,direct,s12,W-00142,1,A,0,4,precedence
R3,qwen3.5-27b,direct,s12,W-00143,0,B,0,5,purchase
R3,qwen3.5-27b,direct,s12,W-00144,1,A,0,3,lookup
R3,qwen3.5-27b,direct,s12,W-00145,0,D,0,2,conflict
R3,qwen3.5-27b,direct,s12,W-00146,0,C,1,4,contract_gate
R3,qwen3.5-27b,direct,s12,W-00147,1,A,0,3,precedence
R3,qwen3.5-27b,direct,s12,W-00148,0,B,0,4,purchase
R3,qwen3.5-27b,direct,s12,W-00149,0,A,0,3,precedence
R3,qwen3.5-27b,direct,s12,W-00150,0,D,0,5,temporal
R3,qwen3.5-27b,direct,s13,W-00001,0,D,1,5,alloc
R3,qwen3.5-27b,direct,s13,W-00002,0,C,1,2,budget
R3,qwen3.5-27b,direct,s13,W-00003,0,C,1,3,contract_gate
R3,qwen3.5-27b,direct,s13,W-00005,0,B,0,3,budget
R3,qwen3.5-27b,direct,s13,W-00006,1,A,0,2,conflict
R3,qwen3.5-27b,direct,s13,W-00007,1,A,0,4,diag
R3,qwen3.5-27b,direct,s13,W-00008,0,A,0,4,precedence
R3,qwen3.5-27b,direct,s13,W-00009,0,C,1,2,sourcing
R3,qwen3.5-27b,direct,s13,W-00010,0,B,0,4,contract_gate
R3,qwen3.5-27b,direct,s13,W-00011,0,A,0,4,diag
R3,qwen3.5-27b,direct,s13,W-00012,1,A,0,3,diag
R3,qwen3.5-27b,direct,s13,W-00013,0,B,0,4,temporal
R3,qwen3.5-27b,direct,s13,W-00014,0,C,1,3,sourcing
R3,qwen3.5-27b,direct,s13,W-00015,1,A,0,2,lookup
R3,qwen3.5-27b,direct,s13,W-00016,0,D,0,3,temporal
R3,qwen3.5-27b,direct,s13,W-00017,0,A,0,5,plan
R3,qwen3.5-27b,direct,s13,W-00018,0,C,1,2,budget
R3,qwen3.5-27b,direct,s13,W-00019,1,A,0,3,precedence
R3,qwen3.5-27b,direct,s13,W-00020,0,B,0,4,alloc
R3,qwen3.5-27b,direct,s13,W-00021,1,A,0,4,plan
R3,qwen3.5-27b,direct,s13,W-00022,0,A,0,4,whatif
R3,qwen3.5-27b,direct,s13,W-00024,0,B,0,2,budget
R3,qwen3.5-27b,direct,s13,W-00025,1,A,0,3,lookup
R3,qwen3.5-27b,direct,s13,W-00026,0,D,0,3,budget
R3,qwen3.5-27b,direct,s13,W-00027,0,C,1,5,alloc
R3,qwen3.5-27b,direct,s13,W-00028,1,A,0,5,plan
R3,qwen3.5-27b,direct,s13,W-00029,1,A,0,2,conflict
R3,qwen3.5-27b,direct,s13,W-00030,0,B,0,4,contract_gate
R3,qwen3.5-27b,direct,s13,W-00031,0,B,0,5,vendor
R3,qwen3.5-27b,direct,s13,W-00032,0,A,0,4,plan
R3,qwen3.5-27b,direct,s13,W-00033,0,B,0,3,vendor
R3,qwen3.5-27b,direct,s13,W-00034,0,C,1,2,budget
R3,qwen3.5-27b,direct,s13,W-00035,1,A,0,3,lookup
R3,qwen3.5-27b,direct,s13,W-00036,0,C,1,3,capacity
R3,qwen3.5-27b,direct,s13,W-00037,0,A,0,4,diag
R3,qwen3.5-27b,direct,s13,W-00038,0,D,0,3,contract_gate
R3,qwen3.5-27b,direct,s13,W-00039,0,A,0,4,diag
R3,qwen3.5-27b,direct,s13,W-00040,0,C,1,2,budget
R3,qwen3.5-27b,direct,s13,W-00041,0,D,0,5,purchase
R3,qwen3.5-27b,direct,s13,W-00042,1,A,0,4,renewal
R3,qwen3.5-27b,direct,s13,W-00043,0,B,0,2,sourcing
R3,qwen3.5-27b,direct,s13,W-00044,1,A,0,3,lookup
R3,qwen3.5-27b,direct,s13,W-00047,0,A,0,5,renewal
R3,qwen3.5-27b,direct,s13,W-00048,0,B,0,2,conflict
R3,qwen3.5-27b,direct,s13,W-00049,0,C,1,3,capacity
R3,qwen3.5-27b,direct,s13,W-00050,0,A,0,4,whatif
R3,qwen3.5-27b,direct,s13,W-00051,0,A,0,4,diag
R3,qwen3.5-27b,direct,s13,W-00052,0,D,0,5,purchase
R3,qwen3.5-27b,direct,s13,W-00053,0,B,0,4,precedence
R3,qwen3.5-27b,direct,s13,W-00054,0,A,0,3,diag
R3,qwen3.5-27b,direct,s13,W-00055,0,C,0,5,alloc
R3,qwen3.5-27b,direct,s13,W-00056,0,C,1,2,capacity
R3,qwen3.5-27b,direct,s13,W-00057,1,A,0,3,lookup
R3,qwen3.5-27b,direct,s13,W-00058,0,B,0,4,contract_gate
R3,qwen3.5-27b,direct,s13,W-00059,1,A,0,3,precedence
R3,qwen3.5-27b,direct,s13,W-00060,0,C,1,2,budget
R3,qwen3.5-27b,direct,s13,W-00061,0,A,0,2,conflict
R3,qwen3.5-27b,direct,s13,W-00062,0,C,1,3,vendor
R3,qwen3.5-27b,direct,s13,W-00063,1,B,0,4,plan
R3,qwen3.5-27b,direct,s13,W-00064,0,A,0,5,temporal
R3,qwen3.5-27b,direct,s13,W-00065,0,D,0,3,capacity
R3,qwen3.5-27b,direct,s13,W-00066,0,C,0,5,alloc
R3,qwen3.5-27b,direct,s13,W-00067,1,A,0,2,lookup
R3,qwen3.5-27b,direct,s13,W-00068,0,B,0,3,lookup
R3,qwen3.5-27b,direct,s13,W-00069,0,A,0,4,diag
R3,qwen3.5-27b,direct,s13,W-00070,0,D,0,4,contract_gate
R3,qwen3.5-27b,direct,s13,W-00071,0,C,1,4,purchase
R3,qwen3.5-27b,direct,s13,W-00072,1,A,0,3,lookup
R3,qwen3.5-27b,direct,s13,W-00073,0,B,0,4,vendor
R3,qwen3.5-27b,direct,s13,W-00074,1,A,0,2,conflict
R3,qwen3.5-27b,direct,s13,W-00075,1,D,0,4,precedence
R3,qwen3.5-27b,direct,s13,W-00077,0,C,1,3,capacity
R3,qwen3.5-27b,direct,s13,W-00078,0,B,0,5,whatif
R3,qwen3.5-27b,direct,s13,W-00079,1,A,0,3,lookup
R3,qwen3.5-27b,direct,s13,W-00080,0,C,1,4,contract_gate
R3,qwen3.5-27b,direct,s13,W-00081,1,A,0,5,diag
R3,qwen3.5-27b,direct,s13,W-00082,0,C,0,3,capacity
R3,qwen3.5-27b,direct,s13,W-00084,1,A,0,2,conflict
R3,qwen3.5-27b,direct,s13,W-00085,1,C,1,3,contract_gate
R3,qwen3.5-27b,direct,s13,W-00086,0,D,0,4,purchase
R3,qwen3.5-27b,direct,s13,W-00087,1,A,0,2,conflict
R3,qwen3.5-27b,direct,s13,W-00088,0,B,0,3,contract_gate
R3,qwen3.5-27b,direct,s13,W-00089,0,C,1,4,contract_gate
R3,qwen3.5-27b,direct,s13,W-00090,1,A,0,5,purchase
R3,qwen3.5-27b,direct,s13,W-00091,0,B,0,4,vendor
R3,qwen3.5-27b,direct,s13,W-00092,1,A,0,3,precedence
R3,qwen3.5-27b,direct,s13,W-00093,0,D,0,2,capacity
R3,qwen3.5-27b,direct,s13,W-00094,0,C,1,3,budget
R3,qwen3.5-27b,direct,s13,W-00095,1,A,0,4,diag
R3,qwen3.5-27b,direct,s13,W-00096,0,A,0,5,plan
R3,qwen3.5-27b,direct,s13,W-00097,0,B,0,3,lookup
R3,qwen3.5-27b,direct,s13,W-00098,0,C,1,2,capacity
R3,qwen3.5-27b,direct,s13,W-00099,0,A,0,4,vendor
R3,qwen3.5-27b,direct,s13,W-00100,0,A,0,5,purchase
R3,qwen3.5-27b,direct,s13,W-00101,0,D,0,3,capacity
R3,qwen3.5-27b,direct,s13,W-00102,0,B,0,2,lookup
R3,qwen3.5-27b,direct,s13,W-00103,0,C,1,4,purchase
R3,qwen3.5-27b,direct,s13,W-00104,0,A,0,5,plan
R3,qwen3.5-27b,direct,s13,W-00105,0,D,0,3,sourcing
R3,qwen3.5-27b,direct,s13,W-00106,0,B,0,2,conflict
R3,qwen3.5-27b,direct,s13,W-00107,1,A,0,3,plan
R3,qwen3.5-27b,direct,s13,W-00108,0,C,1,5,purchase
R3,qwen3.5-27b,direct,s13,W-00109,0,D,0,4,contract_gate
R3,qwen3.5-27b,direct,s13,W-00110,1,A,0,4,plan
R3,qwen3.5-27b,direct,s13,W-00111,1,A,0,3,lookup
R3,qwen3.5-27b,direct,s13,W-00112,0,C,1,4,whatif
R3,qwen3.5-27b,direct,s13,W-00113,0,B,0,2,capacity
R3,qwen3.5-27b,direct,s13,W-00114,1,A,0,3,lookup
R3,qwen3.5-27b,direct,s13,W-00115,0,D,0,4,sourcing
R3,qwen3.5-27b,direct,s13,W-00116,0,C,1,5,purchase
R3,qwen3.5-27b,direct,s13,W-00117,0,A,0,5,diag
R3,qwen3.5-27b,direct,s13,W-00118,0,B,0,2,lookup
R3,qwen3.5-27b,direct,s13,W-00119,0,A,0,3,plan
R3,qwen3.5-27b,direct,s13,W-00120,0,C,1,5,alloc
R3,qwen3.5-27b,direct,s13,W-00121,0,A,0,2,conflict
R3,qwen3.5-27b,direct,s13,W-00122,0,D,0,4,contract_gate
R3,qwen3.5-27b,direct,s13,W-00123,0,B,0,3,lookup
R3,qwen3.5-27b,direct,s13,W-00124,1,A,0,4,plan
R3,qwen3.5-27b,direct,s13,W-00125,0,C,1,3,contract_gate
R3,qwen3.5-27b,direct,s13,W-00126,1,A,0,4,plan
R3,qwen3.5-27b,direct,s13,W-00127,0,C,1,5,alloc
R3,qwen3.5-27b,direct,s13,W-00128,0,D,0,2,budget
R3,qwen3.5-27b,direct,s13,W-00129,1,A,0,3,lookup
R3,qwen3.5-27b,direct,s13,W-00130,0,B,0,4,contract_gate
R3,qwen3.5-27b,direct,s13,W-00131,1,A,0,5,diag
R3,qwen3.5-27b,direct,s13,W-00132,0,D,0,3,sourcing
R3,qwen3.5-27b,direct,s13,W-00133,0,B,0,2,lookup
R3,qwen3.5-27b,direct,s13,W-00134,0,C,1,4,whatif
R3,qwen3.5-27b,direct,s13,W-00135,0,A,0,4,plan
R3,qwen3.5-27b,direct,s13,W-00136,0,C,0,2,vendor
R3,qwen3.5-27b,direct,s13,W-00137,1,A,0,3,precedence
R3,qwen3.5-27b,direct,s13,W-00138,0,C,1,3,capacity
R3,qwen3.5-27b,direct,s13,W-00139,1,A,0,4,temporal
R3,qwen3.5-27b,direct,s13,W-00140,0,B,0,5,purchase
R3,qwen3.5-27b,direct,s13,W-00141,1,A,0,5,diag
R3,qwen3.5-27b,direct,s13,W-00142,1,D,0,4,precedence
R3,qwen3.5-27b,direct,s13,W-00143,0,C,1,2,capacity
R3,qwen3.5-27b,direct,s13,W-00144,1,A,0,3,lookup
R3,qwen3.5-27b,direct,s13,W-00145,0,B,0,3,lookup
R3,qwen3.5-27b,direct,s13,W-00146,0,D,0,4,contract_gate
R3,qwen3.5-27b,direct,s13,W-00147,0,D,1,5,alloc
R3,qwen3.5-27b,direct,s13,W-00148,0,B,0,2,conflict
R3,qwen3.5-27b,direct,s13,W-00149,0,D,0,3,capacity
R3,qwen3.5-27b,direct,s13,W-00150,1,A,0,5,temporal
R3,qwen3.5-27b,direct,s14,W-00001,0,C,1,4,vendor
R3,qwen3.5-27b,direct,s14,W-00002,0,C,1,3,capacity
R3,qwen3.5-27b,direct,s14,W-00003,0,A,0,2,temporal
R3,qwen3.5-27b,direct,s14,W-00004,1,A,0,2,temporal
R3,qwen3.5-27b,direct,s14,W-00005,0,C,1,5,purchase
R3,qwen3.5-27b,direct,s14,W-00006,1,A,0,3,precedence
R3,qwen3.5-27b,direct,s14,W-00007,1,A,0,3,precedence
R3,qwen3.5-27b,direct,s14,W-00008,0,B,0,2,conflict
R3,qwen3.5-27b,direct,s14,W-00009,0,D,1,4,sourcing
R3,qwen3.5-27b,direct,s14,W-00010,1,B,0,4,precedence
R3,qwen3.5-27b,direct,s14,W-00011,1,A,0,4,diag
R3,qwen3.5-27b,direct,s14,W-00012,1,A,0,5,renewal
R3,qwen3.5-27b,direct,s14,W-00013,0,D,0,2,sourcing
R3,qwen3.5-27b,direct,s14,W-00014,0,C,1,4,temporal
R3,qwen3.5-27b,direct,s14,W-00015,1,A,0,3,lookup
R3,qwen3.5-27b,direct,s14,W-00016,1,B,0,4,plan
R3,qwen3.5-27b,direct,s14,W-00017,0,D,0,3,capacity
R3,qwen3.5-27b,direct,s14,W-00018,0,C,1,5,alloc
R3,qwen3.5-27b,direct,s14,W-00019,0,B,0,5,plan
R3,qwen3.5-27b,direct,s14,W-00020,0,C,1,3,capacity
R3,qwen3.5-27b,direct,s14,W-00021,0,A,0,4,diag
R3,qwen3.5-27b,direct,s14,W-00022,1,A,0,4,plan
R3,qwen3.5-27b,direct,s14,W-00023,1,A,0,3,lookup
R3,qwen3.5-27b,direct,s14,W-00024,1,A,0,3,purchase
R3,qwen3.5-27b,direct,s14,W-00025,0,C,1,5,purchase
R3,qwen3.5-27b,direct,s14,W-00026,1,B,0,4,precedence
R3,qwen3.5-27b,direct,s14,W-00027,0,A,0,5,plan
R3,qwen3.5-27b,direct,s14,W-00028,0,B,0,3,lookup
R3,qwen3.5-27b,direct,s14,W-00029,1,A,0,4,plan
R3,qwen3.5-27b,direct,s14,W-00030,0,D,0,3,budget
R3,qwen3.5-27b,direct,s14,W-00031,1,A,0,3,plan
R3,qwen3.5-27b,direct,s14,W-00032,1,A,0,3,plan
R3,qwen3.5-27b,direct,s14,W-00033,0,D,0,5,vendor
R3,qwen3.5-27b,direct,s14,W-00034,0,C,1,5,alloc
R3,qwen3.5-27b,direct,s14,W-00035,0,B,0,2,budget
R3,qwen3.5-27b,direct,s14,W-00036,0,C,1,4,contract_gate
R3,qwen3.5-27b,direct,s14,W-00037,1,A,0,2,conflict
R3,qwen3.5-27b,direct,s14,W-00038,0,B,0,2,temporal
R3,qwen3.5-27b,direct,s14,W-00039,1,A,0,2,conflict
R3,qwen3.5-27b,direct,s14,W-00040,0,B,0,4,sourcing
R3,qwen3.5-27b,direct,s14,W-00041,0,C,1,3,capacity
R3,qwen3.5-27b,direct,s14,W-00042,1,A,0,3,lookup
R3,qwen3.5-27b,direct,s14,W-00043,0,D,1,5,purchase
R3,qwen3.5-27b,direct,s14,W-00044,1,A,0,4,precedence
R3,qwen3.5-27b,direct,s14,W-00045,0,C,1,2,budget
R3,qwen3.5-27b,direct,s14,W-00046,0,A,0,2,conflict
R3,qwen3.5-27b,direct,s14,W-00047,1,D,0,4,whatif
R3,qwen3.5-27b,direct,s14,W-00048,0,B,0,5,purchase
R3,qwen3.5-27b,direct,s14,W-00049,1,A,0,2,budget
R3,qwen3.5-27b,direct,s14,W-00050,0,B,0,3,budget
R3,qwen3.5-27b,direct,s14,W-00051,0,D,0,4,purchase
R3,qwen3.5-27b,direct,s14,W-00052,1,A,0,3,lookup
R3,qwen3.5-27b,direct,s14,W-00053,0,C,1,4,alloc
R3,qwen3.5-27b,direct,s14,W-00054,0,C,1,4,contract_gate
R3,qwen3.5-27b,direct,s14,W-00055,1,A,0,2,conflict
R3,qwen3.5-27b,direct,s14,W-00056,0,B,0,3,lookup
R3,qwen3.5-27b,direct,s14,W-00057,0,D,0,3,capacity
R3,qwen3.5-27b,direct,s14,W-00058,0,B,0,4,contract_gate
R3,qwen3.5-27b,direct,s14,W-00059,0,D,0,4,vendor
R3,qwen3.5-27b,direct,s14,W-00060,0,C,0,2,budget
R3,qwen3.5-27b,direct,s14,W-00061,0,A,0,4,plan
R3,qwen3.5-27b,direct,s14,W-00062,0,B,0,2,lookup
R3,qwen3.5-27b,direct,s14,W-00063,0,A,0,4,vendor
R3,qwen3.5-27b,direct,s14,W-00064,0,A,0,3,vendor
R3,qwen3.5-27b,direct,s14,W-00065,0,C,1,3,contract_gate
R3,qwen3.5-27b,direct,s14,W-00066,0,A,0,3,diag
R3,qwen3.5-27b,direct,s14,W-00067,0,C,1,2,budget
R3,qwen3.5-27b,direct,s14,W-00068,0,B,0,5,plan
R3,qwen3.5-27b,direct,s14,W-00069,0,A,0,3,capacity
R3,qwen3.5-27b,direct,s14,W-00070,0,A,0,4,plan
R3,qwen3.5-27b,direct,s14,W-00071,0,A,0,5,diag
R3,qwen3.5-27b,direct,s14,W-00072,0,D,1,3,sourcing
R3,qwen3.5-27b,direct,s14,W-00073,0,B,0,4,precedence
R3,qwen3.5-27b,direct,s14,W-00074,1,A,0,2,conflict
R3,qwen3.5-27b,direct,s14,W-00076,0,C,0,3,capacity
R3,qwen3.5-27b,direct,s14,W-00077,1,A,0,2,lookup
R3,qwen3.5-27b,direct,s14,W-00078,1,B,0,4,precedence
R3,qwen3.5-27b,direct,s14,W-00079,1,A,0,4,precedence
R3,qwen3.5-27b,direct,s14,W-00080,0,C,1,3,capacity
R3,qwen3.5-27b,direct,s14,W-00081,0,D,0,5,whatif
R3,qwen3.5-27b,direct,s14,W-00082,1,A,0,3,lookup
R3,qwen3.5-27b,direct,s14,W-00084,0,B,0,2,conflict
R3,qwen3.5-27b,direct,s14,W-00085,0,A,0,3,lookup
R3,qwen3.5-27b,direct,s14,W-00086,0,D,0,4,whatif
R3,qwen3.5-27b,direct,s14,W-00087,0,A,0,4,contract_gate
R3,qwen3.5-27b,direct,s14,W-00088,0,D,0,2,sourcing
R3,qwen3.5-27b,direct,s14,W-00089,0,C,1,4,temporal
R3,qwen3.5-27b,direct,s14,W-00090,0,A,0,3,lookup
R3,qwen3.5-27b,direct,s14,W-00092,1,A,0,4,diag
R3,qwen3.5-27b,direct,s14,W-00093,0,D,0,3,capacity
R3,qwen3.5-27b,direct,s14,W-00094,0,C,1,2,capacity
R3,qwen3.5-27b,direct,s14,W-00095,1,A,0,3,whatif
R3,qwen3.5-27b,direct,s14,W-00096,0,C,0,4,contract_gate
R3,qwen3.5-27b,direct,s14,W-00097,0,D,0,5,purchase
R3,qwen3.5-27b,direct,s14,W-00098,0,C,1,2,whatif
R3,qwen3.5-27b,direct,s14,W-00099,0,B,0,3,lookup
R3,qwen3.5-27b,direct,s14,W-00100,0,A,0,4,plan
R3,qwen3.5-27b,direct,s14,W-00101,0,B,0,5,plan
R3,qwen3.5-27b,direct,s14,W-00102,0,A,0,5,temporal
R3,qwen3.5-27b,direct,s14,W-00104,1,A,0,2,conflict
R3,qwen3.5-27b,direct,s14,W-00105,0,B,0,3,lookup
R3,qwen3.5-27b,direct,s14,W-00106,1,A,0,4,plan
R3,qwen3.5-27b,direct,s14,W-00107,0,C,1,3,capacity
R3,qwen3.5-27b,direct,s14,W-00108,0,B,0,2,sourcing
R3,qwen3.5-27b,direct,s14,W-00109,0,D,0,3,capacity
R3,qwen3.5-27b,direct,s14,W-00110,0,D,0,5,temporal
R3,qwen3.5-27b,direct,s14,W-00111,1,A,0,4,renewal
R3,qwen3.5-27b,direct,s14,W-00113,1,A,0,2,lookup
R3,qwen3.5-27b,direct,s14,W-00114,1,A,0,3,diag
R3,qwen3.5-27b,direct,s14,W-00115,1,A,0,3,lookup
R3,qwen3.5-27b,direct,s14,W-00116,0,C,1,4,contract_gate
R3,qwen3.5-27b,direct,s14,W-00117,1,A,0,4,diag
R3,qwen3.5-27b,direct,s14,W-00118,0,D,0,2,sourcing
R3,qwen3.5-27b,direct,s14,W-00119,0,B,0,3,budget
R3,qwen3.5-27b,direct,s14,W-00120,1,A,0,5,plan
R3,qwen3.5-27b,direct,s14,W-00121,1,A,0,4,plan
R3,qwen3.5-27b,direct,s14,W-00122,0,C,1,4,vendor
R3,qwen3.5-27b,direct,s14,W-00123,0,B,0,3,lookup
R3,qwen3.5-27b,direct,s14,W-00124,0,B,0,2,conflict
R3,qwen3.5-27b,direct,s14,W-00125,0,C,1,3,contract_gate
R3,qwen3.5-27b,direct,s14,W-00126,1,A,0,5,diag
R3,qwen3.5-27b,direct,s14,W-00127,0,A,0,4,diag
R3,qwen3.5-27b,direct,s14,W-00129,0,C,1,3,capacity
R3,qwen3.5-27b,direct,s14,W-00130,0,A,0,4,temporal
R3,qwen3.5-27b,direct,s14,W-00131,0,D,0,2,budget
R3,qwen3.5-27b,direct,s14,W-00132,1,A,0,3,lookup
R3,qwen3.5-27b,direct,s14,W-00133,0,C,1,5,alloc
R3,qwen3.5-27b,direct,s14,W-00134,1,A,0,2,budget
R3,qwen3.5-27b,direct,s14,W-00135,0,B,0,3,precedence
R3,qwen3.5-27b,direct,s14,W-00136,0,B,0,2,lookup
R3,qwen3.5-27b,direct,s14,W-00137,0,A,0,3,plan
R3,qwen3.5-27b,direct,s14,W-00138,1,B,0,4,plan
R3,qwen3.5-27b,direct,s14,W-00139,0,C,1,4,purchase
R3,qwen3.5-27b,direct,s14,W-00140,0,A,0,4,purchase
R3,qwen3.5-27b,direct,s14,W-00141,0,D,0,5,purchase
R3,qwen3.5-27b,direct,s14,W-00142,1,A,0,3,lookup
R3,qwen3.5-27b,direct,s14,W-00143,0,C,1,2,budget
R3,qwen3.5-27b,direct,s14,W-00144,0,D,0,5,purchase
R3,qwen3.5-27b,direct,s14,W-00145,0,A,0,3,precedence
R3,qwen3.5-27b,direct,s14,W-00146,0,C,1,4,contract_gate
R3,qwen3.5-27b,direct,s14,W-00147,0,A,0,5,diag
R3,qwen3.5-27b,direct,s14,W-00148,0,D,0,5,purchase
R3,qwen3.5-27b,direct,s14,W-00149,0,B,0,3,capacity
R3,qwen3.5-27b,direct,s14,W-00150,0,A,0,4,precedence
R3,qwen3.5-27b,routing,s12,W-00001,0,C,1,3,capacity
R3,qwen3.5-27b,routing,s12,W-00002,0,C,1,2,budget
R3,qwen3.5-27b,routing,s12,W-00003,1,A,0,3,lookup
R3,qwen3.5-27b,routing,s12,W-00004,0,A,0,4,temporal
R3,qwen3.5-27b,routing,s12,W-00005,0,D,1,3,budget
R3,qwen3.5-27b,routing,s12,W-00006,1,A,0,5,renewal
R3,qwen3.5-27b,routing,s12,W-00007,0,A,0,4,plan
R3,qwen3.5-27b,routing,s12,W-00008,0,C,0,2,alloc
R3,qwen3.5-27b,routing,s12,W-00009,0,D,1,3,vendor
R3,qwen3.5-27b,routing,s12,W-00010,0,B,0,5,alloc
R3,qwen3.5-27b,routing,s12,W-00011,0,C,0,4,precedence
R3,qwen3.5-27b,routing,s12,W-00012,1,A,0,4,diag
R3,qwen3.5-27b,routing,s12,W-00013,0,A,0,4,plan
R3,qwen3.5-27b,routing,s12,W-00014,0,C,1,2,budget
R3,qwen3.5-27b,routing,s12,W-00015,1,B,0,2,conflict
R3,qwen3.5-27b,routing,s12,W-00016,0,C,1,2,vendor
R3,qwen3.5-27b,routing,s12,W-00017,1,A,0,4,plan
R3,qwen3.5-27b,routing,s12,W-00018,0,D,1,5,vendor
R3,qwen3.5-27b,routing,s12,W-00019,0,B,0,4,temporal
R3,qwen3.5-27b,routing,s12,W-00020,1,A,0,3,diag
R3,qwen3.5-27b,routing,s12,W-00021,1,A,0,3,whatif
R3,qwen3.5-27b,routing,s12,W-00022,0,C,1,4,contract_gate
R3,qwen3.5-27b,routing,s12,W-00023,1,A,0,5,plan
R3,qwen3.5-27b,routing,s12,W-00024,1,A,0,3,lookup
R3,qwen3.5-27b,routing,s12,W-00025,0,B,0,5,purchase
R3,qwen3.5-27b,routing,s12,W-00026,0,B,0,2,conflict
R3,qwen3.5-27b,routing,s12,W-00027,0,A,0,4,diag
R3,qwen3.5-27b,routing,s12,W-00028,0,C,1,5,alloc
R3,qwen3.5-27b,routing,s12,W-00029,0,A,0,3,capacity
R3,qwen3.5-27b,routing,s12,W-00030,0,B,0,5,temporal
R3,qwen3.5-27b,routing,s12,W-00031,0,A,0,4,plan
R3,qwen3.5-27b,routing,s12,W-00032,1,A,0,4,plan
R3,qwen3.5-27b,routing,s12,W-00033,1,A,0,4,plan
R3,qwen3.5-27b,routing,s12,W-00034,0,C,1,2,sourcing
R3,qwen3.5-27b,routing,s12,W-00035,0,D,0,2,budget
R3,qwen3.5-27b,routing,s12,W-00036,0,C,1,3,capacity
R3,qwen3.5-27b,routing,s12,W-00037,1,B,0,3,lookup
R3,qwen3.5-27b,routing,s12,W-00038,0,D,1,3,sourcing
R3,qwen3.5-27b,routing,s12,W-00039,1,A,0,5,plan
R3,qwen3.5-27b,routing,s12,W-00040,0,D,0,4,renewal
R3,qwen3.5-27b,routing,s12,W-00041,1,B,0,3,lookup
R3,qwen3.5-27b,routing,s12,W-00043,0,D,1,3,sourcing
R3,qwen3.5-27b,routing,s12,W-00044,1,A,0,2,conflict
R3,qwen3.5-27b,routing,s12,W-00045,0,C,1,2,capacity
R3,qwen3.5-27b,routing,s12,W-00046,0,B,0,3,temporal
R3,qwen3.5-27b,routing,s12,W-00047,0,B,0,5,diag
R3,qwen3.5-27b,routing,s12,W-00048,0,C,1,2,sourcing
R3,qwen3.5-27b,routing,s12,W-00049,0,A,0,4,renewal
R3,qwen3.5-27b,routing,s12,W-00050,0,B,0,4,precedence
R3,qwen3.5-27b,routing,s12,W-00051,1,A,0,3,lookup
R3,qwen3.5-27b,routing,s12,W-00052,1,A,0,3,lookup
R3,qwen3.5-27b,routing,s12,W-00054,0,A,0,3,precedence
R3,qwen3.5-27b,routing,s12,W-00055,0,C,1,3,whatif
R3,qwen3.5-27b,routing,s12,W-00056,1,B,0,2,conflict
R3,qwen3.5-27b,routing,s12,W-00057,1,A,0,4,diag
R3,qwen3.5-27b,routing,s12,W-00058,0,D,1,4,sourcing
R3,qwen3.5-27b,routing,s12,W-00059,0,B,0,3,budget
R3,qwen3.5-27b,routing,s12,W-00060,0,A,0,4,diag
R3,qwen3.5-27b,routing,s12,W-00061,0,B,0,4,plan
R3,qwen3.5-27b,routing,s12,W-00062,1,A,0,3,precedence
R3,qwen3.5-27b,routing,s12,W-00064,1,A,0,2,conflict
R3,qwen3.5-27b,routing,s12,W-00065,0,D,0,4,temporal
R3,qwen3.5-27b,routing,s12,W-00066,0,C,1,3,capacity
R3,qwen3.5-27b,routing,s12,W-00067,0,C,1,2,sourcing
R3,qwen3.5-27b,routing,s12,W-00068,1,A,0,2,lookup
R3,qwen3.5-27b,routing,s12,W-00069,1,A,0,3,lookup
R3,qwen3.5-27b,routing,s12,W-00070,1,B,0,4,whatif
R3,qwen3.5-27b,routing,s12,W-00071,0,A,0,5,diag
R3,qwen3.5-27b,routing,s12,W-00072,0,C,1,3,capacity
R3,qwen3.5-27b,routing,s12,W-00073,0,C,1,5,purchase
R3,qwen3.5-27b,routing,s12,W-00074,1,A,0,4,diag
R3,qwen3.5-27b,routing,s12,W-00075,0,B,0,3,contract_gate
R3,qwen3.5-27b,routing,s12,W-00076,0,D,0,4,purchase
R3,qwen3.5-27b,routing,s12,W-00077,1,A,0,2,lookup
R3,qwen3.5-27b,routing,s12,W-00078,0,D,0,5,purchase
R3,qwen3.5-27b,routing,s12,W-00079,1,A,0,2,conflict
R3,qwen3.5-27b,routing,s12,W-00080,0,D,0,3,budget
R3,qwen3.5-27b,routing,s12,W-00081,0,B,0,5,diag
R3,qwen3.5-27b,routing,s12,W-00082,0,C,1,3,contract_gate
R3,qwen3.5-27b,routing,s12,W-00083,0,A,0,5,purchase
R3,qwen3.5-27b,routing,s12,W-00084,1,A,0,2,conflict
R3,qwen3.5-27b,routing,s12,W-00085,1,B,0,3,lookup
R3,qwen3.5-27b,routing,s12,W-00086,0,D,0,5,temporal
R3,qwen3.5-27b,routing,s12,W-00087,1,A,0,4,diag
R3,qwen3.5-27b,routing,s12,W-00088,0,C,1,2,sourcing
R3,qwen3.5-27b,routing,s12,W-00089,1,A,0,3,precedence
R3,qwen3.5-27b,routing,s12,W-00090,0,B,0,4,contract_gate
R3,qwen3.5-27b,routing,s12,W-00091,0,A,0,3,plan
R3,qwen3.5-27b,routing,s12,W-00092,1,A,0,3,plan
R3,qwen3.5-27b,routing,s12,W-00097,0,B,0,4,diag
R3,qwen3.5-27b,routing,s12,W-00098,0,D,0,3,capacity
R3,qwen3.5-27b,routing,s12,W-00099,0,D,0,4,diag
R3,qwen3.5-27b,routing,s12,W-00101,0,C,0,4,precedence
R3,qwen3.5-27b,routing,s12,W-00102,0,A,0,3,diag
R3,qwen3.5-27b,routing,s12,W-00103,0,B,0,2,capacity
R3,qwen3.5-27b,routing,s12,W-00104,1,D,0,5,temporal
R3,qwen3.5-27b,routing,s12,W-00105,1,A,0,3,lookup
R3,qwen3.5-27b,routing,s12,W-00106,0,A,0,4,purchase
R3,qwen3.5-27b,routing,s12,W-00107,0,C,1,5,purchase
R3,qwen3.5-27b,routing,s12,W-00108,1,B,0,3,lookup
R3,qwen3.5-27b,routing,s12,W-00109,0,A,0,2,conflict
R3,qwen3.5-27b,routing,s12,W-00110,1,C,1,4,contract_gate
R3,qwen3.5-27b,routing,s12,W-00111,0,A,0,4,purchase
R3,qwen3.5-27b,routing,s12,W-00112,0,D,1,3,sourcing
R3,qwen3.5-27b,routing,s12,W-00113,0,B,0,2,lookup
R3,qwen3.5-27b,routing,s12,W-00114,0,C,1,4,contract_gate
R3,qwen3.5-27b,routing,s12,W-00115,0,A,0,3,diag
R3,qwen3.5-27b,routing,s12,W-00116,1,A,0,4,precedence
R3,qwen3.5-27b,routing,s12,W-00117,0,C,1,5,alloc
R3,qwen3.5-27b,routing,s12,W-00118,0,D,0,5,whatif
R3,qwen3.5-27b,routing,s12,W-00119,0,B,0,3,conflict
R3,qwen3.5-27b,routing,s12,W-00120,1,A,0,2,lookup
R3,qwen3.5-27b,routing,s12,W-00122,0,A,0,4,plan
R3,qwen3.5-27b,routing,s12,W-00123,0,C,1,3,sourcing
R3,qwen3.5-27b,routing,s12,W-00124,0,B,0,5,diag
R3,qwen3.5-27b,routing,s12,W-00125,0,C,0,3,temporal
R3,qwen3.5-27b,routing,s12,W-00126,0,D,0,4,diag
R3,qwen3.5-27b,routing,s12,W-00127,0,C,1,5,alloc
R3,qwen3.5-27b,routing,s12,W-00128,1,B,0,2,lookup
R3,qwen3.5-27b,routing,s12,W-00129,0,A,0,4,plan
R3,qwen3.5-27b,routing,s12,W-00130,0,A,0,3,precedence
R3,qwen3.5-27b,routing,s12,W-00131,0,A,0,4,plan
R3,qwen3.5-27b,routing,s12,W-00132,0,C,1,5,alloc
R3,qwen3.5-27b,routing,s12,W-00133,1,B,0,2,lookup
R3,qwen3.5-27b,routing,s12,W-00135,0,D,0,3,capacity
R3,qwen3.5-27b,routing,s12,W-00136,1,A,0,4,plan
R3,qwen3.5-27b,routing,s12,W-00137,0,C,1,3,sourcing
R3,qwen3.5-27b,routing,s12,W-00138,0,D,0,5,whatif
R3,qwen3.5-27b,routing,s12,W-00140,1,A,0,2,lookup
R3,qwen3.5-27b,routing,s12,W-00141,0,C,1,4,whatif
R3,qwen3.5-27b,routing,s12,W-00142,1,A,0,4,precedence
R3,qwen3.5-27b,routing,s12,W-00143,1,B,0,5,purchase
R3,qwen3.5-27b,routing,s12,W-00144,1,A,0,3,lookup
R3,qwen3.5-27b,routing,s12,W-00145,0,D,0,2,conflict
R3,qwen3.5-27b,routing,s12,W-00146,1,C,1,4,contract_gate
R3,qwen3.5-27b,routing,s12,W-00147,0,A,0,3,precedence
R3,qwen3.5-27b,routing,s12,W-00148,0,B,0,4,purchase
R3,qwen3.5-27b,routing,s12,W-00149,0,A,0,3,precedence
R3,qwen3.5-27b,routing,s12,W-00150,0,D,0,5,temporal
R3,qwen3.5-27b,routing,s13,W-00001,0,D,1,5,alloc
R3,qwen3.5-27b,routing,s13,W-00002,0,C,1,2,budget
R3,qwen3.5-27b,routing,s13,W-00003,1,C,1,3,contract_gate
R3,qwen3.5-27b,routing,s13,W-00005,1,B,0,3,budget
R3,qwen3.5-27b,routing,s13,W-00006,1,A,0,2,conflict
R3,qwen3.5-27b,routing,s13,W-00007,1,A,0,4,diag
R3,qwen3.5-27b,routing,s13,W-00008,1,A,0,4,precedence
R3,qwen3.5-27b,routing,s13,W-00009,0,C,1,2,sourcing
R3,qwen3.5-27b,routing,s13,W-00010,1,B,0,4,contract_gate
R3,qwen3.5-27b,routing,s13,W-00011,0,A,0,4,diag
R3,qwen3.5-27b,routing,s13,W-00012,1,A,0,3,diag
R3,qwen3.5-27b,routing,s13,W-00013,0,B,0,4,temporal
R3,qwen3.5-27b,routing,s13,W-00014,0,C,1,3,sourcing
R3,qwen3.5-27b,routing,s13,W-00015,1,A,0,2,lookup
R3,qwen3.5-27b,routing,s13,W-00016,0,D,0,3,temporal
R3,qwen3.5-27b,routing,s13,W-00017,1,A,0,5,plan
R3,qwen3.5-27b,routing,s13,W-00018,0,C,1,2,budget
R3,qwen3.5-27b,routing,s13,W-00019,1,A,0,3,precedence
R3,qwen3.5-27b,routing,s13,W-00020,0,B,0,4,alloc
R3,qwen3.5-27b,routing,s13,W-00021,1,A,0,4,plan
R3,qwen3.5-27b,routing,s13,W-00022,0,A,0,4,whatif
R3,qwen3.5-27b,routing,s13,W-00024,0,B,0,2,budget
R3,qwen3.5-27b,routing,s13,W-00025,1,A,0,3,lookup
R3,qwen3.5-27b,routing,s13,W-00026,0,D,0,3,budget
R3,qwen3.5-27b,routing,s13,W-00027,0,C,1,5,alloc
R3,qwen3.5-27b,routing,s13,W-00028,0,A,0,5,plan
R3,qwen3.5-27b,routing,s13,W-00029,1,A,0,2,conflict
R3,qwen3.5-27b,routing,s13,W-00030,0,B,0,4,contract_gate
R3,qwen3.5-27b,routing,s13,W-00031,0,B,0,5,vendor
R3,qwen3.5-27b,routing,s13,W-00032,0,A,0,4,plan
R3,qwen3.5-27b,routing,s13,W-00033,0,B,0,3,vendor
R3,qwen3.5-27b,routing,s13,W-00034,0,C,1,2,budget
R3,qwen3.5-27b,routing,s13,W-00035,1,A,0,3,lookup
R3,qwen3.5-27b,routing,s13,W-00036,0,C,1,3,capacity
R3,qwen3.5-27b,routing,s13,W-00037,1,A,0,4,diag
R3,qwen3.5-27b,routing,s13,W-00038,0,D,0,3,contract_gate
R3,qwen3.5-27b,routing,s13,W-00039,0,A,0,4,diag
R3,qwen3.5-27b,routing,s13,W-00040,0,C,1,2,budget
R3,qwen3.5-27b,routing,s13,W-00041,0,D,0,5,purchase
R3,qwen3.5-27b,routing,s13,W-00042,1,A,0,4,renewal
R3,qwen3.5-27b,routing,s13,W-00043,1,B,0,2,sourcing
R3,qwen3.5-27b,routing,s13,W-00044,1,A,0,3,lookup
R3,qwen3.5-27b,routing,s13,W-00047,1,A,0,5,renewal
R3,qwen3.5-27b,routing,s13,W-00048,1,B,0,2,conflict
R3,qwen3.5-27b,routing,s13,W-00049,0,C,1,3,capacity
R3,qwen3.5-27b,routing,s13,W-00050,0,A,0,4,whatif
R3,qwen3.5-27b,routing,s13,W-00051,0,A,0,4,diag
R3,qwen3.5-27b,routing,s13,W-00052,0,D,0,5,purchase
R3,qwen3.5-27b,routing,s13,W-00053,0,B,0,4,precedence
R3,qwen3.5-27b,routing,s13,W-00054,0,A,0,3,diag
R3,qwen3.5-27b,routing,s13,W-00055,0,C,0,5,alloc
R3,qwen3.5-27b,routing,s13,W-00056,0,C,1,2,capacity
R3,qwen3.5-27b,routing,s13,W-00057,1,A,0,3,lookup
R3,qwen3.5-27b,routing,s13,W-00058,0,B,0,4,contract_gate
R3,qwen3.5-27b,routing,s13,W-00059,1,A,0,3,precedence
R3,qwen3.5-27b,routing,s13,W-00060,0,C,1,2,budget
R3,qwen3.5-27b,routing,s13,W-00061,0,A,0,2,conflict
R3,qwen3.5-27b,routing,s13,W-00062,0,C,1,3,vendor
R3,qwen3.5-27b,routing,s13,W-00063,1,B,0,4,plan
R3,qwen3.5-27b,routing,s13,W-00064,1,A,0,5,temporal
R3,qwen3.5-27b,routing,s13,W-00065,0,D,0,3,capacity
R3,qwen3.5-27b,routing,s13,W-00066,0,C,0,5,alloc
R3,qwen3.5-27b,routing,s13,W-00067,1,A,0,2,lookup
R3,qwen3.5-27b,routing,s13,W-00068,1,B,0,3,lookup
R3,qwen3.5-27b,routing,s13,W-00069,0,A,0,4,diag
R3,qwen3.5-27b,routing,s13,W-00070,0,D,0,4,contract_gate
R3,qwen3.5-27b,routing,s13,W-00071,0,C,1,4,purchase
R3,qwen3.5-27b,routing,s13,W-00072,1,A,0,3,lookup
R3,qwen3.5-27b,routing,s13,W-00073,0,B,0,4,vendor
R3,qwen3.5-27b,routing,s13,W-00074,1,A,0,2,conflict
R3,qwen3.5-27b,routing,s13,W-00075,1,D,0,4,precedence
R3,qwen3.5-27b,routing,s13,W-00077,0,C,1,3,capacity
R3,qwen3.5-27b,routing,s13,W-00078,1,B,0,5,whatif
R3,qwen3.5-27b,routing,s13,W-00079,1,A,0,3,lookup
R3,qwen3.5-27b,routing,s13,W-00080,0,C,1,4,contract_gate
R3,qwen3.5-27b,routing,s13,W-00081,1,A,0,5,diag
R3,qwen3.5-27b,routing,s13,W-00082,0,C,0,3,capacity
R3,qwen3.5-27b,routing,s13,W-00084,0,A,0,2,conflict
R3,qwen3.5-27b,routing,s13,W-00085,0,C,1,3,contract_gate
R3,qwen3.5-27b,routing,s13,W-00086,0,D,0,4,purchase
R3,qwen3.5-27b,routing,s13,W-00087,1,A,0,2,conflict
R3,qwen3.5-27b,routing,s13,W-00088,0,B,0,3,contract_gate
R3,qwen3.5-27b,routing,s13,W-00089,1,C,1,4,contract_gate
R3,qwen3.5-27b,routing,s13,W-00090,1,A,0,5,purchase
R3,qwen3.5-27b,routing,s13,W-00091,0,B,0,4,vendor
R3,qwen3.5-27b,routing,s13,W-00092,1,A,0,3,precedence
R3,qwen3.5-27b,routing,s13,W-00093,0,D,0,2,capacity
R3,qwen3.5-27b,routing,s13,W-00094,0,C,1,3,budget
R3,qwen3.5-27b,routing,s13,W-00095,1,A,0,4,diag
R3,qwen3.5-27b,routing,s13,W-00096,1,A,0,5,plan
R3,qwen3.5-27b,routing,s13,W-00097,1,B,0,3,lookup
R3,qwen3.5-27b,routing,s13,W-00098,0,C,1,2,capacity
R3,qwen3.5-27b,routing,s13,W-00099,0,A,0,4,vendor
R3,qwen3.5-27b,routing,s13,W-00100,1,A,0,5,purchase
R3,qwen3.5-27b,routing,s13,W-00101,0,D,0,3,capacity
R3,qwen3.5-27b,routing,s13,W-00102,1,B,0,2,lookup
R3,qwen3.5-27b,routing,s13,W-00103,0,C,1,4,purchase
R3,qwen3.5-27b,routing,s13,W-00104,0,A,0,5,plan
R3,qwen3.5-27b,routing,s13,W-00105,0,D,0,3,sourcing
R3,qwen3.5-27b,routing,s13,W-00106,0,B,0,2,conflict
R3,qwen3.5-27b,routing,s13,W-00107,1,A,0,3,plan
R3,qwen3.5-27b,routing,s13,W-00108,0,C,1,5,purchase
R3,qwen3.5-27b,routing,s13,W-00109,0,D,0,4,contract_gate
R3,qwen3.5-27b,routing,s13,W-00110,1,A,0,4,plan
R3,qwen3.5-27b,routing,s13,W-00111,1,A,0,3,lookup
R3,qwen3.5-27b,routing,s13,W-00112,0,C,1,4,whatif
R3,qwen3.5-27b,routing,s13,W-00113,0,B,0,2,capacity
R3,qwen3.5-27b,routing,s13,W-00114,1,A,0,3,lookup
R3,qwen3.5-27b,routing,s13,W-00115,0,D,0,4,sourcing
R3,qwen3.5-27b,routing,s13,W-00116,0,C,1,5,purchase
R3,qwen3.5-27b,routing,s13,W-00117,1,A,0,5,diag
R3,qwen3.5-27b,routing,s13,W-00118,1,B,0,2,lookup
R3,qwen3.5-27b,routing,s13,W-00119,0,A,0,3,plan
R3,qwen3.5-27b,routing,s13,W-00120,0,C,1,5,alloc
R3,qwen3.5-27b,routing,s13,W-00121,0,A,0,2,conflict
R3,qwen3.5-27b,routing,s13,W-00122,0,D,0,4,contract_gate
R3,qwen3.5-27b,routing,s13,W-00123,1,B,0,3,lookup
R3,qwen3.5-27b,routing,s13,W-00124,1,A,0,4,plan
R3,qwen3.5-27b,routing,s13,W-00125,0,C,1,3,contract_gate
R3,qwen3.5-27b,routing,s13,W-00126,0,A,0,4,plan
R3,qwen3.5-27b,routing,s13,W-00127,0,C,1,5,alloc
R3,qwen3.5-27b,routing,s13,W-00128,0,D,0,2,budget
R3,qwen3.5-27b,routing,s13,W-00129,1,A,0,3,lookup
R3,qwen3.5-27b,routing,s13,W-00130,0,B,0,4,contract_gate
R3,qwen3.5-27b,routing,s13,W-00131,0,A,0,5,diag
R3,qwen3.5-27b,routing,s13,W-00132,0,D,0,3,sourcing
R3,qwen3.5-27b,routing,s13,W-00133,0,B,0,2,lookup
R3,qwen3.5-27b,routing,s13,W-00134,0,C,1,4,whatif
R3,qwen3.5-27b,routing,s13,W-00135,1,A,0,4,plan
R3,qwen3.5-27b,routing,s13,W-00136,0,C,0,2,vendor
R3,qwen3.5-27b,routing,s13,W-00137,1,A,0,3,precedence
R3,qwen3.5-27b,routing,s13,W-00138,0,C,1,3,capacity
R3,qwen3.5-27b,routing,s13,W-00139,1,A,0,4,temporal
R3,qwen3.5-27b,routing,s13,W-00140,0,B,0,5,purchase
R3,qwen3.5-27b,routing,s13,W-00141,1,A,0,5,diag
R3,qwen3.5-27b,routing,s13,W-00142,1,D,0,4,precedence
R3,qwen3.5-27b,routing,s13,W-00143,0,C,1,2,capacity
R3,qwen3.5-27b,routing,s13,W-00144,1,A,0,3,lookup
R3,qwen3.5-27b,routing,s13,W-00145,0,B,0,3,lookup
R3,qwen3.5-27b,routing,s13,W-00146,0,D,0,4,contract_gate
R3,qwen3.5-27b,routing,s13,W-00147,0,D,1,5,alloc
R3,qwen3.5-27b,routing,s13,W-00148,0,B,0,2,conflict
R3,qwen3.5-27b,routing,s13,W-00149,0,D,0,3,capacity
R3,qwen3.5-27b,routing,s13,W-00150,1,A,0,5,temporal
R3,qwen3.5-27b,routing,s14,W-00001,0,C,1,4,vendor
R3,qwen3.5-27b,routing,s14,W-00002,0,C,1,3,capacity
R3,qwen3.5-27b,routing,s14,W-00003,0,A,0,2,temporal
R3,qwen3.5-27b,routing,s14,W-00004,1,A,0,2,temporal
R3,qwen3.5-27b,routing,s14,W-00005,0,C,1,5,purchase
R3,qwen3.5-27b,routing,s14,W-00006,1,A,0,3,precedence
R3,qwen3.5-27b,routing,s14,W-00007,1,A,0,3,precedence
R3,qwen3.5-27b,routing,s14,W-00008,1,B,0,2,conflict
R3,qwen3.5-27b,routing,s14,W-00009,0,D,1,4,sourcing
R3,qwen3.5-27b,routing,s14,W-00010,0,B,0,4,precedence
R3,qwen3.5-27b,routing,s14,W-00011,1,A,0,4,diag
R3,qwen3.5-27b,routing,s14,W-00012,1,A,0,5,renewal
R3,qwen3.5-27b,routing,s14,W-00013,0,D,0,2,sourcing
R3,qwen3.5-27b,routing,s14,W-00014,0,C,1,4,temporal
R3,qwen3.5-27b,routing,s14,W-00015,1,A,0,3,lookup
R3,qwen3.5-27b,routing,s14,W-00016,1,B,0,4,plan
R3,qwen3.5-27b,routing,s14,W-00017,0,D,0,3,capacity
R3,qwen3.5-27b,routing,s14,W-00018,0,C,1,5,alloc
R3,qwen3.5-27b,routing,s14,W-00019,0,B,0,5,plan
R3,qwen3.5-27b,routing,s14,W-00020,0,C,1,3,capacity
R3,qwen3.5-27b,routing,s14,W-00021,1,A,0,4,diag
R3,qwen3.5-27b,routing,s14,W-00022,1,A,0,4,plan
R3,qwen3.5-27b,routing,s14,W-00023,1,A,0,3,lookup
R3,qwen3.5-27b,routing,s14,W-00024,0,A,0,3,purchase
R3,qwen3.5-27b,routing,s14,W-00025,0,C,1,5,purchase
R3,qwen3.5-27b,routing,s14,W-00026,1,B,0,4,precedence
R3,qwen3.5-27b,routing,s14,W-00027,0,A,0,5,plan
R3,qwen3.5-27b,routing,s14,W-00028,0,B,0,3,lookup
R3,qwen3.5-27b,routing,s14,W-00029,1,A,0,4,plan
R3,qwen3.5-27b,routing,s14,W-00030,1,D,0,3,budget
R3,qwen3.5-27b,routing,s14,W-00031,1,A,0,3,plan
R3,qwen3.5-27b,routing,s14,W-00032,1,A,0,3,plan
R3,qwen3.5-27b,routing,s14,W-00033,1,D,0,5,vendor
R3,qwen3.5-27b,routing,s14,W-00034,0,C,1,5,alloc
R3,qwen3.5-27b,routing,s14,W-00035,1,B,0,2,budget
R3,qwen3.5-27b,routing,s14,W-00036,0,C,1,4,contract_gate
R3,qwen3.5-27b,routing,s14,W-00037,1,A,0,2,conflict
R3,qwen3.5-27b,routing,s14,W-00038,0,B,0,2,temporal
R3,qwen3.5-27b,routing,s14,W-00039,1,A,0,2,conflict
R3,qwen3.5-27b,routing,s14,W-00040,1,B,0,4,sourcing
R3,qwen3.5-27b,routing,s14,W-00041,0,C,1,3,capacity
R3,qwen3.5-27b,routing,s14,W-00042,1,A,0,3,lookup
R3,qwen3.5-27b,routing,s14,W-00043,0,D,1,5,purchase
R3,qwen3.5-27b,routing,s14,W-00044,1,A,0,4,precedence
R3,qwen3.5-27b,routing,s14,W-00045,0,C,1,2,budget
R3,qwen3.5-27b,routing,s14,W-00046,0,A,0,2,conflict
R3,qwen3.5-27b,routing,s14,W-00047,1,D,0,4,whatif
R3,qwen3.5-27b,routing,s14,W-00048,0,B,0,5,purchase
R3,qwen3.5-27b,routing,s14,W-00049,1,A,0,2,budget
R3,qwen3.5-27b,routing,s14,W-00050,0,B,0,3,budget
R3,qwen3.5-27b,routing,s14,W-00051,0,D,0,4,purchase
R3,qwen3.5-27b,routing,s14,W-00052,1,A,0,3,lookup
R3,qwen3.5-27b,routing,s14,W-00053,0,C,1,4,alloc
R3,qwen3.5-27b,routing,s14,W-00054,0,C,1,4,contract_gate
R3,qwen3.5-27b,routing,s14,W-00055,1,A,0,2,conflict
R3,qwen3.5-27b,routing,s14,W-00056,0,B,0,3,lookup
R3,qwen3.5-27b,routing,s14,W-00057,0,D,0,3,capacity
R3,qwen3.5-27b,routing,s14,W-00058,0,B,0,4,contract_gate
R3,qwen3.5-27b,routing,s14,W-00059,0,D,0,4,vendor
R3,qwen3.5-27b,routing,s14,W-00060,0,C,0,2,budget
R3,qwen3.5-27b,routing,s14,W-00061,0,A,0,4,plan
R3,qwen3.5-27b,routing,s14,W-00062,0,B,0,2,lookup
R3,qwen3.5-27b,routing,s14,W-00063,0,A,0,4,vendor
R3,qwen3.5-27b,routing,s14,W-00064,0,A,0,3,vendor
R3,qwen3.5-27b,routing,s14,W-00065,1,C,1,3,contract_gate
R3,qwen3.5-27b,routing,s14,W-00066,0,A,0,3,diag
R3,qwen3.5-27b,routing,s14,W-00067,0,C,1,2,budget
R3,qwen3.5-27b,routing,s14,W-00068,0,B,0,5,plan
R3,qwen3.5-27b,routing,s14,W-00069,0,A,0,3,capacity
R3,qwen3.5-27b,routing,s14,W-00070,0,A,0,4,plan
R3,qwen3.5-27b,routing,s14,W-00071,0,A,0,5,diag
R3,qwen3.5-27b,routing,s14,W-00072,0,D,1,3,sourcing
R3,qwen3.5-27b,routing,s14,W-00073,0,B,0,4,precedence
R3,qwen3.5-27b,routing,s14,W-00074,1,A,0,2,conflict
R3,qwen3.5-27b,routing,s14,W-00076,0,C,0,3,capacity
R3,qwen3.5-27b,routing,s14,W-00077,1,A,0,2,lookup
R3,qwen3.5-27b,routing,s14,W-00078,1,B,0,4,precedence
R3,qwen3.5-27b,routing,s14,W-00079,1,A,0,4,precedence
R3,qwen3.5-27b,routing,s14,W-00080,0,C,1,3,capacity
R3,qwen3.5-27b,routing,s14,W-00081,1,D,0,5,whatif
R3,qwen3.5-27b,routing,s14,W-00082,1,A,0,3,lookup
R3,qwen3.5-27b,routing,s14,W-00084,1,B,0,2,conflict
R3,qwen3.5-27b,routing,s14,W-00085,0,A,0,3,lookup
R3,qwen3.5-27b,routing,s14,W-00086,0,D,0,4,whatif
R3,qwen3.5-27b,routing,s14,W-00087,0,A,0,4,contract_gate
R3,qwen3.5-27b,routing,s14,W-00088,0,D,0,2,sourcing
R3,qwen3.5-27b,routing,s14,W-00089,0,C,1,4,temporal
R3,qwen3.5-27b,routing,s14,W-00090,1,A,0,3,lookup
R3,qwen3.5-27b,routing,s14,W-00092,1,A,0,4,diag
R3,qwen3.5-27b,routing,s14,W-00093,0,D,0,3,capacity
R3,qwen3.5-27b,routing,s14,W-00094,0,C,1,2,capacity
R3,qwen3.5-27b,routing,s14,W-00095,1,A,0,3,whatif
R3,qwen3.5-27b,routing,s14,W-00096,0,C,0,4,contract_gate
R3,qwen3.5-27b,routing,s14,W-00097,0,D,0,5,purchase
R3,qwen3.5-27b,routing,s14,W-00098,0,C,1,2,whatif
R3,qwen3.5-27b,routing,s14,W-00099,0,B,0,3,lookup
R3,qwen3.5-27b,routing,s14,W-00100,1,A,0,4,plan
R3,qwen3.5-27b,routing,s14,W-00101,1,B,0,5,plan
R3,qwen3.5-27b,routing,s14,W-00102,0,A,0,5,temporal
R3,qwen3.5-27b,routing,s14,W-00104,1,A,0,2,conflict
R3,qwen3.5-27b,routing,s14,W-00105,1,B,0,3,lookup
R3,qwen3.5-27b,routing,s14,W-00106,0,A,0,4,plan
R3,qwen3.5-27b,routing,s14,W-00107,0,C,1,3,capacity
R3,qwen3.5-27b,routing,s14,W-00108,0,B,0,2,sourcing
R3,qwen3.5-27b,routing,s14,W-00109,0,D,0,3,capacity
R3,qwen3.5-27b,routing,s14,W-00110,0,D,0,5,temporal
R3,qwen3.5-27b,routing,s14,W-00111,1,A,0,4,renewal
R3,qwen3.5-27b,routing,s14,W-00113,1,A,0,2,lookup
R3,qwen3.5-27b,routing,s14,W-00114,1,A,0,3,diag
R3,qwen3.5-27b,routing,s14,W-00115,1,A,0,3,lookup
R3,qwen3.5-27b,routing,s14,W-00116,0,C,1,4,contract_gate
R3,qwen3.5-27b,routing,s14,W-00117,0,A,0,4,diag
R3,qwen3.5-27b,routing,s14,W-00118,0,D,0,2,sourcing
R3,qwen3.5-27b,routing,s14,W-00119,0,B,0,3,budget
R3,qwen3.5-27b,routing,s14,W-00120,0,A,0,5,plan
R3,qwen3.5-27b,routing,s14,W-00121,0,A,0,4,plan
R3,qwen3.5-27b,routing,s14,W-00122,0,C,1,4,vendor
R3,qwen3.5-27b,routing,s14,W-00123,1,B,0,3,lookup
R3,qwen3.5-27b,routing,s14,W-00124,1,B,0,2,conflict
R3,qwen3.5-27b,routing,s14,W-00125,1,C,1,3,contract_gate
R3,qwen3.5-27b,routing,s14,W-00126,0,A,0,5,diag
R3,qwen3.5-27b,routing,s14,W-00127,0,A,0,4,diag
R3,qwen3.5-27b,routing,s14,W-00129,0,C,1,3,capacity
R3,qwen3.5-27b,routing,s14,W-00130,0,A,0,4,temporal
R3,qwen3.5-27b,routing,s14,W-00131,1,D,0,2,budget
R3,qwen3.5-27b,routing,s14,W-00132,1,A,0,3,lookup
R3,qwen3.5-27b,routing,s14,W-00133,0,C,1,5,alloc
R3,qwen3.5-27b,routing,s14,W-00134,0,A,0,2,budget
R3,qwen3.5-27b,routing,s14,W-00135,0,B,0,3,precedence
R3,qwen3.5-27b,routing,s14,W-00136,0,B,0,2,lookup
R3,qwen3.5-27b,routing,s14,W-00137,0,A,0,3,plan
R3,qwen3.5-27b,routing,s14,W-00138,1,B,0,4,plan
R3,qwen3.5-27b,routing,s14,W-00139,0,C,1,4,purchase
R3,qwen3.5-27b,routing,s14,W-00140,0,A,0,4,purchase
R3,qwen3.5-27b,routing,s14,W-00141,0,D,0,5,purchase
R3,qwen3.5-27b,routing,s14,W-00142,1,A,0,3,lookup
R3,qwen3.5-27b,routing,s14,W-00143,0,C,1,2,budget
R3,qwen3.5-27b,routing,s14,W-00144,0,D,0,5,purchase
R3,qwen3.5-27b,routing,s14,W-00145,1,A,0,3,precedence
R3,qwen3.5-27b,routing,s14,W-00146,1,C,1,4,contract_gate
R3,qwen3.5-27b,routing,s14,W-00147,1,A,0,5,diag
R3,qwen3.5-27b,routing,s14,W-00148,0,D,0,5,purchase
R3,qwen3.5-27b,routing,s14,W-00149,0,B,0,3,capacity
R3,qwen3.5-27b,routing,s14,W-00150,0,A,0,4,precedence
R3,qwen3.5-27b,ingress,s12,W-00001,1,C,1,3,capacity
R3,qwen3.5-27b,ingress,s12,W-00002,1,C,1,2,budget
R3,qwen3.5-27b,ingress,s12,W-00003,1,A,0,3,lookup
R3,qwen3.5-27b,ingress,s12,W-00004,1,A,0,4,temporal
R3,qwen3.5-27b,ingress,s12,W-00005,1,D,1,3,budget
R3,qwen3.5-27b,ingress,s12,W-00006,1,A,0,5,renewal
R3,qwen3.5-27b,ingress,s12,W-00007,0,A,0,4,plan
R3,qwen3.5-27b,ingress,s12,W-00008,0,C,0,2,alloc
R3,qwen3.5-27b,ingress,s12,W-00009,1,D,1,3,vendor
R3,qwen3.5-27b,ingress,s12,W-00010,0,B,0,5,alloc
R3,qwen3.5-27b,ingress,s12,W-00011,0,C,0,4,precedence
R3,qwen3.5-27b,ingress,s12,W-00012,1,A,0,4,diag
R3,qwen3.5-27b,ingress,s12,W-00013,0,A,0,4,plan
R3,qwen3.5-27b,ingress,s12,W-00014,1,C,1,2,budget
R3,qwen3.5-27b,ingress,s12,W-00015,0,B,0,2,conflict
R3,qwen3.5-27b,ingress,s12,W-00016,0,C,1,2,vendor
R3,qwen3.5-27b,ingress,s12,W-00017,1,A,0,4,plan
R3,qwen3.5-27b,ingress,s12,W-00018,0,D,1,5,vendor
R3,qwen3.5-27b,ingress,s12,W-00019,0,B,0,4,temporal
R3,qwen3.5-27b,ingress,s12,W-00020,1,A,0,3,diag
R3,qwen3.5-27b,ingress,s12,W-00021,0,A,0,3,whatif
R3,qwen3.5-27b,ingress,s12,W-00022,0,C,1,4,contract_gate
R3,qwen3.5-27b,ingress,s12,W-00023,1,A,0,5,plan
R3,qwen3.5-27b,ingress,s12,W-00024,1,A,0,3,lookup
R3,qwen3.5-27b,ingress,s12,W-00025,1,B,0,5,purchase
R3,qwen3.5-27b,ingress,s12,W-00026,0,B,0,2,conflict
R3,qwen3.5-27b,ingress,s12,W-00027,0,A,0,4,diag
R3,qwen3.5-27b,ingress,s12,W-00028,0,C,1,5,alloc
R3,qwen3.5-27b,ingress,s12,W-00029,0,A,0,3,capacity
R3,qwen3.5-27b,ingress,s12,W-00030,1,B,0,5,temporal
R3,qwen3.5-27b,ingress,s12,W-00031,0,A,0,4,plan
R3,qwen3.5-27b,ingress,s12,W-00032,0,A,0,4,plan
R3,qwen3.5-27b,ingress,s12,W-00033,0,A,0,4,plan
R3,qwen3.5-27b,ingress,s12,W-00034,0,C,1,2,sourcing
R3,qwen3.5-27b,ingress,s12,W-00035,1,D,0,2,budget
R3,qwen3.5-27b,ingress,s12,W-00036,1,C,1,3,capacity
R3,qwen3.5-27b,ingress,s12,W-00037,1,B,0,3,lookup
R3,qwen3.5-27b,ingress,s12,W-00038,0,D,1,3,sourcing
R3,qwen3.5-27b,ingress,s12,W-00039,1,A,0,5,plan
R3,qwen3.5-27b,ingress,s12,W-00040,0,D,0,4,renewal
R3,qwen3.5-27b,ingress,s12,W-00041,1,B,0,3,lookup
R3,qwen3.5-27b,ingress,s12,W-00043,0,D,1,3,sourcing
R3,qwen3.5-27b,ingress,s12,W-00044,1,A,0,2,conflict
R3,qwen3.5-27b,ingress,s12,W-00045,0,C,1,2,capacity
R3,qwen3.5-27b,ingress,s12,W-00046,0,B,0,3,temporal
R3,qwen3.5-27b,ingress,s12,W-00047,1,B,0,5,diag
R3,qwen3.5-27b,ingress,s12,W-00048,0,C,1,2,sourcing
R3,qwen3.5-27b,ingress,s12,W-00049,1,A,0,4,renewal
R3,qwen3.5-27b,ingress,s12,W-00050,1,B,0,4,precedence
R3,qwen3.5-27b,ingress,s12,W-00051,1,A,0,3,lookup
R3,qwen3.5-27b,ingress,s12,W-00052,1,A,0,3,lookup
R3,qwen3.5-27b,ingress,s12,W-00054,1,A,0,3,precedence
R3,qwen3.5-27b,ingress,s12,W-00055,0,C,1,3,whatif
R3,qwen3.5-27b,ingress,s12,W-00056,0,B,0,2,conflict
R3,qwen3.5-27b,ingress,s12,W-00057,0,A,0,4,diag
R3,qwen3.5-27b,ingress,s12,W-00058,0,D,1,4,sourcing
R3,qwen3.5-27b,ingress,s12,W-00059,0,B,0,3,budget
R3,qwen3.5-27b,ingress,s12,W-00060,0,A,0,4,diag
R3,qwen3.5-27b,ingress,s12,W-00061,0,B,0,4,plan
R3,qwen3.5-27b,ingress,s12,W-00062,0,A,0,3,precedence
R3,qwen3.5-27b,ingress,s12,W-00064,1,A,0,2,conflict
R3,qwen3.5-27b,ingress,s12,W-00065,0,D,0,4,temporal
R3,qwen3.5-27b,ingress,s12,W-00066,0,C,1,3,capacity
R3,qwen3.5-27b,ingress,s12,W-00067,0,C,1,2,sourcing
R3,qwen3.5-27b,ingress,s12,W-00068,1,A,0,2,lookup
R3,qwen3.5-27b,ingress,s12,W-00069,1,A,0,3,lookup
R3,qwen3.5-27b,ingress,s12,W-00070,1,B,0,4,whatif
R3,qwen3.5-27b,ingress,s12,W-00071,0,A,0,5,diag
R3,qwen3.5-27b,ingress,s12,W-00072,0,C,1,3,capacity
R3,qwen3.5-27b,ingress,s12,W-00073,0,C,1,5,purchase
R3,qwen3.5-27b,ingress,s12,W-00074,1,A,0,4,diag
R3,qwen3.5-27b,ingress,s12,W-00075,1,B,0,3,contract_gate
R3,qwen3.5-27b,ingress,s12,W-00076,0,D,0,4,purchase
R3,qwen3.5-27b,ingress,s12,W-00077,1,A,0,2,lookup
R3,qwen3.5-27b,ingress,s12,W-00078,0,D,0,5,purchase
R3,qwen3.5-27b,ingress,s12,W-00079,1,A,0,2,conflict
R3,qwen3.5-27b,ingress,s12,W-00080,0,D,0,3,budget
R3,qwen3.5-27b,ingress,s12,W-00081,1,B,0,5,diag
R3,qwen3.5-27b,ingress,s12,W-00082,1,C,1,3,contract_gate
R3,qwen3.5-27b,ingress,s12,W-00083,0,A,0,5,purchase
R3,qwen3.5-27b,ingress,s12,W-00084,1,A,0,2,conflict
R3,qwen3.5-27b,ingress,s12,W-00085,1,B,0,3,lookup
R3,qwen3.5-27b,ingress,s12,W-00086,0,D,0,5,temporal
R3,qwen3.5-27b,ingress,s12,W-00087,1,A,0,4,diag
R3,qwen3.5-27b,ingress,s12,W-00088,0,C,1,2,sourcing
R3,qwen3.5-27b,ingress,s12,W-00089,1,A,0,3,precedence
R3,qwen3.5-27b,ingress,s12,W-00090,1,B,0,4,contract_gate
R3,qwen3.5-27b,ingress,s12,W-00091,0,A,0,3,plan
R3,qwen3.5-27b,ingress,s12,W-00092,1,A,0,3,plan
R3,qwen3.5-27b,ingress,s12,W-00097,1,B,0,4,diag
R3,qwen3.5-27b,ingress,s12,W-00098,0,D,0,3,capacity
R3,qwen3.5-27b,ingress,s12,W-00099,1,D,0,4,diag
R3,qwen3.5-27b,ingress,s12,W-00101,0,C,0,4,precedence
R3,qwen3.5-27b,ingress,s12,W-00102,0,A,0,3,diag
R3,qwen3.5-27b,ingress,s12,W-00103,1,B,0,2,capacity
R3,qwen3.5-27b,ingress,s12,W-00104,0,D,0,5,temporal
R3,qwen3.5-27b,ingress,s12,W-00105,1,A,0,3,lookup
R3,qwen3.5-27b,ingress,s12,W-00106,0,A,0,4,purchase
R3,qwen3.5-27b,ingress,s12,W-00107,1,C,1,5,purchase
R3,qwen3.5-27b,ingress,s12,W-00108,1,B,0,3,lookup
R3,qwen3.5-27b,ingress,s12,W-00109,1,A,0,2,conflict
R3,qwen3.5-27b,ingress,s12,W-00110,1,C,1,4,contract_gate
R3,qwen3.5-27b,ingress,s12,W-00111,0,A,0,4,purchase
R3,qwen3.5-27b,ingress,s12,W-00112,0,D,1,3,sourcing
R3,qwen3.5-27b,ingress,s12,W-00113,1,B,0,2,lookup
R3,qwen3.5-27b,ingress,s12,W-00114,1,C,1,4,contract_gate
R3,qwen3.5-27b,ingress,s12,W-00115,0,A,0,3,diag
R3,qwen3.5-27b,ingress,s12,W-00116,1,A,0,4,precedence
R3,qwen3.5-27b,ingress,s12,W-00117,0,C,1,5,alloc
R3,qwen3.5-27b,ingress,s12,W-00118,0,D,0,5,whatif
R3,qwen3.5-27b,ingress,s12,W-00119,1,B,0,3,conflict
R3,qwen3.5-27b,ingress,s12,W-00120,1,A,0,2,lookup
R3,qwen3.5-27b,ingress,s12,W-00122,0,A,0,4,plan
R3,qwen3.5-27b,ingress,s12,W-00123,0,C,1,3,sourcing
R3,qwen3.5-27b,ingress,s12,W-00124,1,B,0,5,diag
R3,qwen3.5-27b,ingress,s12,W-00125,0,C,0,3,temporal
R3,qwen3.5-27b,ingress,s12,W-00126,1,D,0,4,diag
R3,qwen3.5-27b,ingress,s12,W-00127,0,C,1,5,alloc
R3,qwen3.5-27b,ingress,s12,W-00128,1,B,0,2,lookup
R3,qwen3.5-27b,ingress,s12,W-00129,0,A,0,4,plan
R3,qwen3.5-27b,ingress,s12,W-00130,0,A,0,3,precedence
R3,qwen3.5-27b,ingress,s12,W-00131,1,A,0,4,plan
R3,qwen3.5-27b,ingress,s12,W-00132,0,C,1,5,alloc
R3,qwen3.5-27b,ingress,s12,W-00133,0,B,0,2,lookup
R3,qwen3.5-27b,ingress,s12,W-00135,0,D,0,3,capacity
R3,qwen3.5-27b,ingress,s12,W-00136,1,A,0,4,plan
R3,qwen3.5-27b,ingress,s12,W-00137,0,C,1,3,sourcing
R3,qwen3.5-27b,ingress,s12,W-00138,0,D,0,5,whatif
R3,qwen3.5-27b,ingress,s12,W-00140,1,A,0,2,lookup
R3,qwen3.5-27b,ingress,s12,W-00141,1,C,1,4,whatif
R3,qwen3.5-27b,ingress,s12,W-00142,1,A,0,4,precedence
R3,qwen3.5-27b,ingress,s12,W-00143,1,B,0,5,purchase
R3,qwen3.5-27b,ingress,s12,W-00144,1,A,0,3,lookup
R3,qwen3.5-27b,ingress,s12,W-00145,1,D,0,2,conflict
R3,qwen3.5-27b,ingress,s12,W-00146,0,C,1,4,contract_gate
R3,qwen3.5-27b,ingress,s12,W-00147,0,A,0,3,precedence
R3,qwen3.5-27b,ingress,s12,W-00148,0,B,0,4,purchase
R3,qwen3.5-27b,ingress,s12,W-00149,0,A,0,3,precedence
R3,qwen3.5-27b,ingress,s12,W-00150,0,D,0,5,temporal
R3,qwen3.5-27b,ingress,s13,W-00001,0,D,1,5,alloc
R3,qwen3.5-27b,ingress,s13,W-00002,1,C,1,2,budget
R3,qwen3.5-27b,ingress,s13,W-00003,1,C,1,3,contract_gate
R3,qwen3.5-27b,ingress,s13,W-00005,1,B,0,3,budget
R3,qwen3.5-27b,ingress,s13,W-00006,1,A,0,2,conflict
R3,qwen3.5-27b,ingress,s13,W-00007,0,A,0,4,diag
R3,qwen3.5-27b,ingress,s13,W-00008,0,A,0,4,precedence
R3,qwen3.5-27b,ingress,s13,W-00009,0,C,1,2,sourcing
R3,qwen3.5-27b,ingress,s13,W-00010,1,B,0,4,contract_gate
R3,qwen3.5-27b,ingress,s13,W-00011,0,A,0,4,diag
R3,qwen3.5-27b,ingress,s13,W-00012,1,A,0,3,diag
R3,qwen3.5-27b,ingress,s13,W-00013,0,B,0,4,temporal
R3,qwen3.5-27b,ingress,s13,W-00014,0,C,1,3,sourcing
R3,qwen3.5-27b,ingress,s13,W-00015,1,A,0,2,lookup
R3,qwen3.5-27b,ingress,s13,W-00016,0,D,0,3,temporal
R3,qwen3.5-27b,ingress,s13,W-00017,0,A,0,5,plan
R3,qwen3.5-27b,ingress,s13,W-00018,0,C,1,2,budget
R3,qwen3.5-27b,ingress,s13,W-00019,1,A,0,3,precedence
R3,qwen3.5-27b,ingress,s13,W-00020,0,B,0,4,alloc
R3,qwen3.5-27b,ingress,s13,W-00021,1,A,0,4,plan
R3,qwen3.5-27b,ingress,s13,W-00022,0,A,0,4,whatif
R3,qwen3.5-27b,ingress,s13,W-00024,0,B,0,2,budget
R3,qwen3.5-27b,ingress,s13,W-00025,1,A,0,3,lookup
R3,qwen3.5-27b,ingress,s13,W-00026,0,D,0,3,budget
R3,qwen3.5-27b,ingress,s13,W-00027,0,C,1,5,alloc
R3,qwen3.5-27b,ingress,s13,W-00028,0,A,0,5,plan
R3,qwen3.5-27b,ingress,s13,W-00029,1,A,0,2,conflict
R3,qwen3.5-27b,ingress,s13,W-00030,1,B,0,4,contract_gate
R3,qwen3.5-27b,ingress,s13,W-00031,0,B,0,5,vendor
R3,qwen3.5-27b,ingress,s13,W-00032,0,A,0,4,plan
R3,qwen3.5-27b,ingress,s13,W-00033,0,B,0,3,vendor
R3,qwen3.5-27b,ingress,s13,W-00034,0,C,1,2,budget
R3,qwen3.5-27b,ingress,s13,W-00035,1,A,0,3,lookup
R3,qwen3.5-27b,ingress,s13,W-00036,0,C,1,3,capacity
R3,qwen3.5-27b,ingress,s13,W-00037,1,A,0,4,diag
R3,qwen3.5-27b,ingress,s13,W-00038,1,D,0,3,contract_gate
R3,qwen3.5-27b,ingress,s13,W-00039,0,A,0,4,diag
R3,qwen3.5-27b,ingress,s13,W-00040,0,C,1,2,budget
R3,qwen3.5-27b,ingress,s13,W-00041,0,D,0,5,purchase
R3,qwen3.5-27b,ingress,s13,W-00042,1,A,0,4,renewal
R3,qwen3.5-27b,ingress,s13,W-00043,0,B,0,2,sourcing
R3,qwen3.5-27b,ingress,s13,W-00044,1,A,0,3,lookup
R3,qwen3.5-27b,ingress,s13,W-00047,0,A,0,5,renewal
R3,qwen3.5-27b,ingress,s13,W-00048,1,B,0,2,conflict
R3,qwen3.5-27b,ingress,s13,W-00049,1,C,1,3,capacity
R3,qwen3.5-27b,ingress,s13,W-00050,0,A,0,4,whatif
R3,qwen3.5-27b,ingress,s13,W-00051,0,A,0,4,diag
R3,qwen3.5-27b,ingress,s13,W-00052,0,D,0,5,purchase
R3,qwen3.5-27b,ingress,s13,W-00053,0,B,0,4,precedence
R3,qwen3.5-27b,ingress,s13,W-00054,1,A,0,3,diag
R3,qwen3.5-27b,ingress,s13,W-00055,0,C,0,5,alloc
R3,qwen3.5-27b,ingress,s13,W-00056,1,C,1,2,capacity
R3,qwen3.5-27b,ingress,s13,W-00057,1,A,0,3,lookup
R3,qwen3.5-27b,ingress,s13,W-00058,1,B,0,4,contract_gate
R3,qwen3.5-27b,ingress,s13,W-00059,1,A,0,3,precedence
R3,qwen3.5-27b,ingress,s13,W-00060,1,C,1,2,budget
R3,qwen3.5-27b,ingress,s13,W-00061,0,A,0,2,conflict
R3,qwen3.5-27b,ingress,s13,W-00062,0,C,1,3,vendor
R3,qwen3.5-27b,ingress,s13,W-00063,1,B,0,4,plan
R3,qwen3.5-27b,ingress,s13,W-00064,0,A,0,5,temporal
R3,qwen3.5-27b,ingress,s13,W-00065,0,D,0,3,capacity
R3,qwen3.5-27b,ingress,s13,W-00066,0,C,0,5,alloc
R3,qwen3.5-27b,ingress,s13,W-00067,1,A,0,2,lookup
R3,qwen3.5-27b,ingress,s13,W-00068,1,B,0,3,lookup
R3,qwen3.5-27b,ingress,s13,W-00069,0,A,0,4,diag
R3,qwen3.5-27b,ingress,s13,W-00070,0,D,0,4,contract_gate
R3,qwen3.5-27b,ingress,s13,W-00071,0,C,1,4,purchase
R3,qwen3.5-27b,ingress,s13,W-00072,1,A,0,3,lookup
R3,qwen3.5-27b,ingress,s13,W-00073,0,B,0,4,vendor
R3,qwen3.5-27b,ingress,s13,W-00074,1,A,0,2,conflict
R3,qwen3.5-27b,ingress,s13,W-00075,1,D,0,4,precedence
R3,qwen3.5-27b,ingress,s13,W-00077,0,C,1,3,capacity
R3,qwen3.5-27b,ingress,s13,W-00078,1,B,0,5,whatif
R3,qwen3.5-27b,ingress,s13,W-00079,1,A,0,3,lookup
R3,qwen3.5-27b,ingress,s13,W-00080,0,C,1,4,contract_gate
R3,qwen3.5-27b,ingress,s13,W-00081,1,A,0,5,diag
R3,qwen3.5-27b,ingress,s13,W-00082,0,C,0,3,capacity
R3,qwen3.5-27b,ingress,s13,W-00084,0,A,0,2,conflict
R3,qwen3.5-27b,ingress,s13,W-00085,1,C,1,3,contract_gate
R3,qwen3.5-27b,ingress,s13,W-00086,0,D,0,4,purchase
R3,qwen3.5-27b,ingress,s13,W-00087,1,A,0,2,conflict
R3,qwen3.5-27b,ingress,s13,W-00088,1,B,0,3,contract_gate
R3,qwen3.5-27b,ingress,s13,W-00089,1,C,1,4,contract_gate
R3,qwen3.5-27b,ingress,s13,W-00090,1,A,0,5,purchase
R3,qwen3.5-27b,ingress,s13,W-00091,0,B,0,4,vendor
R3,qwen3.5-27b,ingress,s13,W-00092,1,A,0,3,precedence
R3,qwen3.5-27b,ingress,s13,W-00093,0,D,0,2,capacity
R3,qwen3.5-27b,ingress,s13,W-00094,0,C,1,3,budget
R3,qwen3.5-27b,ingress,s13,W-00095,1,A,0,4,diag
R3,qwen3.5-27b,ingress,s13,W-00096,0,A,0,5,plan
R3,qwen3.5-27b,ingress,s13,W-00097,1,B,0,3,lookup
R3,qwen3.5-27b,ingress,s13,W-00098,0,C,1,2,capacity
R3,qwen3.5-27b,ingress,s13,W-00099,0,A,0,4,vendor
R3,qwen3.5-27b,ingress,s13,W-00100,1,A,0,5,purchase
R3,qwen3.5-27b,ingress,s13,W-00101,0,D,0,3,capacity
R3,qwen3.5-27b,ingress,s13,W-00102,1,B,0,2,lookup
R3,qwen3.5-27b,ingress,s13,W-00103,0,C,1,4,purchase
R3,qwen3.5-27b,ingress,s13,W-00104,0,A,0,5,plan
R3,qwen3.5-27b,ingress,s13,W-00105,0,D,0,3,sourcing
R3,qwen3.5-27b,ingress,s13,W-00106,0,B,0,2,conflict
R3,qwen3.5-27b,ingress,s13,W-00107,0,A,0,3,plan
R3,qwen3.5-27b,ingress,s13,W-00108,0,C,1,5,purchase
R3,qwen3.5-27b,ingress,s13,W-00109,1,D,0,4,contract_gate
R3,qwen3.5-27b,ingress,s13,W-00110,1,A,0,4,plan
R3,qwen3.5-27b,ingress,s13,W-00111,1,A,0,3,lookup
R3,qwen3.5-27b,ingress,s13,W-00112,0,C,1,4,whatif
R3,qwen3.5-27b,ingress,s13,W-00113,1,B,0,2,capacity
R3,qwen3.5-27b,ingress,s13,W-00114,1,A,0,3,lookup
R3,qwen3.5-27b,ingress,s13,W-00115,0,D,0,4,sourcing
R3,qwen3.5-27b,ingress,s13,W-00116,0,C,1,5,purchase
R3,qwen3.5-27b,ingress,s13,W-00117,1,A,0,5,diag
R3,qwen3.5-27b,ingress,s13,W-00118,1,B,0,2,lookup
R3,qwen3.5-27b,ingress,s13,W-00119,0,A,0,3,plan
R3,qwen3.5-27b,ingress,s13,W-00120,0,C,1,5,alloc
R3,qwen3.5-27b,ingress,s13,W-00121,0,A,0,2,conflict
R3,qwen3.5-27b,ingress,s13,W-00122,1,D,0,4,contract_gate
R3,qwen3.5-27b,ingress,s13,W-00123,1,B,0,3,lookup
R3,qwen3.5-27b,ingress,s13,W-00124,1,A,0,4,plan
R3,qwen3.5-27b,ingress,s13,W-00125,1,C,1,3,contract_gate
R3,qwen3.5-27b,ingress,s13,W-00126,1,A,0,4,plan
R3,qwen3.5-27b,ingress,s13,W-00127,0,C,1,5,alloc
R3,qwen3.5-27b,ingress,s13,W-00128,0,D,0,2,budget
R3,qwen3.5-27b,ingress,s13,W-00129,1,A,0,3,lookup
R3,qwen3.5-27b,ingress,s13,W-00130,0,B,0,4,contract_gate
R3,qwen3.5-27b,ingress,s13,W-00131,0,A,0,5,diag
R3,qwen3.5-27b,ingress,s13,W-00132,0,D,0,3,sourcing
R3,qwen3.5-27b,ingress,s13,W-00133,1,B,0,2,lookup
R3,qwen3.5-27b,ingress,s13,W-00134,1,C,1,4,whatif
R3,qwen3.5-27b,ingress,s13,W-00135,0,A,0,4,plan
R3,qwen3.5-27b,ingress,s13,W-00136,1,C,0,2,vendor
R3,qwen3.5-27b,ingress,s13,W-00137,1,A,0,3,precedence
R3,qwen3.5-27b,ingress,s13,W-00138,0,C,1,3,capacity
R3,qwen3.5-27b,ingress,s13,W-00139,1,A,0,4,temporal
R3,qwen3.5-27b,ingress,s13,W-00140,0,B,0,5,purchase
R3,qwen3.5-27b,ingress,s13,W-00141,1,A,0,5,diag
R3,qwen3.5-27b,ingress,s13,W-00142,1,D,0,4,precedence
R3,qwen3.5-27b,ingress,s13,W-00143,0,C,1,2,capacity
R3,qwen3.5-27b,ingress,s13,W-00144,1,A,0,3,lookup
R3,qwen3.5-27b,ingress,s13,W-00145,1,B,0,3,lookup
R3,qwen3.5-27b,ingress,s13,W-00146,1,D,0,4,contract_gate
R3,qwen3.5-27b,ingress,s13,W-00147,0,D,1,5,alloc
R3,qwen3.5-27b,ingress,s13,W-00148,0,B,0,2,conflict
R3,qwen3.5-27b,ingress,s13,W-00149,0,D,0,3,capacity
R3,qwen3.5-27b,ingress,s13,W-00150,1,A,0,5,temporal
R3,qwen3.5-27b,ingress,s14,W-00001,0,C,1,4,vendor
R3,qwen3.5-27b,ingress,s14,W-00002,1,C,1,3,capacity
R3,qwen3.5-27b,ingress,s14,W-00003,0,A,0,2,temporal
R3,qwen3.5-27b,ingress,s14,W-00004,1,A,0,2,temporal
R3,qwen3.5-27b,ingress,s14,W-00005,0,C,1,5,purchase
R3,qwen3.5-27b,ingress,s14,W-00006,1,A,0,3,precedence
R3,qwen3.5-27b,ingress,s14,W-00007,1,A,0,3,precedence
R3,qwen3.5-27b,ingress,s14,W-00008,1,B,0,2,conflict
R3,qwen3.5-27b,ingress,s14,W-00009,0,D,1,4,sourcing
R3,qwen3.5-27b,ingress,s14,W-00010,0,B,0,4,precedence
R3,qwen3.5-27b,ingress,s14,W-00011,1,A,0,4,diag
R3,qwen3.5-27b,ingress,s14,W-00012,1,A,0,5,renewal
R3,qwen3.5-27b,ingress,s14,W-00013,0,D,0,2,sourcing
R3,qwen3.5-27b,ingress,s14,W-00014,0,C,1,4,temporal
R3,qwen3.5-27b,ingress,s14,W-00015,1,A,0,3,lookup
R3,qwen3.5-27b,ingress,s14,W-00016,0,B,0,4,plan
R3,qwen3.5-27b,ingress,s14,W-00017,0,D,0,3,capacity
R3,qwen3.5-27b,ingress,s14,W-00018,0,C,1,5,alloc
R3,qwen3.5-27b,ingress,s14,W-00019,1,B,0,5,plan
R3,qwen3.5-27b,ingress,s14,W-00020,0,C,1,3,capacity
R3,qwen3.5-27b,ingress,s14,W-00021,1,A,0,4,diag
R3,qwen3.5-27b,ingress,s14,W-00022,1,A,0,4,plan
R3,qwen3.5-27b,ingress,s14,W-00023,1,A,0,3,lookup
R3,qwen3.5-27b,ingress,s14,W-00024,1,A,0,3,purchase
R3,qwen3.5-27b,ingress,s14,W-00025,0,C,1,5,purchase
R3,qwen3.5-27b,ingress,s14,W-00026,0,B,0,4,precedence
R3,qwen3.5-27b,ingress,s14,W-00027,0,A,0,5,plan
R3,qwen3.5-27b,ingress,s14,W-00028,1,B,0,3,lookup
R3,qwen3.5-27b,ingress,s14,W-00029,1,A,0,4,plan
R3,qwen3.5-27b,ingress,s14,W-00030,1,D,0,3,budget
R3,qwen3.5-27b,ingress,s14,W-00031,1,A,0,3,plan
R3,qwen3.5-27b,ingress,s14,W-00032,1,A,0,3,plan
R3,qwen3.5-27b,ingress,s14,W-00033,1,D,0,5,vendor
R3,qwen3.5-27b,ingress,s14,W-00034,0,C,1,5,alloc
R3,qwen3.5-27b,ingress,s14,W-00035,1,B,0,2,budget
R3,qwen3.5-27b,ingress,s14,W-00036,1,C,1,4,contract_gate
R3,qwen3.5-27b,ingress,s14,W-00037,1,A,0,2,conflict
R3,qwen3.5-27b,ingress,s14,W-00038,0,B,0,2,temporal
R3,qwen3.5-27b,ingress,s14,W-00039,1,A,0,2,conflict
R3,qwen3.5-27b,ingress,s14,W-00040,0,B,0,4,sourcing
R3,qwen3.5-27b,ingress,s14,W-00041,0,C,1,3,capacity
R3,qwen3.5-27b,ingress,s14,W-00042,1,A,0,3,lookup
R3,qwen3.5-27b,ingress,s14,W-00043,0,D,1,5,purchase
R3,qwen3.5-27b,ingress,s14,W-00044,1,A,0,4,precedence
R3,qwen3.5-27b,ingress,s14,W-00045,0,C,1,2,budget
R3,qwen3.5-27b,ingress,s14,W-00046,0,A,0,2,conflict
R3,qwen3.5-27b,ingress,s14,W-00047,1,D,0,4,whatif
R3,qwen3.5-27b,ingress,s14,W-00048,0,B,0,5,purchase
R3,qwen3.5-27b,ingress,s14,W-00049,1,A,0,2,budget
R3,qwen3.5-27b,ingress,s14,W-00050,0,B,0,3,budget
R3,qwen3.5-27b,ingress,s14,W-00051,1,D,0,4,purchase
R3,qwen3.5-27b,ingress,s14,W-00052,1,A,0,3,lookup
R3,qwen3.5-27b,ingress,s14,W-00053,0,C,1,4,alloc
R3,qwen3.5-27b,ingress,s14,W-00054,1,C,1,4,contract_gate
R3,qwen3.5-27b,ingress,s14,W-00055,1,A,0,2,conflict
R3,qwen3.5-27b,ingress,s14,W-00056,1,B,0,3,lookup
R3,qwen3.5-27b,ingress,s14,W-00057,1,D,0,3,capacity
R3,qwen3.5-27b,ingress,s14,W-00058,0,B,0,4,contract_gate
R3,qwen3.5-27b,ingress,s14,W-00059,0,D,0,4,vendor
R3,qwen3.5-27b,ingress,s14,W-00060,0,C,0,2,budget
R3,qwen3.5-27b,ingress,s14,W-00061,0,A,0,4,plan
R3,qwen3.5-27b,ingress,s14,W-00062,0,B,0,2,lookup
R3,qwen3.5-27b,ingress,s14,W-00063,0,A,0,4,vendor
R3,qwen3.5-27b,ingress,s14,W-00064,0,A,0,3,vendor
R3,qwen3.5-27b,ingress,s14,W-00065,0,C,1,3,contract_gate
R3,qwen3.5-27b,ingress,s14,W-00066,0,A,0,3,diag
R3,qwen3.5-27b,ingress,s14,W-00067,0,C,1,2,budget
R3,qwen3.5-27b,ingress,s14,W-00068,1,B,0,5,plan
R3,qwen3.5-27b,ingress,s14,W-00069,1,A,0,3,capacity
R3,qwen3.5-27b,ingress,s14,W-00070,1,A,0,4,plan
R3,qwen3.5-27b,ingress,s14,W-00071,0,A,0,5,diag
R3,qwen3.5-27b,ingress,s14,W-00072,0,D,1,3,sourcing
R3,qwen3.5-27b,ingress,s14,W-00073,1,B,0,4,precedence
R3,qwen3.5-27b,ingress,s14,W-00074,0,A,0,2,conflict
R3,qwen3.5-27b,ingress,s14,W-00076,0,C,0,3,capacity
R3,qwen3.5-27b,ingress,s14,W-00077,1,A,0,2,lookup
R3,qwen3.5-27b,ingress,s14,W-00078,1,B,0,4,precedence
R3,qwen3.5-27b,ingress,s14,W-00079,1,A,0,4,precedence
R3,qwen3.5-27b,ingress,s14,W-00080,0,C,1,3,capacity
R3,qwen3.5-27b,ingress,s14,W-00081,1,D,0,5,whatif
R3,qwen3.5-27b,ingress,s14,W-00082,1,A,0,3,lookup
R3,qwen3.5-27b,ingress,s14,W-00084,1,B,0,2,conflict
R3,qwen3.5-27b,ingress,s14,W-00085,1,A,0,3,lookup
R3,qwen3.5-27b,ingress,s14,W-00086,0,D,0,4,whatif
R3,qwen3.5-27b,ingress,s14,W-00087,1,A,0,4,contract_gate
R3,qwen3.5-27b,ingress,s14,W-00088,0,D,0,2,sourcing
R3,qwen3.5-27b,ingress,s14,W-00089,0,C,1,4,temporal
R3,qwen3.5-27b,ingress,s14,W-00090,1,A,0,3,lookup
R3,qwen3.5-27b,ingress,s14,W-00092,1,A,0,4,diag
R3,qwen3.5-27b,ingress,s14,W-00093,1,D,0,3,capacity
R3,qwen3.5-27b,ingress,s14,W-00094,1,C,1,2,capacity
R3,qwen3.5-27b,ingress,s14,W-00095,1,A,0,3,whatif
R3,qwen3.5-27b,ingress,s14,W-00096,1,C,0,4,contract_gate
R3,qwen3.5-27b,ingress,s14,W-00097,0,D,0,5,purchase
R3,qwen3.5-27b,ingress,s14,W-00098,0,C,1,2,whatif
R3,qwen3.5-27b,ingress,s14,W-00099,1,B,0,3,lookup
R3,qwen3.5-27b,ingress,s14,W-00100,1,A,0,4,plan
R3,qwen3.5-27b,ingress,s14,W-00101,1,B,0,5,plan
R3,qwen3.5-27b,ingress,s14,W-00102,0,A,0,5,temporal
R3,qwen3.5-27b,ingress,s14,W-00104,1,A,0,2,conflict
R3,qwen3.5-27b,ingress,s14,W-00105,1,B,0,3,lookup
R3,qwen3.5-27b,ingress,s14,W-00106,0,A,0,4,plan
R3,qwen3.5-27b,ingress,s14,W-00107,0,C,1,3,capacity
R3,qwen3.5-27b,ingress,s14,W-00108,0,B,0,2,sourcing
R3,qwen3.5-27b,ingress,s14,W-00109,0,D,0,3,capacity
R3,qwen3.5-27b,ingress,s14,W-00110,0,D,0,5,temporal
R3,qwen3.5-27b,ingress,s14,W-00111,1,A,0,4,renewal
R3,qwen3.5-27b,ingress,s14,W-00113,1,A,0,2,lookup
R3,qwen3.5-27b,ingress,s14,W-00114,0,A,0,3,diag
R3,qwen3.5-27b,ingress,s14,W-00115,1,A,0,3,lookup
R3,qwen3.5-27b,ingress,s14,W-00116,1,C,1,4,contract_gate
R3,qwen3.5-27b,ingress,s14,W-00117,0,A,0,4,diag
R3,qwen3.5-27b,ingress,s14,W-00118,0,D,0,2,sourcing
R3,qwen3.5-27b,ingress,s14,W-00119,0,B,0,3,budget
R3,qwen3.5-27b,ingress,s14,W-00120,1,A,0,5,plan
R3,qwen3.5-27b,ingress,s14,W-00121,0,A,0,4,plan
R3,qwen3.5-27b,ingress,s14,W-00122,0,C,1,4,vendor
R3,qwen3.5-27b,ingress,s14,W-00123,1,B,0,3,lookup
R3,qwen3.5-27b,ingress,s14,W-00124,1,B,0,2,conflict
R3,qwen3.5-27b,ingress,s14,W-00125,1,C,1,3,contract_gate
R3,qwen3.5-27b,ingress,s14,W-00126,0,A,0,5,diag
R3,qwen3.5-27b,ingress,s14,W-00127,0,A,0,4,diag
R3,qwen3.5-27b,ingress,s14,W-00129,0,C,1,3,capacity
R3,qwen3.5-27b,ingress,s14,W-00130,0,A,0,4,temporal
R3,qwen3.5-27b,ingress,s14,W-00131,1,D,0,2,budget
R3,qwen3.5-27b,ingress,s14,W-00132,1,A,0,3,lookup
R3,qwen3.5-27b,ingress,s14,W-00133,0,C,1,5,alloc
R3,qwen3.5-27b,ingress,s14,W-00134,1,A,0,2,budget
R3,qwen3.5-27b,ingress,s14,W-00135,0,B,0,3,precedence
R3,qwen3.5-27b,ingress,s14,W-00136,0,B,0,2,lookup
R3,qwen3.5-27b,ingress,s14,W-00137,0,A,0,3,plan
R3,qwen3.5-27b,ingress,s14,W-00138,0,B,0,4,plan
R3,qwen3.5-27b,ingress,s14,W-00139,0,C,1,4,purchase
R3,qwen3.5-27b,ingress,s14,W-00140,1,A,0,4,purchase
R3,qwen3.5-27b,ingress,s14,W-00141,0,D,0,5,purchase
R3,qwen3.5-27b,ingress,s14,W-00142,1,A,0,3,lookup
R3,qwen3.5-27b,ingress,s14,W-00143,0,C,1,2,budget
R3,qwen3.5-27b,ingress,s14,W-00144,0,D,0,5,purchase
R3,qwen3.5-27b,ingress,s14,W-00145,1,A,0,3,precedence
R3,qwen3.5-27b,ingress,s14,W-00146,0,C,1,4,contract_gate
R3,qwen3.5-27b,ingress,s14,W-00147,1,A,0,5,diag
R3,qwen3.5-27b,ingress,s14,W-00148,0,D,0,5,purchase
R3,qwen3.5-27b,ingress,s14,W-00149,1,B,0,3,capacity
R3,qwen3.5-27b,ingress,s14,W-00150,0,A,0,4,precedence
R3,qwen3.5-27b,full_load,s12,W-00001,1,C,1,3,capacity
R3,qwen3.5-27b,full_load,s12,W-00002,0,C,1,2,budget
R3,qwen3.5-27b,full_load,s12,W-00003,1,A,0,3,lookup
R3,qwen3.5-27b,full_load,s12,W-00004,0,A,0,4,temporal
R3,qwen3.5-27b,full_load,s12,W-00005,0,D,1,3,budget
R3,qwen3.5-27b,full_load,s12,W-00006,1,A,0,5,renewal
R3,qwen3.5-27b,full_load,s12,W-00007,0,A,0,4,plan
R3,qwen3.5-27b,full_load,s12,W-00008,0,C,0,2,alloc
R3,qwen3.5-27b,full_load,s12,W-00009,0,D,1,3,vendor
R3,qwen3.5-27b,full_load,s12,W-00010,0,B,0,5,alloc
R3,qwen3.5-27b,full_load,s12,W-00011,0,C,0,4,precedence
R3,qwen3.5-27b,full_load,s12,W-00012,1,A,0,4,diag
R3,qwen3.5-27b,full_load,s12,W-00013,0,A,0,4,plan
R3,qwen3.5-27b,full_load,s12,W-00014,0,C,1,2,budget
R3,qwen3.5-27b,full_load,s12,W-00015,1,B,0,2,conflict
R3,qwen3.5-27b,full_load,s12,W-00016,0,C,1,2,vendor
R3,qwen3.5-27b,full_load,s12,W-00017,0,A,0,4,plan
R3,qwen3.5-27b,full_load,s12,W-00018,0,D,1,5,vendor
R3,qwen3.5-27b,full_load,s12,W-00019,1,B,0,4,temporal
R3,qwen3.5-27b,full_load,s12,W-00020,1,A,0,3,diag
R3,qwen3.5-27b,full_load,s12,W-00021,1,A,0,3,whatif
R3,qwen3.5-27b,full_load,s12,W-00022,0,C,1,4,contract_gate
R3,qwen3.5-27b,full_load,s12,W-00023,1,A,0,5,plan
R3,qwen3.5-27b,full_load,s12,W-00024,1,A,0,3,lookup
R3,qwen3.5-27b,full_load,s12,W-00025,0,B,0,5,purchase
R3,qwen3.5-27b,full_load,s12,W-00026,1,B,0,2,conflict
R3,qwen3.5-27b,full_load,s12,W-00027,0,A,0,4,diag
R3,qwen3.5-27b,full_load,s12,W-00028,0,C,1,5,alloc
R3,qwen3.5-27b,full_load,s12,W-00029,0,A,0,3,capacity
R3,qwen3.5-27b,full_load,s12,W-00030,1,B,0,5,temporal
R3,qwen3.5-27b,full_load,s12,W-00031,0,A,0,4,plan
R3,qwen3.5-27b,full_load,s12,W-00032,0,A,0,4,plan
R3,qwen3.5-27b,full_load,s12,W-00033,0,A,0,4,plan
R3,qwen3.5-27b,full_load,s12,W-00034,0,C,1,2,sourcing
R3,qwen3.5-27b,full_load,s12,W-00035,0,D,0,2,budget
R3,qwen3.5-27b,full_load,s12,W-00036,1,C,1,3,capacity
R3,qwen3.5-27b,full_load,s12,W-00037,0,B,0,3,lookup
R3,qwen3.5-27b,full_load,s12,W-00038,0,D,1,3,sourcing
R3,qwen3.5-27b,full_load,s12,W-00039,1,A,0,5,plan
R3,qwen3.5-27b,full_load,s12,W-00040,0,D,0,4,renewal
R3,qwen3.5-27b,full_load,s12,W-00041,0,B,0,3,lookup
R3,qwen3.5-27b,full_load,s12,W-00043,0,D,1,3,sourcing
R3,qwen3.5-27b,full_load,s12,W-00044,1,A,0,2,conflict
R3,qwen3.5-27b,full_load,s12,W-00045,0,C,1,2,capacity
R3,qwen3.5-27b,full_load,s12,W-00046,0,B,0,3,temporal
R3,qwen3.5-27b,full_load,s12,W-00047,0,B,0,5,diag
R3,qwen3.5-27b,full_load,s12,W-00048,0,C,1,2,sourcing
R3,qwen3.5-27b,full_load,s12,W-00049,1,A,0,4,renewal
R3,qwen3.5-27b,full_load,s12,W-00050,1,B,0,4,precedence
R3,qwen3.5-27b,full_load,s12,W-00051,1,A,0,3,lookup
R3,qwen3.5-27b,full_load,s12,W-00052,1,A,0,3,lookup
R3,qwen3.5-27b,full_load,s12,W-00054,1,A,0,3,precedence
R3,qwen3.5-27b,full_load,s12,W-00055,0,C,1,3,whatif
R3,qwen3.5-27b,full_load,s12,W-00056,1,B,0,2,conflict
R3,qwen3.5-27b,full_load,s12,W-00057,0,A,0,4,diag
R3,qwen3.5-27b,full_load,s12,W-00058,0,D,1,4,sourcing
R3,qwen3.5-27b,full_load,s12,W-00059,0,B,0,3,budget
R3,qwen3.5-27b,full_load,s12,W-00060,1,A,0,4,diag
R3,qwen3.5-27b,full_load,s12,W-00061,1,B,0,4,plan
R3,qwen3.5-27b,full_load,s12,W-00062,0,A,0,3,precedence
R3,qwen3.5-27b,full_load,s12,W-00064,1,A,0,2,conflict
R3,qwen3.5-27b,full_load,s12,W-00065,0,D,0,4,temporal
R3,qwen3.5-27b,full_load,s12,W-00066,1,C,1,3,capacity
R3,qwen3.5-27b,full_load,s12,W-00067,0,C,1,2,sourcing
R3,qwen3.5-27b,full_load,s12,W-00068,1,A,0,2,lookup
R3,qwen3.5-27b,full_load,s12,W-00069,1,A,0,3,lookup
R3,qwen3.5-27b,full_load,s12,W-00070,1,B,0,4,whatif
R3,qwen3.5-27b,full_load,s12,W-00071,0,A,0,5,diag
R3,qwen3.5-27b,full_load,s12,W-00072,1,C,1,3,capacity
R3,qwen3.5-27b,full_load,s12,W-00073,0,C,1,5,purchase
R3,qwen3.5-27b,full_load,s12,W-00074,1,A,0,4,diag
R3,qwen3.5-27b,full_load,s12,W-00075,1,B,0,3,contract_gate
R3,qwen3.5-27b,full_load,s12,W-00076,0,D,0,4,purchase
R3,qwen3.5-27b,full_load,s12,W-00077,1,A,0,2,lookup
R3,qwen3.5-27b,full_load,s12,W-00078,0,D,0,5,purchase
R3,qwen3.5-27b,full_load,s12,W-00079,1,A,0,2,conflict
R3,qwen3.5-27b,full_load,s12,W-00080,0,D,0,3,budget
R3,qwen3.5-27b,full_load,s12,W-00081,0,B,0,5,diag
R3,qwen3.5-27b,full_load,s12,W-00082,1,C,1,3,contract_gate
R3,qwen3.5-27b,full_load,s12,W-00083,0,A,0,5,purchase
R3,qwen3.5-27b,full_load,s12,W-00084,1,A,0,2,conflict
R3,qwen3.5-27b,full_load,s12,W-00085,0,B,0,3,lookup
R3,qwen3.5-27b,full_load,s12,W-00086,1,D,0,5,temporal
R3,qwen3.5-27b,full_load,s12,W-00087,0,A,0,4,diag
R3,qwen3.5-27b,full_load,s12,W-00088,0,C,1,2,sourcing
R3,qwen3.5-27b,full_load,s12,W-00089,1,A,0,3,precedence
R3,qwen3.5-27b,full_load,s12,W-00090,1,B,0,4,contract_gate
R3,qwen3.5-27b,full_load,s12,W-00091,0,A,0,3,plan
R3,qwen3.5-27b,full_load,s12,W-00092,1,A,0,3,plan
R3,qwen3.5-27b,full_load,s12,W-00097,0,B,0,4,diag
R3,qwen3.5-27b,full_load,s12,W-00098,1,D,0,3,capacity
R3,qwen3.5-27b,full_load,s12,W-00099,0,D,0,4,diag
R3,qwen3.5-27b,full_load,s12,W-00101,0,C,0,4,precedence
R3,qwen3.5-27b,full_load,s12,W-00102,1,A,0,3,diag
R3,qwen3.5-27b,full_load,s12,W-00103,1,B,0,2,capacity
R3,qwen3.5-27b,full_load,s12,W-00104,1,D,0,5,temporal
R3,qwen3.5-27b,full_load,s12,W-00105,1,A,0,3,lookup
R3,qwen3.5-27b,full_load,s12,W-00106,0,A,0,4,purchase
R3,qwen3.5-27b,full_load,s12,W-00107,0,C,1,5,purchase
R3,qwen3.5-27b,full_load,s12,W-00108,0,B,0,3,lookup
R3,qwen3.5-27b,full_load,s12,W-00109,1,A,0,2,conflict
R3,qwen3.5-27b,full_load,s12,W-00110,1,C,1,4,contract_gate
R3,qwen3.5-27b,full_load,s12,W-00111,0,A,0,4,purchase
R3,qwen3.5-27b,full_load,s12,W-00112,0,D,1,3,sourcing
R3,qwen3.5-27b,full_load,s12,W-00113,0,B,0,2,lookup
R3,qwen3.5-27b,full_load,s12,W-00114,1,C,1,4,contract_gate
R3,qwen3.5-27b,full_load,s12,W-00115,0,A,0,3,diag
R3,qwen3.5-27b,full_load,s12,W-00116,1,A,0,4,precedence
R3,qwen3.5-27b,full_load,s12,W-00117,0,C,1,5,alloc
R3,qwen3.5-27b,full_load,s12,W-00118,0,D,0,5,whatif
R3,qwen3.5-27b,full_load,s12,W-00119,1,B,0,3,conflict
R3,qwen3.5-27b,full_load,s12,W-00120,1,A,0,2,lookup
R3,qwen3.5-27b,full_load,s12,W-00122,0,A,0,4,plan
R3,qwen3.5-27b,full_load,s12,W-00123,1,C,1,3,sourcing
R3,qwen3.5-27b,full_load,s12,W-00124,1,B,0,5,diag
R3,qwen3.5-27b,full_load,s12,W-00125,0,C,0,3,temporal
R3,qwen3.5-27b,full_load,s12,W-00126,0,D,0,4,diag
R3,qwen3.5-27b,full_load,s12,W-00127,0,C,1,5,alloc
R3,qwen3.5-27b,full_load,s12,W-00128,0,B,0,2,lookup
R3,qwen3.5-27b,full_load,s12,W-00129,0,A,0,4,plan
R3,qwen3.5-27b,full_load,s12,W-00130,0,A,0,3,precedence
R3,qwen3.5-27b,full_load,s12,W-00131,1,A,0,4,plan
R3,qwen3.5-27b,full_load,s12,W-00132,0,C,1,5,alloc
R3,qwen3.5-27b,full_load,s12,W-00133,0,B,0,2,lookup
R3,qwen3.5-27b,full_load,s12,W-00135,1,D,0,3,capacity
R3,qwen3.5-27b,full_load,s12,W-00136,1,A,0,4,plan
R3,qwen3.5-27b,full_load,s12,W-00137,1,C,1,3,sourcing
R3,qwen3.5-27b,full_load,s12,W-00138,0,D,0,5,whatif
R3,qwen3.5-27b,full_load,s12,W-00140,1,A,0,2,lookup
R3,qwen3.5-27b,full_load,s12,W-00141,0,C,1,4,whatif
R3,qwen3.5-27b,full_load,s12,W-00142,1,A,0,4,precedence
R3,qwen3.5-27b,full_load,s12,W-00143,0,B,0,5,purchase
R3,qwen3.5-27b,full_load,s12,W-00144,1,A,0,3,lookup
R3,qwen3.5-27b,full_load,s12,W-00145,1,D,0,2,conflict
R3,qwen3.5-27b,full_load,s12,W-00146,1,C,1,4,contract_gate
R3,qwen3.5-27b,full_load,s12,W-00147,1,A,0,3,precedence
R3,qwen3.5-27b,full_load,s12,W-00148,0,B,0,4,purchase
R3,qwen3.5-27b,full_load,s12,W-00149,1,A,0,3,precedence
R3,qwen3.5-27b,full_load,s12,W-00150,0,D,0,5,temporal
R3,qwen3.5-27b,full_load,s13,W-00001,0,D,1,5,alloc
R3,qwen3.5-27b,full_load,s13,W-00002,1,C,1,2,budget
R3,qwen3.5-27b,full_load,s13,W-00003,1,C,1,3,contract_gate
R3,qwen3.5-27b,full_load,s13,W-00005,0,B,0,3,budget
R3,qwen3.5-27b,full_load,s13,W-00006,1,A,0,2,conflict
R3,qwen3.5-27b,full_load,s13,W-00007,1,A,0,4,diag
R3,qwen3.5-27b,full_load,s13,W-00008,1,A,0,4,precedence
R3,qwen3.5-27b,full_load,s13,W-00009,1,C,1,2,sourcing
R3,qwen3.5-27b,full_load,s13,W-00010,1,B,0,4,contract_gate
R3,qwen3.5-27b,full_load,s13,W-00011,0,A,0,4,diag
R3,qwen3.5-27b,full_load,s13,W-00012,1,A,0,3,diag
R3,qwen3.5-27b,full_load,s13,W-00013,0,B,0,4,temporal
R3,qwen3.5-27b,full_load,s13,W-00014,0,C,1,3,sourcing
R3,qwen3.5-27b,full_load,s13,W-00015,1,A,0,2,lookup
R3,qwen3.5-27b,full_load,s13,W-00016,1,D,0,3,temporal
R3,qwen3.5-27b,full_load,s13,W-00017,1,A,0,5,plan
R3,qwen3.5-27b,full_load,s13,W-00018,0,C,1,2,budget
R3,qwen3.5-27b,full_load,s13,W-00019,1,A,0,3,precedence
R3,qwen3.5-27b,full_load,s13,W-00020,0,B,0,4,alloc
R3,qwen3.5-27b,full_load,s13,W-00021,1,A,0,4,plan
R3,qwen3.5-27b,full_load,s13,W-00022,1,A,0,4,whatif
R3,qwen3.5-27b,full_load,s13,W-00024,0,B,0,2,budget
R3,qwen3.5-27b,full_load,s13,W-00025,1,A,0,3,lookup
R3,qwen3.5-27b,full_load,s13,W-00026,0,D,0,3,budget
R3,qwen3.5-27b,full_load,s13,W-00027,0,C,1,5,alloc
R3,qwen3.5-27b,full_load,s13,W-00028,1,A,0,5,plan
R3,qwen3.5-27b,full_load,s13,W-00029,1,A,0,2,conflict
R3,qwen3.5-27b,full_load,s13,W-00030,1,B,0,4,contract_gate
R3,qwen3.5-27b,full_load,s13,W-00031,0,B,0,5,vendor
R3,qwen3.5-27b,full_load,s13,W-00032,0,A,0,4,plan
R3,qwen3.5-27b,full_load,s13,W-00033,0,B,0,3,vendor
R3,qwen3.5-27b,full_load,s13,W-00034,1,C,1,2,budget
R3,qwen3.5-27b,full_load,s13,W-00035,1,A,0,3,lookup
R3,qwen3.5-27b,full_load,s13,W-00036,0,C,1,3,capacity
R3,qwen3.5-27b,full_load,s13,W-00037,1,A,0,4,diag
R3,qwen3.5-27b,full_load,s13,W-00038,1,D,0,3,contract_gate
R3,qwen3.5-27b,full_load,s13,W-00039,0,A,0,4,diag
R3,qwen3.5-27b,full_load,s13,W-00040,0,C,1,2,budget
R3,qwen3.5-27b,full_load,s13,W-00041,0,D,0,5,purchase
R3,qwen3.5-27b,full_load,s13,W-00042,1,A,0,4,renewal
R3,qwen3.5-27b,full_load,s13,W-00043,0,B,0,2,sourcing
R3,qwen3.5-27b,full_load,s13,W-00044,1,A,0,3,lookup
R3,qwen3.5-27b,full_load,s13,W-00047,1,A,0,5,renewal
R3,qwen3.5-27b,full_load,s13,W-00048,1,B,0,2,conflict
R3,qwen3.5-27b,full_load,s13,W-00049,0,C,1,3,capacity
R3,qwen3.5-27b,full_load,s13,W-00050,1,A,0,4,whatif
R3,qwen3.5-27b,full_load,s13,W-00051,1,A,0,4,diag
R3,qwen3.5-27b,full_load,s13,W-00052,0,D,0,5,purchase
R3,qwen3.5-27b,full_load,s13,W-00053,1,B,0,4,precedence
R3,qwen3.5-27b,full_load,s13,W-00054,0,A,0,3,diag
R3,qwen3.5-27b,full_load,s13,W-00055,0,C,0,5,alloc
R3,qwen3.5-27b,full_load,s13,W-00056,1,C,1,2,capacity
R3,qwen3.5-27b,full_load,s13,W-00057,1,A,0,3,lookup
R3,qwen3.5-27b,full_load,s13,W-00058,1,B,0,4,contract_gate
R3,qwen3.5-27b,full_load,s13,W-00059,1,A,0,3,precedence
R3,qwen3.5-27b,full_load,s13,W-00060,1,C,1,2,budget
R3,qwen3.5-27b,full_load,s13,W-00061,1,A,0,2,conflict
R3,qwen3.5-27b,full_load,s13,W-00062,0,C,1,3,vendor
R3,qwen3.5-27b,full_load,s13,W-00063,0,B,0,4,plan
R3,qwen3.5-27b,full_load,s13,W-00064,1,A,0,5,temporal
R3,qwen3.5-27b,full_load,s13,W-00065,1,D,0,3,capacity
R3,qwen3.5-27b,full_load,s13,W-00066,0,C,0,5,alloc
R3,qwen3.5-27b,full_load,s13,W-00067,1,A,0,2,lookup
R3,qwen3.5-27b,full_load,s13,W-00068,0,B,0,3,lookup
R3,qwen3.5-27b,full_load,s13,W-00069,1,A,0,4,diag
R3,qwen3.5-27b,full_load,s13,W-00070,0,D,0,4,contract_gate
R3,qwen3.5-27b,full_load,s13,W-00071,0,C,1,4,purchase
R3,qwen3.5-27b,full_load,s13,W-00072,1,A,0,3,lookup
R3,qwen3.5-27b,full_load,s13,W-00073,0,B,0,4,vendor
R3,qwen3.5-27b,full_load,s13,W-00074,1,A,0,2,conflict
R3,qwen3.5-27b,full_load,s13,W-00075,0,D,0,4,precedence
R3,qwen3.5-27b,full_load,s13,W-00077,0,C,1,3,capacity
R3,qwen3.5-27b,full_load,s13,W-00078,1,B,0,5,whatif
R3,qwen3.5-27b,full_load,s13,W-00079,1,A,0,3,lookup
R3,qwen3.5-27b,full_load,s13,W-00080,1,C,1,4,contract_gate
R3,qwen3.5-27b,full_load,s13,W-00081,1,A,0,5,diag
R3,qwen3.5-27b,full_load,s13,W-00082,0,C,0,3,capacity
R3,qwen3.5-27b,full_load,s13,W-00084,1,A,0,2,conflict
R3,qwen3.5-27b,full_load,s13,W-00085,0,C,1,3,contract_gate
R3,qwen3.5-27b,full_load,s13,W-00086,0,D,0,4,purchase
R3,qwen3.5-27b,full_load,s13,W-00087,1,A,0,2,conflict
R3,qwen3.5-27b,full_load,s13,W-00088,1,B,0,3,contract_gate
R3,qwen3.5-27b,full_load,s13,W-00089,1,C,1,4,contract_gate
R3,qwen3.5-27b,full_load,s13,W-00090,1,A,0,5,purchase
R3,qwen3.5-27b,full_load,s13,W-00091,0,B,0,4,vendor
R3,qwen3.5-27b,full_load,s13,W-00092,1,A,0,3,precedence
R3,qwen3.5-27b,full_load,s13,W-00093,1,D,0,2,capacity
R3,qwen3.5-27b,full_load,s13,W-00094,0,C,1,3,budget
R3,qwen3.5-27b,full_load,s13,W-00095,1,A,0,4,diag
R3,qwen3.5-27b,full_load,s13,W-00096,1,A,0,5,plan
R3,qwen3.5-27b,full_load,s13,W-00097,0,B,0,3,lookup
R3,qwen3.5-27b,full_load,s13,W-00098,1,C,1,2,capacity
R3,qwen3.5-27b,full_load,s13,W-00099,0,A,0,4,vendor
R3,qwen3.5-27b,full_load,s13,W-00100,1,A,0,5,purchase
R3,qwen3.5-27b,full_load,s13,W-00101,0,D,0,3,capacity
R3,qwen3.5-27b,full_load,s13,W-00102,0,B,0,2,lookup
R3,qwen3.5-27b,full_load,s13,W-00103,0,C,1,4,purchase
R3,qwen3.5-27b,full_load,s13,W-00104,1,A,0,5,plan
R3,qwen3.5-27b,full_load,s13,W-00105,1,D,0,3,sourcing
R3,qwen3.5-27b,full_load,s13,W-00106,1,B,0,2,conflict
R3,qwen3.5-27b,full_load,s13,W-00107,1,A,0,3,plan
R3,qwen3.5-27b,full_load,s13,W-00108,0,C,1,5,purchase
R3,qwen3.5-27b,full_load,s13,W-00109,1,D,0,4,contract_gate
R3,qwen3.5-27b,full_load,s13,W-00110,1,A,0,4,plan
R3,qwen3.5-27b,full_load,s13,W-00111,1,A,0,3,lookup
R3,qwen3.5-27b,full_load,s13,W-00112,1,C,1,4,whatif
R3,qwen3.5-27b,full_load,s13,W-00113,1,B,0,2,capacity
R3,qwen3.5-27b,full_load,s13,W-00114,1,A,0,3,lookup
R3,qwen3.5-27b,full_load,s13,W-00115,0,D,0,4,sourcing
R3,qwen3.5-27b,full_load,s13,W-00116,0,C,1,5,purchase
R3,qwen3.5-27b,full_load,s13,W-00117,1,A,0,5,diag
R3,qwen3.5-27b,full_load,s13,W-00118,0,B,0,2,lookup
R3,qwen3.5-27b,full_load,s13,W-00119,0,A,0,3,plan
R3,qwen3.5-27b,full_load,s13,W-00120,0,C,1,5,alloc
R3,qwen3.5-27b,full_load,s13,W-00121,1,A,0,2,conflict
R3,qwen3.5-27b,full_load,s13,W-00122,0,D,0,4,contract_gate
R3,qwen3.5-27b,full_load,s13,W-00123,1,B,0,3,lookup
R3,qwen3.5-27b,full_load,s13,W-00124,1,A,0,4,plan
R3,qwen3.5-27b,full_load,s13,W-00125,0,C,1,3,contract_gate
R3,qwen3.5-27b,full_load,s13,W-00126,1,A,0,4,plan
R3,qwen3.5-27b,full_load,s13,W-00127,0,C,1,5,alloc
R3,qwen3.5-27b,full_load,s13,W-00128,0,D,0,2,budget
R3,qwen3.5-27b,full_load,s13,W-00129,1,A,0,3,lookup
R3,qwen3.5-27b,full_load,s13,W-00130,0,B,0,4,contract_gate
R3,qwen3.5-27b,full_load,s13,W-00131,0,A,0,5,diag
R3,qwen3.5-27b,full_load,s13,W-00132,1,D,0,3,sourcing
R3,qwen3.5-27b,full_load,s13,W-00133,0,B,0,2,lookup
R3,qwen3.5-27b,full_load,s13,W-00134,1,C,1,4,whatif
R3,qwen3.5-27b,full_load,s13,W-00135,0,A,0,4,plan
R3,qwen3.5-27b,full_load,s13,W-00136,0,C,0,2,vendor
R3,qwen3.5-27b,full_load,s13,W-00137,1,A,0,3,precedence
R3,qwen3.5-27b,full_load,s13,W-00138,0,C,1,3,capacity
R3,qwen3.5-27b,full_load,s13,W-00139,1,A,0,4,temporal
R3,qwen3.5-27b,full_load,s13,W-00140,0,B,0,5,purchase
R3,qwen3.5-27b,full_load,s13,W-00141,1,A,0,5,diag
R3,qwen3.5-27b,full_load,s13,W-00142,1,D,0,4,precedence
R3,qwen3.5-27b,full_load,s13,W-00143,0,C,1,2,capacity
R3,qwen3.5-27b,full_load,s13,W-00144,1,A,0,3,lookup
R3,qwen3.5-27b,full_load,s13,W-00145,0,B,0,3,lookup
R3,qwen3.5-27b,full_load,s13,W-00146,0,D,0,4,contract_gate
R3,qwen3.5-27b,full_load,s13,W-00147,0,D,1,5,alloc
R3,qwen3.5-27b,full_load,s13,W-00148,1,B,0,2,conflict
R3,qwen3.5-27b,full_load,s13,W-00149,0,D,0,3,capacity
R3,qwen3.5-27b,full_load,s13,W-00150,1,A,0,5,temporal
R3,qwen3.5-27b,full_load,s14,W-00001,0,C,1,4,vendor
R3,qwen3.5-27b,full_load,s14,W-00002,0,C,1,3,capacity
R3,qwen3.5-27b,full_load,s14,W-00003,0,A,0,2,temporal
R3,qwen3.5-27b,full_load,s14,W-00004,1,A,0,2,temporal
R3,qwen3.5-27b,full_load,s14,W-00005,0,C,1,5,purchase
R3,qwen3.5-27b,full_load,s14,W-00006,1,A,0,3,precedence
R3,qwen3.5-27b,full_load,s14,W-00007,1,A,0,3,precedence
R3,qwen3.5-27b,full_load,s14,W-00008,1,B,0,2,conflict
R3,qwen3.5-27b,full_load,s14,W-00009,0,D,1,4,sourcing
R3,qwen3.5-27b,full_load,s14,W-00010,1,B,0,4,precedence
R3,qwen3.5-27b,full_load,s14,W-00011,1,A,0,4,diag
R3,qwen3.5-27b,full_load,s14,W-00012,1,A,0,5,renewal
R3,qwen3.5-27b,full_load,s14,W-00013,1,D,0,2,sourcing
R3,qwen3.5-27b,full_load,s14,W-00014,0,C,1,4,temporal
R3,qwen3.5-27b,full_load,s14,W-00015,1,A,0,3,lookup
R3,qwen3.5-27b,full_load,s14,W-00016,1,B,0,4,plan
R3,qwen3.5-27b,full_load,s14,W-00017,0,D,0,3,capacity
R3,qwen3.5-27b,full_load,s14,W-00018,0,C,1,5,alloc
R3,qwen3.5-27b,full_load,s14,W-00019,1,B,0,5,plan
R3,qwen3.5-27b,full_load,s14,W-00020,1,C,1,3,capacity
R3,qwen3.5-27b,full_load,s14,W-00021,1,A,0,4,diag
R3,qwen3.5-27b,full_load,s14,W-00022,1,A,0,4,plan
R3,qwen3.5-27b,full_load,s14,W-00023,1,A,0,3,lookup
R3,qwen3.5-27b,full_load,s14,W-00024,0,A,0,3,purchase
R3,qwen3.5-27b,full_load,s14,W-00025,0,C,1,5,purchase
R3,qwen3.5-27b,full_load,s14,W-00026,0,B,0,4,precedence
R3,qwen3.5-27b,full_load,s14,W-00027,1,A,0,5,plan
R3,qwen3.5-27b,full_load,s14,W-00028,0,B,0,3,lookup
R3,qwen3.5-27b,full_load,s14,W-00029,1,A,0,4,plan
R3,qwen3.5-27b,full_load,s14,W-00030,0,D,0,3,budget
R3,qwen3.5-27b,full_load,s14,W-00031,0,A,0,3,plan
R3,qwen3.5-27b,full_load,s14,W-00032,0,A,0,3,plan
R3,qwen3.5-27b,full_load,s14,W-00033,0,D,0,5,vendor
R3,qwen3.5-27b,full_load,s14,W-00034,0,C,1,5,alloc
R3,qwen3.5-27b,full_load,s14,W-00035,1,B,0,2,budget
R3,qwen3.5-27b,full_load,s14,W-00036,0,C,1,4,contract_gate
R3,qwen3.5-27b,full_load,s14,W-00037,1,A,0,2,conflict
R3,qwen3.5-27b,full_load,s14,W-00038,0,B,0,2,temporal
R3,qwen3.5-27b,full_load,s14,W-00039,1,A,0,2,conflict
R3,qwen3.5-27b,full_load,s14,W-00040,0,B,0,4,sourcing
R3,qwen3.5-27b,full_load,s14,W-00041,0,C,1,3,capacity
R3,qwen3.5-27b,full_load,s14,W-00042,1,A,0,3,lookup
R3,qwen3.5-27b,full_load,s14,W-00043,0,D,1,5,purchase
R3,qwen3.5-27b,full_load,s14,W-00044,1,A,0,4,precedence
R3,qwen3.5-27b,full_load,s14,W-00045,1,C,1,2,budget
R3,qwen3.5-27b,full_load,s14,W-00046,1,A,0,2,conflict
R3,qwen3.5-27b,full_load,s14,W-00047,0,D,0,4,whatif
R3,qwen3.5-27b,full_load,s14,W-00048,0,B,0,5,purchase
R3,qwen3.5-27b,full_load,s14,W-00049,1,A,0,2,budget
R3,qwen3.5-27b,full_load,s14,W-00050,1,B,0,3,budget
R3,qwen3.5-27b,full_load,s14,W-00051,0,D,0,4,purchase
R3,qwen3.5-27b,full_load,s14,W-00052,1,A,0,3,lookup
R3,qwen3.5-27b,full_load,s14,W-00053,0,C,1,4,alloc
R3,qwen3.5-27b,full_load,s14,W-00054,0,C,1,4,contract_gate
R3,qwen3.5-27b,full_load,s14,W-00055,1,A,0,2,conflict
R3,qwen3.5-27b,full_load,s14,W-00056,0,B,0,3,lookup
R3,qwen3.5-27b,full_load,s14,W-00057,0,D,0,3,capacity
R3,qwen3.5-27b,full_load,s14,W-00058,1,B,0,4,contract_gate
R3,qwen3.5-27b,full_load,s14,W-00059,0,D,0,4,vendor
R3,qwen3.5-27b,full_load,s14,W-00060,0,C,0,2,budget
R3,qwen3.5-27b,full_load,s14,W-00061,0,A,0,4,plan
R3,qwen3.5-27b,full_load,s14,W-00062,0,B,0,2,lookup
R3,qwen3.5-27b,full_load,s14,W-00063,1,A,0,4,vendor
R3,qwen3.5-27b,full_load,s14,W-00064,1,A,0,3,vendor
R3,qwen3.5-27b,full_load,s14,W-00065,1,C,1,3,contract_gate
R3,qwen3.5-27b,full_load,s14,W-00066,0,A,0,3,diag
R3,qwen3.5-27b,full_load,s14,W-00067,0,C,1,2,budget
R3,qwen3.5-27b,full_load,s14,W-00068,1,B,0,5,plan
R3,qwen3.5-27b,full_load,s14,W-00069,0,A,0,3,capacity
R3,qwen3.5-27b,full_load,s14,W-00070,0,A,0,4,plan
R3,qwen3.5-27b,full_load,s14,W-00071,1,A,0,5,diag
R3,qwen3.5-27b,full_load,s14,W-00072,0,D,1,3,sourcing
R3,qwen3.5-27b,full_load,s14,W-00073,1,B,0,4,precedence
R3,qwen3.5-27b,full_load,s14,W-00074,1,A,0,2,conflict
R3,qwen3.5-27b,full_load,s14,W-00076,0,C,0,3,capacity
R3,qwen3.5-27b,full_load,s14,W-00077,1,A,0,2,lookup
R3,qwen3.5-27b,full_load,s14,W-00078,1,B,0,4,precedence
R3,qwen3.5-27b,full_load,s14,W-00079,1,A,0,4,precedence
R3,qwen3.5-27b,full_load,s14,W-00080,0,C,1,3,capacity
R3,qwen3.5-27b,full_load,s14,W-00081,0,D,0,5,whatif
R3,qwen3.5-27b,full_load,s14,W-00082,1,A,0,3,lookup
R3,qwen3.5-27b,full_load,s14,W-00084,1,B,0,2,conflict
R3,qwen3.5-27b,full_load,s14,W-00085,0,A,0,3,lookup
R3,qwen3.5-27b,full_load,s14,W-00086,0,D,0,4,whatif
R3,qwen3.5-27b,full_load,s14,W-00087,1,A,0,4,contract_gate
R3,qwen3.5-27b,full_load,s14,W-00088,1,D,0,2,sourcing
R3,qwen3.5-27b,full_load,s14,W-00089,0,C,1,4,temporal
R3,qwen3.5-27b,full_load,s14,W-00090,1,A,0,3,lookup
R3,qwen3.5-27b,full_load,s14,W-00092,1,A,0,4,diag
R3,qwen3.5-27b,full_load,s14,W-00093,0,D,0,3,capacity
R3,qwen3.5-27b,full_load,s14,W-00094,0,C,1,2,capacity
R3,qwen3.5-27b,full_load,s14,W-00095,0,A,0,3,whatif
R3,qwen3.5-27b,full_load,s14,W-00096,1,C,0,4,contract_gate
R3,qwen3.5-27b,full_load,s14,W-00097,0,D,0,5,purchase
R3,qwen3.5-27b,full_load,s14,W-00098,0,C,1,2,whatif
R3,qwen3.5-27b,full_load,s14,W-00099,0,B,0,3,lookup
R3,qwen3.5-27b,full_load,s14,W-00100,1,A,0,4,plan
R3,qwen3.5-27b,full_load,s14,W-00101,1,B,0,5,plan
R3,qwen3.5-27b,full_load,s14,W-00102,0,A,0,5,temporal
R3,qwen3.5-27b,full_load,s14,W-00104,1,A,0,2,conflict
R3,qwen3.5-27b,full_load,s14,W-00105,0,B,0,3,lookup
R3,qwen3.5-27b,full_load,s14,W-00106,1,A,0,4,plan
R3,qwen3.5-27b,full_load,s14,W-00107,0,C,1,3,capacity
R3,qwen3.5-27b,full_load,s14,W-00108,1,B,0,2,sourcing
R3,qwen3.5-27b,full_load,s14,W-00109,0,D,0,3,capacity
R3,qwen3.5-27b,full_load,s14,W-00110,0,D,0,5,temporal
R3,qwen3.5-27b,full_load,s14,W-00111,1,A,0,4,renewal
R3,qwen3.5-27b,full_load,s14,W-00113,1,A,0,2,lookup
R3,qwen3.5-27b,full_load,s14,W-00114,0,A,0,3,diag
R3,qwen3.5-27b,full_load,s14,W-00115,1,A,0,3,lookup
R3,qwen3.5-27b,full_load,s14,W-00116,0,C,1,4,contract_gate
R3,qwen3.5-27b,full_load,s14,W-00117,1,A,0,4,diag
R3,qwen3.5-27b,full_load,s14,W-00118,0,D,0,2,sourcing
R3,qwen3.5-27b,full_load,s14,W-00119,0,B,0,3,budget
R3,qwen3.5-27b,full_load,s14,W-00120,1,A,0,5,plan
R3,qwen3.5-27b,full_load,s14,W-00121,0,A,0,4,plan
R3,qwen3.5-27b,full_load,s14,W-00122,0,C,1,4,vendor
R3,qwen3.5-27b,full_load,s14,W-00123,0,B,0,3,lookup
R3,qwen3.5-27b,full_load,s14,W-00124,1,B,0,2,conflict
R3,qwen3.5-27b,full_load,s14,W-00125,0,C,1,3,contract_gate
R3,qwen3.5-27b,full_load,s14,W-00126,1,A,0,5,diag
R3,qwen3.5-27b,full_load,s14,W-00127,0,A,0,4,diag
R3,qwen3.5-27b,full_load,s14,W-00129,1,C,1,3,capacity
R3,qwen3.5-27b,full_load,s14,W-00130,0,A,0,4,temporal
R3,qwen3.5-27b,full_load,s14,W-00131,0,D,0,2,budget
R3,qwen3.5-27b,full_load,s14,W-00132,1,A,0,3,lookup
R3,qwen3.5-27b,full_load,s14,W-00133,0,C,1,5,alloc
R3,qwen3.5-27b,full_load,s14,W-00134,1,A,0,2,budget
R3,qwen3.5-27b,full_load,s14,W-00135,1,B,0,3,precedence
R3,qwen3.5-27b,full_load,s14,W-00136,0,B,0,2,lookup
R3,qwen3.5-27b,full_load,s14,W-00137,0,A,0,3,plan
R3,qwen3.5-27b,full_load,s14,W-00138,0,B,0,4,plan
R3,qwen3.5-27b,full_load,s14,W-00139,0,C,1,4,purchase
R3,qwen3.5-27b,full_load,s14,W-00140,0,A,0,4,purchase
R3,qwen3.5-27b,full_load,s14,W-00141,1,D,0,5,purchase
R3,qwen3.5-27b,full_load,s14,W-00142,1,A,0,3,lookup
R3,qwen3.5-27b,full_load,s14,W-00143,0,C,1,2,budget
R3,qwen3.5-27b,full_load,s14,W-00144,0,D,0,5,purchase
R3,qwen3.5-27b,full_load,s14,W-00145,1,A,0,3,precedence
R3,qwen3.5-27b,full_load,s14,W-00146,1,C,1,4,contract_gate
R3,qwen3.5-27b,full_load,s14,W-00147,1,A,0,5,diag
R3,qwen3.5-27b,full_load,s14,W-00148,0,D,0,5,purchase
R3,qwen3.5-27b,full_load,s14,W-00149,1,B,0,3,capacity
R3,qwen3.5-27b,full_load,s14,W-00150,0,A,0,4,precedence
base,qwen3.5-27b,direct_relay,s12,W-00001,0,C,1,3,capacity
base,qwen3.5-27b,direct_relay,s12,W-00003,1,A,0,4,plan
base,qwen3.5-27b,direct_relay,s12,W-00004,1,A,0,4,temporal
base,qwen3.5-27b,direct_relay,s12,W-00005,0,D,1,4,alloc
base,qwen3.5-27b,direct_relay,s12,W-00006,0,B,0,3,budget
base,qwen3.5-27b,direct_relay,s12,W-00007,1,A,0,2,budget
base,qwen3.5-27b,direct_relay,s12,W-00008,0,C,1,2,sourcing
base,qwen3.5-27b,direct_relay,s12,W-00009,0,B,0,2,conflict
base,qwen3.5-27b,direct_relay,s12,W-00010,0,C,1,3,budget
base,qwen3.5-27b,direct_relay,s12,W-00011,0,A,0,4,plan
base,qwen3.5-27b,direct_relay,s12,W-00012,0,B,0,4,vendor
base,qwen3.5-27b,direct_relay,s12,W-00013,0,A,0,5,diag
base,qwen3.5-27b,direct_relay,s12,W-00014,0,A,0,3,diag
base,qwen3.5-27b,direct_relay,s12,W-00015,1,A,0,3,lookup
base,qwen3.5-27b,direct_relay,s12,W-00016,0,C,0,2,budget
base,qwen3.5-27b,direct_relay,s12,W-00017,0,B,0,4,contract_gate
base,qwen3.5-27b,direct_relay,s12,W-00018,0,C,1,5,alloc
base,qwen3.5-27b,direct_relay,s12,W-00019,1,A,0,3,precedence
base,qwen3.5-27b,direct_relay,s12,W-00020,1,A,0,4,precedence
base,qwen3.5-27b,direct_relay,s12,W-00022,1,A,0,3,precedence
base,qwen3.5-27b,direct_relay,s12,W-00023,0,D,1,5,alloc
base,qwen3.5-27b,direct_relay,s12,W-00024,1,A,0,2,conflict
base,qwen3.5-27b,direct_relay,s12,W-00025,1,B,0,4,temporal
base,qwen3.5-27b,direct_relay,s12,W-00026,0,C,1,3,temporal
base,qwen3.5-27b,direct_relay,s12,W-00027,1,C,1,4,renewal
base,qwen3.5-27b,direct_relay,s12,W-00028,0,B,0,5,purchase
base,qwen3.5-27b,direct_relay,s12,W-00029,1,A,0,2,capacity
base,qwen3.5-27b,direct_relay,s12,W-00030,1,A,0,4,plan
base,qwen3.5-27b,direct_relay,s12,W-00031,0,C,1,3,vendor
base,qwen3.5-27b,direct_relay,s12,W-00032,1,A,0,3,plan
base,qwen3.5-27b,direct_relay,s12,W-00033,1,B,0,2,conflict
base,qwen3.5-27b,direct_relay,s12,W-00034,0,A,0,4,contract_gate
base,qwen3.5-27b,direct_relay,s12,W-00035,0,D,1,4,sourcing
base,qwen3.5-27b,direct_relay,s12,W-00036,0,D,0,3,capacity
base,qwen3.5-27b,direct_relay,s12,W-00037,1,A,0,2,lookup
base,qwen3.5-27b,direct_relay,s12,W-00038,0,C,1,5,purchase
base,qwen3.5-27b,direct_relay,s12,W-00039,0,A,0,5,diag
base,qwen3.5-27b,direct_relay,s12,W-00040,0,B,0,3,lookup
base,qwen3.5-27b,direct_relay,s12,W-00041,0,D,0,5,diag
base,qwen3.5-27b,direct_relay,s12,W-00042,1,A,0,4,whatif
base,qwen3.5-27b,direct_relay,s12,W-00043,0,C,1,2,sourcing
base,qwen3.5-27b,direct_relay,s12,W-00044,1,A,0,3,precedence
base,qwen3.5-27b,direct_relay,s12,W-00045,0,B,0,3,lookup
base,qwen3.5-27b,direct_relay,s12,W-00046,0,D,0,4,contract_gate
base,qwen3.5-27b,direct_relay,s12,W-00047,1,A,0,5,diag
base,qwen3.5-27b,direct_relay,s12,W-00048,0,B,0,5,purchase
base,qwen3.5-27b,direct_relay,s12,W-00049,1,A,0,3,capacity
base,qwen3.5-27b,direct_relay,s12,W-00050,0,C,1,4,purchase
base,qwen3.5-27b,direct_relay,s12,W-00051,1,A,0,3,plan
base,qwen3.5-27b,direct_relay,s12,W-00052,0,D,1,5,alloc
base,qwen3.5-27b,direct_relay,s12,W-00053,0,D,0,4,contract_gate
base,qwen3.5-27b,direct_relay,s12,W-00054,1,A,0,2,conflict
base,qwen3.5-27b,direct_relay,s12,W-00055,0,B,0,3,lookup
base,qwen3.5-27b,direct_relay,s12,W-00056,0,C,1,2,capacity
base,qwen3.5-27b,direct_relay,s12,W-00057,0,A,0,5,vendor
base,qwen3.5-27b,direct_relay,s12,W-00058,0,B,0,4,whatif
base,qwen3.5-27b,direct_relay,s12,W-00059,1,A,0,3,lookup
base,qwen3.5-27b,direct_relay,s12,W-00060,0,D,0,2,budget
base,qwen3.5-27b,direct_relay,s12,W-00061,0,C,1,4,contract_gate
base,qwen3.5-27b,direct_relay,s12,W-00062,1,A,0,3,plan
base,qwen3.5-27b,direct_relay,s12,W-00063,0,B,0,2,sourcing
base,qwen3.5-27b,direct_relay,s12,W-00064,1,A,0,4,plan
base,qwen3.5-27b,direct_relay,s12,W-00065,0,D,0,3,lookup
base,qwen3.5-27b,direct_relay,s12,W-00066,0,C,1,5,purchase
base,qwen3.5-27b,direct_relay,s12,W-00067,0,A,0,4,diag
base,qwen3.5-27b,direct_relay,s12,W-00068,0,B,0,4,purchase
base,qwen3.5-27b,direct_relay,s12,W-00069,0,A,0,5,diag
base,qwen3.5-27b,direct_relay,s12,W-00070,0,D,0,3,contract_gate
base,qwen3.5-27b,direct_relay,s12,W-00071,0,A,0,3,vendor
base,qwen3.5-27b,direct_relay,s12,W-00072,0,D,0,2,budget
base,qwen3.5-27b,direct_relay,s12,W-00073,0,B,0,5,plan
base,qwen3.5-27b,direct_relay,s12,W-00074,1,A,0,2,budget
base,qwen3.5-27b,direct_relay,s12,W-00076,0,C,1,3,capacity
base,qwen3.5-27b,direct_relay,s12,W-00077,1,A,0,2,lookup
base,qwen3.5-27b,direct_relay,s12,W-00078,1,B,0,4,temporal
base,qwen3.5-27b,direct_relay,s12,W-00079,1,A,0,3,diag
base,qwen3.5-27b,direct_relay,s12,W-00080,0,D,0,5,purchase
base,qwen3.5-27b,direct_relay,s12,W-00081,1,B,0,2,conflict
base,qwen3.5-27b,direct_relay,s12,W-00082,0,B,0,2,lookup
base,qwen3.5-27b,direct_relay,s12,W-00083,1,A,0,3,budget
base,qwen3.5-27b,direct_relay,s12,W-00084,1,A,0,4,diag
base,qwen3.5-27b,direct_relay,s12,W-00085,0,C,1,3,contract_gate
base,qwen3.5-27b,direct_relay,s12,W-00087,1,A,0,4,diag
base,qwen3.5-27b,direct_relay,s12,W-00088,0,C,1,3,capacity
base,qwen3.5-27b,direct_relay,s12,W-00089,1,A,0,4,temporal
base,qwen3.5-27b,direct_relay,s12,W-00090,0,D,0,5,purchase
base,qwen3.5-27b,direct_relay,s12,W-00091,0,A,0,4,diag
base,qwen3.5-27b,direct_relay,s12,W-00092,0,B,0,3,lookup
base,qwen3.5-27b,direct_relay,s12,W-00093,0,C,0,4,contract_gate
base,qwen3.5-27b,direct_relay,s12,W-00094,0,C,1,2,capacity
base,qwen3.5-27b,direct_relay,s12,W-00095,1,A,0,3,lookup
base,qwen3.5-27b,direct_relay,s12,W-00096,1,A,0,4,diag
base,qwen3.5-27b,direct_relay,s12,W-00097,0,D,0,5,purchase
base,qwen3.5-27b,direct_relay,s12,W-00098,0,C,1,2,whatif
base,qwen3.5-27b,direct_relay,s12,W-00099,1,A,0,3,precedence
base,qwen3.5-27b,direct_relay,s12,W-00100,0,B,0,5,alloc
base,qwen3.5-27b,direct_relay,s13,W-00002,0,C,1,2,budget
base,qwen3.5-27b,direct_relay,s13,W-00003,0,D,0,5,alloc
base,qwen3.5-27b,direct_relay,s13,W-00005,0,C,1,2,budget
base,qwen3.5-27b,direct_relay,s13,W-00006,0,D,0,3,budget
base,qwen3.5-27b,direct_relay,s13,W-00007,0,A,0,4,diag
base,qwen3.5-27b,direct_relay,s13,W-00008,0,A,0,5,diag
base,qwen3.5-27b,direct_relay,s13,W-00009,0,D,1,4,alloc
base,qwen3.5-27b,direct_relay,s13,W-00010,1,A,0,2,lookup
base,qwen3.5-27b,direct_relay,s13,W-00011,0,A,0,3,vendor
base,qwen3.5-27b,direct_relay,s13,W-00012,1,A,0,3,precedence
base,qwen3.5-27b,direct_relay,s13,W-00013,0,C,1,5,temporal
base,qwen3.5-27b,direct_relay,s13,W-00014,0,B,0,3,budget
base,qwen3.5-27b,direct_relay,s13,W-00015,0,B,0,4,precedence
base,qwen3.5-27b,direct_relay,s13,W-00016,1,A,0,2,budget
base,qwen3.5-27b,direct_relay,s13,W-00017,1,A,0,3,lookup
base,qwen3.5-27b,direct_relay,s13,W-00018,0,C,1,4,alloc
base,qwen3.5-27b,direct_relay,s13,W-00019,0,C,1,4,contract_gate
base,qwen3.5-27b,direct_relay,s13,W-00020,0,A,0,4,diag
base,qwen3.5-27b,direct_relay,s13,W-00021,0,C,1,4,vendor
base,qwen3.5-27b,direct_relay,s13,W-00022,1,A,0,3,diag
base,qwen3.5-27b,direct_relay,s13,W-00023,0,B,0,3,capacity
base,qwen3.5-27b,direct_relay,s13,W-00024,1,A,0,4,temporal
base,qwen3.5-27b,direct_relay,s13,W-00025,0,B,0,2,conflict
base,qwen3.5-27b,direct_relay,s13,W-00026,0,B,0,3,budget
base,qwen3.5-27b,direct_relay,s13,W-00027,0,D,0,2,capacity
base,qwen3.5-27b,direct_relay,s13,W-00028,0,A,0,4,plan
base,qwen3.5-27b,direct_relay,s13,W-00029,0,B,0,3,lookup
base,qwen3.5-27b,direct_relay,s13,W-00030,1,A,0,2,conflict
base,qwen3.5-27b,direct_relay,s13,W-00031,1,A,0,3,plan
base,qwen3.5-27b,direct_relay,s13,W-00032,1,A,0,4,plan
base,qwen3.5-27b,direct_relay,s13,W-00033,0,D,1,5,alloc
base,qwen3.5-27b,direct_relay,s13,W-00034,0,B,0,2,whatif
base,qwen3.5-27b,direct_relay,s13,W-00036,0,C,1,5,alloc
base,qwen3.5-27b,direct_relay,s13,W-00037,1,A,0,4,diag
base,qwen3.5-27b,direct_relay,s13,W-00038,0,D,0,4,precedence
base,qwen3.5-27b,direct_relay,s13,W-00039,1,A,0,3,precedence
base,qwen3.5-27b,direct_relay,s13,W-00040,0,D,0,2,capacity
base,qwen3.5-27b,direct_relay,s13,W-00041,0,B,0,2,conflict
base,qwen3.5-27b,direct_relay,s13,W-00042,0,A,0,3,plan
base,qwen3.5-27b,direct_relay,s13,W-00043,0,C,1,4,vendor
base,qwen3.5-27b,direct_relay,s13,W-00044,1,A,0,4,purchase
base,qwen3.5-27b,direct_relay,s13,W-00045,0,C,1,3,contract_gate
base,qwen3.5-27b,direct_relay,s13,W-00046,0,B,0,5,plan
base,qwen3.5-27b,direct_relay,s13,W-00047,0,C,1,5,purchase
base,qwen3.5-27b,direct_relay,s13,W-00048,1,A,0,2,lookup
base,qwen3.5-27b,direct_relay,s13,W-00049,0,B,0,3,lookup
base,qwen3.5-27b,direct_relay,s13,W-00050,0,A,0,4,precedence
base,qwen3.5-27b,direct_relay,s13,W-00051,0,D,0,4,plan
base,qwen3.5-27b,direct_relay,s13,W-00052,1,A,0,4,diag
base,qwen3.5-27b,direct_relay,s13,W-00053,1,B,0,3,lookup
base,qwen3.5-27b,direct_relay,s13,W-00055,0,D,0,3,capacity
base,qwen3.5-27b,direct_relay,s13,W-00056,0,A,0,2,lookup
base,qwen3.5-27b,direct_relay,s13,W-00057,1,A,0,4,plan
base,qwen3.5-27b,direct_relay,s13,W-00058,0,C,1,3,contract_gate
base,qwen3.5-27b,direct_relay,s13,W-00059,0,A,0,5,diag
base,qwen3.5-27b,direct_relay,s13,W-00061,0,C,0,4,contract_gate
base,qwen3.5-27b,direct_relay,s13,W-00062,0,A,0,4,diag
base,qwen3.5-27b,direct_relay,s13,W-00063,0,C,1,3,contract_gate
base,qwen3.5-27b,direct_relay,s13,W-00064,1,A,0,2,capacity
base,qwen3.5-27b,direct_relay,s13,W-00065,0,C,0,5,alloc
base,qwen3.5-27b,direct_relay,s13,W-00066,0,B,0,3,lookup
base,qwen3.5-27b,direct_relay,s13,W-00068,1,A,0,4,diag
base,qwen3.5-27b,direct_relay,s13,W-00069,1,A,0,4,whatif
base,qwen3.5-27b,direct_relay,s13,W-00070,0,B,0,3,contract_gate
base,qwen3.5-27b,direct_relay,s13,W-00071,1,A,0,5,renewal
base,qwen3.5-27b,direct_relay,s13,W-00072,0,C,1,2,budget
base,qwen3.5-27b,direct_relay,s13,W-00073,0,B,0,4,vendor
base,qwen3.5-27b,direct_relay,s13,W-00074,0,A,0,5,plan
base,qwen3.5-27b,direct_relay,s13,W-00075,0,C,0,4,contract_gate
base,qwen3.5-27b,direct_relay,s13,W-00076,0,D,1,5,alloc
base,qwen3.5-27b,direct_relay,s13,W-00077,0,D,0,3,capacity
base,qwen3.5-27b,direct_relay,s13,W-00078,0,B,0,3,budget
base,qwen3.5-27b,direct_relay,s13,W-00079,1,A,0,5,diag
base,qwen3.5-27b,direct_relay,s13,W-00080,1,A,0,3,lookup
base,qwen3.5-27b,direct_relay,s13,W-00081,1,C,1,4,purchase
base,qwen3.5-27b,direct_relay,s13,W-00082,1,A,0,2,budget
base,qwen3.5-27b,direct_relay,s13,W-00084,1,A,0,3,diag
base,qwen3.5-27b,direct_relay,s13,W-00085,0,C,1,4,alloc
base,qwen3.5-27b,direct_relay,s13,W-00086,0,D,0,2,budget
base,qwen3.5-27b,direct_relay,s13,W-00087,0,D,0,4,whatif
base,qwen3.5-27b,direct_relay,s13,W-00088,1,A,0,3,lookup
base,qwen3.5-27b,direct_relay,s13,W-00089,0,C,1,3,budget
base,qwen3.5-27b,direct_relay,s13,W-00090,1,A,0,2,conflict
base,qwen3.5-27b,direct_relay,s13,W-00091,0,B,0,2,conflict
base,qwen3.5-27b,direct_relay,s13,W-00094,0,C,1,4,contract_gate
base,qwen3.5-27b,direct_relay,s13,W-00095,0,D,0,3,sourcing
base,qwen3.5-27b,direct_relay,s13,W-00096,1,A,0,5,purchase
base,qwen3.5-27b,direct_relay,s13,W-00097,1,A,0,5,renewal
base,qwen3.5-27b,direct_relay,s13,W-00098,0,C,1,2,budget
base,qwen3.5-27b,direct_relay,s13,W-00099,0,A,0,3,lookup
base,qwen3.5-27b,direct_relay,s13,W-00100,0,B,0,4,plan
base,qwen3.5-27b,direct_relay,s14,W-00002,0,C,1,3,capacity
base,qwen3.5-27b,direct_relay,s14,W-00003,1,A,0,4,precedence
base,qwen3.5-27b,direct_relay,s14,W-00004,1,A,0,2,conflict
base,qwen3.5-27b,direct_relay,s14,W-00006,1,A,0,4,plan
base,qwen3.5-27b,direct_relay,s14,W-00007,1,A,0,3,precedence
base,qwen3.5-27b,direct_relay,s14,W-00008,0,B,0,5,purchase
base,qwen3.5-27b,direct_relay,s14,W-00009,0,C,1,2,budget
base,qwen3.5-27b,direct_relay,s14,W-00010,0,D,0,3,budget
base,qwen3.5-27b,direct_relay,s14,W-00011,1,A,0,3,plan
base,qwen3.5-27b,direct_relay,s14,W-00012,0,B,0,4,whatif
base,qwen3.5-27b,direct_relay,s14,W-00013,0,A,0,5,temporal
base,qwen3.5-27b,direct_relay,s14,W-00014,0,D,1,5,purchase
base,qwen3.5-27b,direct_relay,s14,W-00015,0,B,0,2,budget
base,qwen3.5-27b,direct_relay,s14,W-00016,1,A,0,4,whatif
base,qwen3.5-27b,direct_relay,s14,W-00017,1,B,0,2,conflict
base,qwen3.5-27b,direct_relay,s14,W-00018,0,C,1,4,contract_gate
base,qwen3.5-27b,direct_relay,s14,W-00019,0,A,0,3,lookup
base,qwen3.5-27b,direct_relay,s14,W-00020,1,A,0,4,renewal
base,qwen3.5-27b,direct_relay,s14,W-00021,1,A,0,4,plan
base,qwen3.5-27b,direct_relay,s14,W-00022,0,B,0,2,conflict
base,qwen3.5-27b,direct_relay,s14,W-00023,0,C,1,5,alloc
base,qwen3.5-27b,direct_relay,s14,W-00024,1,A,0,2,lookup
base,qwen3.5-27b,direct_relay,s14,W-00025,0,C,0,5,alloc
base,qwen3.5-27b,direct_relay,s14,W-00026,0,B,0,3,lookup
base,qwen3.5-27b,direct_relay,s14,W-00027,0,C,1,3,contract_gate
base,qwen3.5-27b,direct_relay,s14,W-00028,0,B,0,5,purchase
base,qwen3.5-27b,direct_relay,s14,W-00029,1,A,0,2,capacity
base,qwen3.5-27b,direct_relay,s14,W-00030,1,A,0,4,whatif
base,qwen3.5-27b,direct_relay,s14,W-00031,0,A,0,4,plan
base,qwen3.5-27b,direct_relay,s14,W-00032,0,C,1,3,capacity
base,qwen3.5-27b,direct_relay,s14,W-00033,0,D,0,2,capacity
base,qwen3.5-27b,direct_relay,s14,W-00034,0,D,0,3,contract_gate
base,qwen3.5-27b,direct_relay,s14,W-00035,1,A,0,3,sourcing
base,qwen3.5-27b,direct_relay,s14,W-00036,0,C,1,3,capacity
base,qwen3.5-27b,direct_relay,s14,W-00037,1,A,0,3,lookup
base,qwen3.5-27b,direct_relay,s14,W-00038,0,B,0,4,whatif
base,qwen3.5-27b,direct_relay,s14,W-00039,0,B,0,4,vendor
base,qwen3.5-27b,direct_relay,s14,W-00040,0,D,0,2,capacity
base,qwen3.5-27b,direct_relay,s14,W-00041,0,C,1,3,purchase
base,qwen3.5-27b,direct_relay,s14,W-00042,1,A,0,4,temporal
base,qwen3.5-27b,direct_relay,s14,W-00043,1,A,0,3,diag
base,qwen3.5-27b,direct_relay,s14,W-00044,0,B,0,5,purchase
base,qwen3.5-27b,direct_relay,s14,W-00045,0,C,1,4,contract_gate
base,qwen3.5-27b,direct_relay,s14,W-00046,1,A,0,3,lookup
base,qwen3.5-27b,direct_relay,s14,W-00047,1,A,0,4,renewal
base,qwen3.5-27b,direct_relay,s14,W-00048,1,B,0,5,plan
base,qwen3.5-27b,direct_relay,s14,W-00049,0,C,1,5,alloc
base,qwen3.5-27b,direct_relay,s14,W-00050,0,A,0,2,conflict
base,qwen3.5-27b,direct_relay,s14,W-00051,0,C,1,3,contract_gate
base,qwen3.5-27b,direct_relay,s14,W-00052,0,A,0,3,diag
base,qwen3.5-27b,direct_relay,s14,W-00053,0,B,0,4,alloc
base,qwen3.5-27b,direct_relay,s14,W-00054,0,A,0,5,whatif
base,qwen3.5-27b,direct_relay,s14,W-00055,0,D,0,3,capacity
base,qwen3.5-27b,direct_relay,s14,W-00056,1,A,0,2,lookup
base,qwen3.5-27b,direct_relay,s14,W-00057,0,D,0,2,capacity
base,qwen3.5-27b,direct_relay,s14,W-00058,0,C,1,5,alloc
base,qwen3.5-27b,direct_relay,s14,W-00059,0,A,0,4,contract_gate
base,qwen3.5-27b,direct_relay,s14,W-00060,0,B,0,4,purchase
base,qwen3.5-27b,direct_relay,s14,W-00061,0,B,0,2,conflict
base,qwen3.5-27b,direct_relay,s14,W-00062,0,A,0,3,plan
base,qwen3.5-27b,direct_relay,s14,W-00063,1,A,0,4,plan
base,qwen3.5-27b,direct_relay,s14,W-00064,0,D,1,4,sourcing
base,qwen3.5-27b,direct_relay,s14,W-00065,0,D,0,2,budget
base,qwen3.5-27b,direct_relay,s14,W-00066,0,D,0,3,capacity
base,qwen3.5-27b,direct_relay,s14,W-00067,0,D,1,4,sourcing
base,qwen3.5-27b,direct_relay,s14,W-00068,1,A,0,2,lookup
base,qwen3.5-27b,direct_relay,s14,W-00069,1,A,0,3,conflict
base,qwen3.5-27b,direct_relay,s14,W-00070,0,B,0,3,contract_gate
base,qwen3.5-27b,direct_relay,s14,W-00071,0,A,0,2,lookup
base,qwen3.5-27b,direct_relay,s14,W-00072,0,A,0,3,vendor
base,qwen3.5-27b,direct_relay,s14,W-00073,0,C,1,4,purchase
base,qwen3.5-27b,direct_relay,s14,W-00074,0,B,0,4,precedence
base,qwen3.5-27b,direct_relay,s14,W-00075,0,D,0,3,capacity
base,qwen3.5-27b,direct_relay,s14,W-00076,0,C,1,4,purchase
base,qwen3.5-27b,direct_relay,s14,W-00077,0,C,0,5,alloc
base,qwen3.5-27b,direct_relay,s14,W-00078,1,A,0,2,whatif
base,qwen3.5-27b,direct_relay,s14,W-00079,0,D,0,3,capacity
base,qwen3.5-27b,direct_relay,s14,W-00080,1,A,0,4,temporal
base,qwen3.5-27b,direct_relay,s14,W-00081,0,B,0,4,plan
base,qwen3.5-27b,direct_relay,s14,W-00082,0,C,1,3,sourcing
base,qwen3.5-27b,direct_relay,s14,W-00083,1,A,0,2,conflict
base,qwen3.5-27b,direct_relay,s14,W-00084,0,A,0,5,purchase
base,qwen3.5-27b,direct_relay,s14,W-00085,0,C,1,5,alloc
base,qwen3.5-27b,direct_relay,s14,W-00086,0,B,0,3,lookup
base,qwen3.5-27b,direct_relay,s14,W-00087,0,A,0,4,plan
base,qwen3.5-27b,direct_relay,s14,W-00088,0,B,0,3,lookup
base,qwen3.5-27b,direct_relay,s14,W-00089,0,C,1,2,capacity
base,qwen3.5-27b,direct_relay,s14,W-00090,1,A,0,4,contract_gate
base,qwen3.5-27b,direct_relay,s14,W-00091,1,A,0,4,plan
base,qwen3.5-27b,direct_relay,s14,W-00092,0,D,0,3,vendor
base,qwen3.5-27b,direct_relay,s14,W-00093,0,C,0,2,temporal
base,qwen3.5-27b,direct_relay,s14,W-00094,0,C,1,5,alloc
base,qwen3.5-27b,direct_relay,s14,W-00095,1,A,0,3,lookup
base,qwen3.5-27b,direct_relay,s14,W-00096,1,B,0,4,plan
base,qwen3.5-27b,direct_relay,s14,W-00097,0,A,0,2,budget
base,qwen3.5-27b,direct_relay,s14,W-00098,0,C,1,4,contract_gate
base,qwen3.5-27b,direct_relay,s14,W-00099,1,A,0,3,plan
base,qwen3.5-27b,direct_relay,s14,W-00100,0,B,0,5,purchase
base,qwen3.5-27b,retrieve,s12,W-00001,0,C,1,3,capacity
base,qwen3.5-27b,retrieve,s12,W-00003,1,A,0,4,plan
base,qwen3.5-27b,retrieve,s12,W-00004,0,A,0,4,temporal
base,qwen3.5-27b,retrieve,s12,W-00005,0,D,1,4,alloc
base,qwen3.5-27b,retrieve,s12,W-00006,1,B,0,3,budget
base,qwen3.5-27b,retrieve,s12,W-00007,1,A,0,2,budget
base,qwen3.5-27b,retrieve,s12,W-00008,0,C,1,2,sourcing
base,qwen3.5-27b,retrieve,s12,W-00009,1,B,0,2,conflict
base,qwen3.5-27b,retrieve,s12,W-00010,0,C,1,3,budget
base,qwen3.5-27b,retrieve,s12,W-00011,0,A,0,4,plan
base,qwen3.5-27b,retrieve,s12,W-00012,0,B,0,4,vendor
base,qwen3.5-27b,retrieve,s12,W-00013,0,A,0,5,diag
base,qwen3.5-27b,retrieve,s12,W-00014,0,A,0,3,diag
base,qwen3.5-27b,retrieve,s12,W-00015,1,A,0,3,lookup
base,qwen3.5-27b,retrieve,s12,W-00016,0,C,0,2,budget
base,qwen3.5-27b,retrieve,s12,W-00017,0,B,0,4,contract_gate
base,qwen3.5-27b,retrieve,s12,W-00018,0,C,1,5,alloc
base,qwen3.5-27b,retrieve,s12,W-00019,1,A,0,3,precedence
base,qwen3.5-27b,retrieve,s12,W-00020,1,A,0,4,precedence
base,qwen3.5-27b,retrieve,s12,W-00022,1,A,0,3,precedence
base,qwen3.5-27b,retrieve,s12,W-00023,0,D,1,5,alloc
base,qwen3.5-27b,retrieve,s12,W-00024,1,A,0,2,conflict
base,qwen3.5-27b,retrieve,s12,W-00025,0,B,0,4,temporal
base,qwen3.5-27b,retrieve,s12,W-00026,0,C,1,3,temporal
base,qwen3.5-27b,retrieve,s12,W-00027,0,C,1,4,renewal
base,qwen3.5-27b,retrieve,s12,W-00028,0,B,0,5,purchase
base,qwen3.5-27b,retrieve,s12,W-00029,1,A,0,2,capacity
base,qwen3.5-27b,retrieve,s12,W-00030,1,A,0,4,plan
base,qwen3.5-27b,retrieve,s12,W-00031,0,C,1,3,vendor
base,qwen3.5-27b,retrieve,s12,W-00032,1,A,0,3,plan
base,qwen3.5-27b,retrieve,s12,W-00033,1,B,0,2,conflict
base,qwen3.5-27b,retrieve,s12,W-00034,1,A,0,4,contract_gate
base,qwen3.5-27b,retrieve,s12,W-00035,0,D,1,4,sourcing
base,qwen3.5-27b,retrieve,s12,W-00036,0,D,0,3,capacity
base,qwen3.5-27b,retrieve,s12,W-00037,1,A,0,2,lookup
base,qwen3.5-27b,retrieve,s12,W-00038,0,C,1,5,purchase
base,qwen3.5-27b,retrieve,s12,W-00039,0,A,0,5,diag
base,qwen3.5-27b,retrieve,s12,W-00040,1,B,0,3,lookup
base,qwen3.5-27b,retrieve,s12,W-00041,1,D,0,5,diag
base,qwen3.5-27b,retrieve,s12,W-00042,1,A,0,4,whatif
base,qwen3.5-27b,retrieve,s12,W-00043,0,C,1,2,sourcing
base,qwen3.5-27b,retrieve,s12,W-00044,1,A,0,3,precedence
base,qwen3.5-27b,retrieve,s12,W-00045,1,B,0,3,lookup
base,qwen3.5-27b,retrieve,s12,W-00046,1,D,0,4,contract_gate
base,qwen3.5-27b,retrieve,s12,W-00047,1,A,0,5,diag
base,qwen3.5-27b,retrieve,s12,W-00048,0,B,0,5,purchase
base,qwen3.5-27b,retrieve,s12,W-00049,1,A,0,3,capacity
base,qwen3.5-27b,retrieve,s12,W-00050,0,C,1,4,purchase
base,qwen3.5-27b,retrieve,s12,W-00051,1,A,0,3,plan
base,qwen3.5-27b,retrieve,s12,W-00052,0,D,1,5,alloc
base,qwen3.5-27b,retrieve,s12,W-00053,1,D,0,4,contract_gate
base,qwen3.5-27b,retrieve,s12,W-00054,1,A,0,2,conflict
base,qwen3.5-27b,retrieve,s12,W-00055,1,B,0,3,lookup
base,qwen3.5-27b,retrieve,s12,W-00056,0,C,1,2,capacity
base,qwen3.5-27b,retrieve,s12,W-00057,0,A,0,5,vendor
base,qwen3.5-27b,retrieve,s12,W-00058,0,B,0,4,whatif
base,qwen3.5-27b,retrieve,s12,W-00059,1,A,0,3,lookup
base,qwen3.5-27b,retrieve,s12,W-00060,1,D,0,2,budget
base,qwen3.5-27b,retrieve,s12,W-00061,1,C,1,4,contract_gate
base,qwen3.5-27b,retrieve,s12,W-00062,1,A,0,3,plan
base,qwen3.5-27b,retrieve,s12,W-00063,0,B,0,2,sourcing
base,qwen3.5-27b,retrieve,s12,W-00064,1,A,0,4,plan
base,qwen3.5-27b,retrieve,s12,W-00065,1,D,0,3,lookup
base,qwen3.5-27b,retrieve,s12,W-00066,0,C,1,5,purchase
base,qwen3.5-27b,retrieve,s12,W-00067,1,A,0,4,diag
base,qwen3.5-27b,retrieve,s12,W-00068,1,B,0,4,purchase
base,qwen3.5-27b,retrieve,s12,W-00069,0,A,0,5,diag
base,qwen3.5-27b,retrieve,s12,W-00070,0,D,0,3,contract_gate
base,qwen3.5-27b,retrieve,s12,W-00071,0,A,0,3,vendor
base,qwen3.5-27b,retrieve,s12,W-00072,0,D,0,2,budget
base,qwen3.5-27b,retrieve,s12,W-00073,0,B,0,5,plan
base,qwen3.5-27b,retrieve,s12,W-00074,1,A,0,2,budget
base,qwen3.5-27b,retrieve,s12,W-00076,0,C,1,3,capacity
base,qwen3.5-27b,retrieve,s12,W-00077,1,A,0,2,lookup
base,qwen3.5-27b,retrieve,s12,W-00078,1,B,0,4,temporal
base,qwen3.5-27b,retrieve,s12,W-00079,1,A,0,3,diag
base,qwen3.5-27b,retrieve,s12,W-00080,0,D,0,5,purchase
base,qwen3.5-27b,retrieve,s12,W-00081,0,B,0,2,conflict
base,qwen3.5-27b,retrieve,s12,W-00082,1,B,0,2,lookup
base,qwen3.5-27b,retrieve,s12,W-00083,1,A,0,3,budget
base,qwen3.5-27b,retrieve,s12,W-00084,1,A,0,4,diag
base,qwen3.5-27b,retrieve,s12,W-00085,1,C,1,3,contract_gate
base,qwen3.5-27b,retrieve,s12,W-00087,0,A,0,4,diag
base,qwen3.5-27b,retrieve,s12,W-00088,1,C,1,3,capacity
base,qwen3.5-27b,retrieve,s12,W-00089,1,A,0,4,temporal
base,qwen3.5-27b,retrieve,s12,W-00090,0,D,0,5,purchase
base,qwen3.5-27b,retrieve,s12,W-00091,0,A,0,4,diag
base,qwen3.5-27b,retrieve,s12,W-00092,1,B,0,3,lookup
base,qwen3.5-27b,retrieve,s12,W-00093,1,C,0,4,contract_gate
base,qwen3.5-27b,retrieve,s12,W-00094,0,C,1,2,capacity
base,qwen3.5-27b,retrieve,s12,W-00095,1,A,0,3,lookup
base,qwen3.5-27b,retrieve,s12,W-00096,1,A,0,4,diag
base,qwen3.5-27b,retrieve,s12,W-00097,0,D,0,5,purchase
base,qwen3.5-27b,retrieve,s12,W-00098,0,C,1,2,whatif
base,qwen3.5-27b,retrieve,s12,W-00099,1,A,0,3,precedence
base,qwen3.5-27b,retrieve,s12,W-00100,0,B,0,5,alloc
base,qwen3.5-27b,retrieve,s13,W-00002,0,C,1,2,budget
base,qwen3.5-27b,retrieve,s13,W-00003,0,D,0,5,alloc
base,qwen3.5-27b,retrieve,s13,W-00005,0,C,1,2,budget
base,qwen3.5-27b,retrieve,s13,W-00006,1,D,0,3,budget
base,qwen3.5-27b,retrieve,s13,W-00007,0,A,0,4,diag
base,qwen3.5-27b,retrieve,s13,W-00008,0,A,0,5,diag
base,qwen3.5-27b,retrieve,s13,W-00009,0,D,1,4,alloc
base,qwen3.5-27b,retrieve,s13,W-00010,1,A,0,2,lookup
base,qwen3.5-27b,retrieve,s13,W-00011,0,A,0,3,vendor
base,qwen3.5-27b,retrieve,s13,W-00012,0,A,0,3,precedence
base,qwen3.5-27b,retrieve,s13,W-00013,0,C,1,5,temporal
base,qwen3.5-27b,retrieve,s13,W-00014,1,B,0,3,budget
base,qwen3.5-27b,retrieve,s13,W-00015,0,B,0,4,precedence
base,qwen3.5-27b,retrieve,s13,W-00016,1,A,0,2,budget
base,qwen3.5-27b,retrieve,s13,W-00017,1,A,0,3,lookup
base,qwen3.5-27b,retrieve,s13,W-00018,0,C,1,4,alloc
base,qwen3.5-27b,retrieve,s13,W-00019,1,C,1,4,contract_gate
base,qwen3.5-27b,retrieve,s13,W-00020,0,A,0,4,diag
base,qwen3.5-27b,retrieve,s13,W-00021,0,C,1,4,vendor
base,qwen3.5-27b,retrieve,s13,W-00022,0,A,0,3,diag
base,qwen3.5-27b,retrieve,s13,W-00023,0,B,0,3,capacity
base,qwen3.5-27b,retrieve,s13,W-00024,1,A,0,4,temporal
base,qwen3.5-27b,retrieve,s13,W-00025,1,B,0,2,conflict
base,qwen3.5-27b,retrieve,s13,W-00026,0,B,0,3,budget
base,qwen3.5-27b,retrieve,s13,W-00027,0,D,0,2,capacity
base,qwen3.5-27b,retrieve,s13,W-00028,0,A,0,4,plan
base,qwen3.5-27b,retrieve,s13,W-00029,1,B,0,3,lookup
base,qwen3.5-27b,retrieve,s13,W-00030,0,A,0,2,conflict
base,qwen3.5-27b,retrieve,s13,W-00031,0,A,0,3,plan
base,qwen3.5-27b,retrieve,s13,W-00032,1,A,0,4,plan
base,qwen3.5-27b,retrieve,s13,W-00033,0,D,1,5,alloc
base,qwen3.5-27b,retrieve,s13,W-00034,1,B,0,2,whatif
base,qwen3.5-27b,retrieve,s13,W-00036,0,C,1,5,alloc
base,qwen3.5-27b,retrieve,s13,W-00037,1,A,0,4,diag
base,qwen3.5-27b,retrieve,s13,W-00038,0,D,0,4,precedence
base,qwen3.5-27b,retrieve,s13,W-00039,0,A,0,3,precedence
base,qwen3.5-27b,retrieve,s13,W-00040,0,D,0,2,capacity
base,qwen3.5-27b,retrieve,s13,W-00041,1,B,0,2,conflict
base,qwen3.5-27b,retrieve,s13,W-00042,0,A,0,3,plan
base,qwen3.5-27b,retrieve,s13,W-00043,0,C,1,4,vendor
base,qwen3.5-27b,retrieve,s13,W-00044,1,A,0,4,purchase
base,qwen3.5-27b,retrieve,s13,W-00045,1,C,1,3,contract_gate
base,qwen3.5-27b,retrieve,s13,W-00046,0,B,0,5,plan
base,qwen3.5-27b,retrieve,s13,W-00047,0,C,1,5,purchase
base,qwen3.5-27b,retrieve,s13,W-00048,1,A,0,2,lookup
base,qwen3.5-27b,retrieve,s13,W-00049,1,B,0,3,lookup
base,qwen3.5-27b,retrieve,s13,W-00050,0,A,0,4,precedence
base,qwen3.5-27b,retrieve,s13,W-00051,0,D,0,4,plan
base,qwen3.5-27b,retrieve,s13,W-00052,1,A,0,4,diag
base,qwen3.5-27b,retrieve,s13,W-00053,1,B,0,3,lookup
base,qwen3.5-27b,retrieve,s13,W-00055,1,D,0,3,capacity
base,qwen3.5-27b,retrieve,s13,W-00056,0,A,0,2,lookup
base,qwen3.5-27b,retrieve,s13,W-00057,1,A,0,4,plan
base,qwen3.5-27b,retrieve,s13,W-00058,1,C,1,3,contract_gate
base,qwen3.5-27b,retrieve,s13,W-00059,0,A,0,5,diag
base,qwen3.5-27b,retrieve,s13,W-00061,0,C,0,4,contract_gate
base,qwen3.5-27b,retrieve,s13,W-00062,0,A,0,4,diag
base,qwen3.5-27b,retrieve,s13,W-00063,1,C,1,3,contract_gate
base,qwen3.5-27b,retrieve,s13,W-00064,1,A,0,2,capacity
base,qwen3.5-27b,retrieve,s13,W-00065,0,C,0,5,alloc
base,qwen3.5-27b,retrieve,s13,W-00066,1,B,0,3,lookup
base,qwen3.5-27b,retrieve,s13,W-00068,0,A,0,4,diag
base,qwen3.5-27b,retrieve,s13,W-00069,1,A,0,4,whatif
base,qwen3.5-27b,retrieve,s13,W-00070,0,B,0,3,contract_gate
base,qwen3.5-27b,retrieve,s13,W-00071,1,A,0,5,renewal
base,qwen3.5-27b,retrieve,s13,W-00072,0,C,1,2,budget
base,qwen3.5-27b,retrieve,s13,W-00073,0,B,0,4,vendor
base,qwen3.5-27b,retrieve,s13,W-00074,0,A,0,5,plan
base,qwen3.5-27b,retrieve,s13,W-00075,1,C,0,4,contract_gate
base,qwen3.5-27b,retrieve,s13,W-00076,0,D,1,5,alloc
base,qwen3.5-27b,retrieve,s13,W-00077,0,D,0,3,capacity
base,qwen3.5-27b,retrieve,s13,W-00078,1,B,0,3,budget
base,qwen3.5-27b,retrieve,s13,W-00079,0,A,0,5,diag
base,qwen3.5-27b,retrieve,s13,W-00080,1,A,0,3,lookup
base,qwen3.5-27b,retrieve,s13,W-00081,1,C,1,4,purchase
base,qwen3.5-27b,retrieve,s13,W-00082,1,A,0,2,budget
base,qwen3.5-27b,retrieve,s13,W-00084,1,A,0,3,diag
base,qwen3.5-27b,retrieve,s13,W-00085,1,C,1,4,alloc
base,qwen3.5-27b,retrieve,s13,W-00086,0,D,0,2,budget
base,qwen3.5-27b,retrieve,s13,W-00087,0,D,0,4,whatif
base,qwen3.5-27b,retrieve,s13,W-00088,1,A,0,3,lookup
base,qwen3.5-27b,retrieve,s13,W-00089,0,C,1,3,budget
base,qwen3.5-27b,retrieve,s13,W-00090,1,A,0,2,conflict
base,qwen3.5-27b,retrieve,s13,W-00091,0,B,0,2,conflict
base,qwen3.5-27b,retrieve,s13,W-00094,0,C,1,4,contract_gate
base,qwen3.5-27b,retrieve,s13,W-00095,0,D,0,3,sourcing
base,qwen3.5-27b,retrieve,s13,W-00096,0,A,0,5,purchase
base,qwen3.5-27b,retrieve,s13,W-00097,1,A,0,5,renewal
base,qwen3.5-27b,retrieve,s13,W-00098,0,C,1,2,budget
base,qwen3.5-27b,retrieve,s13,W-00099,1,A,0,3,lookup
base,qwen3.5-27b,retrieve,s13,W-00100,1,B,0,4,plan
base,qwen3.5-27b,retrieve,s14,W-00002,0,C,1,3,capacity
base,qwen3.5-27b,retrieve,s14,W-00003,1,A,0,4,precedence
base,qwen3.5-27b,retrieve,s14,W-00004,0,A,0,2,conflict
base,qwen3.5-27b,retrieve,s14,W-00006,1,A,0,4,plan
base,qwen3.5-27b,retrieve,s14,W-00007,1,A,0,3,precedence
base,qwen3.5-27b,retrieve,s14,W-00008,0,B,0,5,purchase
base,qwen3.5-27b,retrieve,s14,W-00009,0,C,1,2,budget
base,qwen3.5-27b,retrieve,s14,W-00010,0,D,0,3,budget
base,qwen3.5-27b,retrieve,s14,W-00011,1,A,0,3,plan
base,qwen3.5-27b,retrieve,s14,W-00012,1,B,0,4,whatif
base,qwen3.5-27b,retrieve,s14,W-00013,0,A,0,5,temporal
base,qwen3.5-27b,retrieve,s14,W-00014,0,D,1,5,purchase
base,qwen3.5-27b,retrieve,s14,W-00015,0,B,0,2,budget
base,qwen3.5-27b,retrieve,s14,W-00016,1,A,0,4,whatif
base,qwen3.5-27b,retrieve,s14,W-00017,1,B,0,2,conflict
base,qwen3.5-27b,retrieve,s14,W-00018,1,C,1,4,contract_gate
base,qwen3.5-27b,retrieve,s14,W-00019,1,A,0,3,lookup
base,qwen3.5-27b,retrieve,s14,W-00020,1,A,0,4,renewal
base,qwen3.5-27b,retrieve,s14,W-00021,0,A,0,4,plan
base,qwen3.5-27b,retrieve,s14,W-00022,0,B,0,2,conflict
base,qwen3.5-27b,retrieve,s14,W-00023,0,C,1,5,alloc
base,qwen3.5-27b,retrieve,s14,W-00024,1,A,0,2,lookup
base,qwen3.5-27b,retrieve,s14,W-00025,0,C,0,5,alloc
base,qwen3.5-27b,retrieve,s14,W-00026,1,B,0,3,lookup
base,qwen3.5-27b,retrieve,s14,W-00027,1,C,1,3,contract_gate
base,qwen3.5-27b,retrieve,s14,W-00028,0,B,0,5,purchase
base,qwen3.5-27b,retrieve,s14,W-00029,0,A,0,2,capacity
base,qwen3.5-27b,retrieve,s14,W-00030,1,A,0,4,whatif
base,qwen3.5-27b,retrieve,s14,W-00031,1,A,0,4,plan
base,qwen3.5-27b,retrieve,s14,W-00032,0,C,1,3,capacity
base,qwen3.5-27b,retrieve,s14,W-00033,0,D,0,2,capacity
base,qwen3.5-27b,retrieve,s14,W-00034,1,D,0,3,contract_gate
base,qwen3.5-27b,retrieve,s14,W-00035,1,A,0,3,sourcing
base,qwen3.5-27b,retrieve,s14,W-00036,0,C,1,3,capacity
base,qwen3.5-27b,retrieve,s14,W-00037,1,A,0,3,lookup
base,qwen3.5-27b,retrieve,s14,W-00038,0,B,0,4,whatif
base,qwen3.5-27b,retrieve,s14,W-00039,0,B,0,4,vendor
base,qwen3.5-27b,retrieve,s14,W-00040,0,D,0,2,capacity
base,qwen3.5-27b,retrieve,s14,W-00041,0,C,1,3,purchase
base,qwen3.5-27b,retrieve,s14,W-00042,1,A,0,4,temporal
base,qwen3.5-27b,retrieve,s14,W-00043,1,A,0,3,diag
base,qwen3.5-27b,retrieve,s14,W-00044,0,B,0,5,purchase
base,qwen3.5-27b,retrieve,s14,W-00045,1,C,1,4,contract_gate
base,qwen3.5-27b,retrieve,s14,W-00046,1,A,0,3,lookup
base,qwen3.5-27b,retrieve,s14,W-00047,1,A,0,4,renewal
base,qwen3.5-27b,retrieve,s14,W-00048,0,B,0,5,plan
base,qwen3.5-27b,retrieve,s14,W-00049,0,C,1,5,alloc
base,qwen3.5-27b,retrieve,s14,W-00050,1,A,0,2,conflict
base,qwen3.5-27b,retrieve,s14,W-00051,1,C,1,3,contract_gate
base,qwen3.5-27b,retrieve,s14,W-00052,0,A,0,3,diag
base,qwen3.5-27b,retrieve,s14,W-00053,0,B,0,4,alloc
base,qwen3.5-27b,retrieve,s14,W-00054,0,A,0,5,whatif
base,qwen3.5-27b,retrieve,s14,W-00055,0,D,0,3,capacity
base,qwen3.5-27b,retrieve,s14,W-00056,1,A,0,2,lookup
base,qwen3.5-27b,retrieve,s14,W-00057,0,D,0,2,capacity
base,qwen3.5-27b,retrieve,s14,W-00058,0,C,1,5,alloc
base,qwen3.5-27b,retrieve,s14,W-00059,1,A,0,4,contract_gate
base,qwen3.5-27b,retrieve,s14,W-00060,0,B,0,4,purchase
base,qwen3.5-27b,retrieve,s14,W-00061,0,B,0,2,conflict
base,qwen3.5-27b,retrieve,s14,W-00062,0,A,0,3,plan
base,qwen3.5-27b,retrieve,s14,W-00063,0,A,0,4,plan
base,qwen3.5-27b,retrieve,s14,W-00064,0,D,1,4,sourcing
base,qwen3.5-27b,retrieve,s14,W-00065,0,D,0,2,budget
base,qwen3.5-27b,retrieve,s14,W-00066,0,D,0,3,capacity
base,qwen3.5-27b,retrieve,s14,W-00067,0,D,1,4,sourcing
base,qwen3.5-27b,retrieve,s14,W-00068,1,A,0,2,lookup
base,qwen3.5-27b,retrieve,s14,W-00069,1,A,0,3,conflict
base,qwen3.5-27b,retrieve,s14,W-00070,1,B,0,3,contract_gate
base,qwen3.5-27b,retrieve,s14,W-00071,0,A,0,2,lookup
base,qwen3.5-27b,retrieve,s14,W-00072,1,A,0,3,vendor
base,qwen3.5-27b,retrieve,s14,W-00073,0,C,1,4,purchase
base,qwen3.5-27b,retrieve,s14,W-00074,0,B,0,4,precedence
base,qwen3.5-27b,retrieve,s14,W-00075,1,D,0,3,capacity
base,qwen3.5-27b,retrieve,s14,W-00076,0,C,1,4,purchase
base,qwen3.5-27b,retrieve,s14,W-00077,0,C,0,5,alloc
base,qwen3.5-27b,retrieve,s14,W-00078,1,A,0,2,whatif
base,qwen3.5-27b,retrieve,s14,W-00079,0,D,0,3,capacity
base,qwen3.5-27b,retrieve,s14,W-00080,1,A,0,4,temporal
base,qwen3.5-27b,retrieve,s14,W-00081,0,B,0,4,plan
base,qwen3.5-27b,retrieve,s14,W-00082,0,C,1,3,sourcing
base,qwen3.5-27b,retrieve,s14,W-00083,1,A,0,2,conflict
base,qwen3.5-27b,retrieve,s14,W-00084,0,A,0,5,purchase
base,qwen3.5-27b,retrieve,s14,W-00085,0,C,1,5,alloc
base,qwen3.5-27b,retrieve,s14,W-00086,1,B,0,3,lookup
base,qwen3.5-27b,retrieve,s14,W-00087,1,A,0,4,plan
base,qwen3.5-27b,retrieve,s14,W-00088,1,B,0,3,lookup
base,qwen3.5-27b,retrieve,s14,W-00089,0,C,1,2,capacity
base,qwen3.5-27b,retrieve,s14,W-00090,1,A,0,4,contract_gate
base,qwen3.5-27b,retrieve,s14,W-00091,0,A,0,4,plan
base,qwen3.5-27b,retrieve,s14,W-00092,0,D,0,3,vendor
base,qwen3.5-27b,retrieve,s14,W-00093,0,C,0,2,temporal
base,qwen3.5-27b,retrieve,s14,W-00094,0,C,1,5,alloc
base,qwen3.5-27b,retrieve,s14,W-00095,1,A,0,3,lookup
base,qwen3.5-27b,retrieve,s14,W-00096,1,B,0,4,plan
base,qwen3.5-27b,retrieve,s14,W-00097,1,A,0,2,budget
base,qwen3.5-27b,retrieve,s14,W-00098,1,C,1,4,contract_gate
base,qwen3.5-27b,retrieve,s14,W-00099,1,A,0,3,plan
base,qwen3.5-27b,retrieve,s14,W-00100,1,B,0,5,purchase
base,qwen3.5-27b,sidecar,s12,W-00001,0,C,1,3,capacity
base,qwen3.5-27b,sidecar,s12,W-00003,1,A,0,4,plan
base,qwen3.5-27b,sidecar,s12,W-00004,0,A,0,4,temporal
base,qwen3.5-27b,sidecar,s12,W-00005,0,D,1,4,alloc
base,qwen3.5-27b,sidecar,s12,W-00006,0,B,0,3,budget
base,qwen3.5-27b,sidecar,s12,W-00007,1,A,0,2,budget
base,qwen3.5-27b,sidecar,s12,W-00008,0,C,1,2,sourcing
base,qwen3.5-27b,sidecar,s12,W-00009,1,B,0,2,conflict
base,qwen3.5-27b,sidecar,s12,W-00010,0,C,1,3,budget
base,qwen3.5-27b,sidecar,s12,W-00011,0,A,0,4,plan
base,qwen3.5-27b,sidecar,s12,W-00012,0,B,0,4,vendor
base,qwen3.5-27b,sidecar,s12,W-00013,1,A,0,5,diag
base,qwen3.5-27b,sidecar,s12,W-00014,0,A,0,3,diag
base,qwen3.5-27b,sidecar,s12,W-00015,1,A,0,3,lookup
base,qwen3.5-27b,sidecar,s12,W-00016,1,C,0,2,budget
base,qwen3.5-27b,sidecar,s12,W-00017,0,B,0,4,contract_gate
base,qwen3.5-27b,sidecar,s12,W-00018,0,C,1,5,alloc
base,qwen3.5-27b,sidecar,s12,W-00019,1,A,0,3,precedence
base,qwen3.5-27b,sidecar,s12,W-00020,1,A,0,4,precedence
base,qwen3.5-27b,sidecar,s12,W-00022,1,A,0,3,precedence
base,qwen3.5-27b,sidecar,s12,W-00023,0,D,1,5,alloc
base,qwen3.5-27b,sidecar,s12,W-00024,1,A,0,2,conflict
base,qwen3.5-27b,sidecar,s12,W-00025,1,B,0,4,temporal
base,qwen3.5-27b,sidecar,s12,W-00026,0,C,1,3,temporal
base,qwen3.5-27b,sidecar,s12,W-00027,1,C,1,4,renewal
base,qwen3.5-27b,sidecar,s12,W-00028,0,B,0,5,purchase
base,qwen3.5-27b,sidecar,s12,W-00029,1,A,0,2,capacity
base,qwen3.5-27b,sidecar,s12,W-00030,1,A,0,4,plan
base,qwen3.5-27b,sidecar,s12,W-00031,1,C,1,3,vendor
base,qwen3.5-27b,sidecar,s12,W-00032,1,A,0,3,plan
base,qwen3.5-27b,sidecar,s12,W-00033,1,B,0,2,conflict
base,qwen3.5-27b,sidecar,s12,W-00034,1,A,0,4,contract_gate
base,qwen3.5-27b,sidecar,s12,W-00035,0,D,1,4,sourcing
base,qwen3.5-27b,sidecar,s12,W-00036,1,D,0,3,capacity
base,qwen3.5-27b,sidecar,s12,W-00037,1,A,0,2,lookup
base,qwen3.5-27b,sidecar,s12,W-00038,0,C,1,5,purchase
base,qwen3.5-27b,sidecar,s12,W-00039,0,A,0,5,diag
base,qwen3.5-27b,sidecar,s12,W-00040,1,B,0,3,lookup
base,qwen3.5-27b,sidecar,s12,W-00041,0,D,0,5,diag
base,qwen3.5-27b,sidecar,s12,W-00042,0,A,0,4,whatif
base,qwen3.5-27b,sidecar,s12,W-00043,1,C,1,2,sourcing
base,qwen3.5-27b,sidecar,s12,W-00044,1,A,0,3,precedence
base,qwen3.5-27b,sidecar,s12,W-00045,1,B,0,3,lookup
base,qwen3.5-27b,sidecar,s12,W-00046,0,D,0,4,contract_gate
base,qwen3.5-27b,sidecar,s12,W-00047,1,A,0,5,diag
base,qwen3.5-27b,sidecar,s12,W-00048,0,B,0,5,purchase
base,qwen3.5-27b,sidecar,s12,W-00049,1,A,0,3,capacity
base,qwen3.5-27b,sidecar,s12,W-00050,0,C,1,4,purchase
base,qwen3.5-27b,sidecar,s12,W-00051,1,A,0,3,plan
base,qwen3.5-27b,sidecar,s12,W-00052,0,D,1,5,alloc
base,qwen3.5-27b,sidecar,s12,W-00053,1,D,0,4,contract_gate
base,qwen3.5-27b,sidecar,s12,W-00054,1,A,0,2,conflict
base,qwen3.5-27b,sidecar,s12,W-00055,1,B,0,3,lookup
base,qwen3.5-27b,sidecar,s12,W-00056,1,C,1,2,capacity
base,qwen3.5-27b,sidecar,s12,W-00057,0,A,0,5,vendor
base,qwen3.5-27b,sidecar,s12,W-00058,0,B,0,4,whatif
base,qwen3.5-27b,sidecar,s12,W-00059,1,A,0,3,lookup
base,qwen3.5-27b,sidecar,s12,W-00060,1,D,0,2,budget
base,qwen3.5-27b,sidecar,s12,W-00061,1,C,1,4,contract_gate
base,qwen3.5-27b,sidecar,s12,W-00062,1,A,0,3,plan
base,qwen3.5-27b,sidecar,s12,W-00063,0,B,0,2,sourcing
base,qwen3.5-27b,sidecar,s12,W-00064,1,A,0,4,plan
base,qwen3.5-27b,sidecar,s12,W-00065,1,D,0,3,lookup
base,qwen3.5-27b,sidecar,s12,W-00066,0,C,1,5,purchase
base,qwen3.5-27b,sidecar,s12,W-00067,1,A,0,4,diag
base,qwen3.5-27b,sidecar,s12,W-00068,1,B,0,4,purchase
base,qwen3.5-27b,sidecar,s12,W-00069,0,A,0,5,diag
base,qwen3.5-27b,sidecar,s12,W-00070,1,D,0,3,contract_gate
base,qwen3.5-27b,sidecar,s12,W-00071,0,A,0,3,vendor
base,qwen3.5-27b,sidecar,s12,W-00072,1,D,0,2,budget
base,qwen3.5-27b,sidecar,s12,W-00073,0,B,0,5,plan
base,qwen3.5-27b,sidecar,s12,W-00074,1,A,0,2,budget
base,qwen3.5-27b,sidecar,s12,W-00076,1,C,1,3,capacity
base,qwen3.5-27b,sidecar,s12,W-00077,1,A,0,2,lookup
base,qwen3.5-27b,sidecar,s12,W-00078,0,B,0,4,temporal
base,qwen3.5-27b,sidecar,s12,W-00079,1,A,0,3,diag
base,qwen3.5-27b,sidecar,s12,W-00080,0,D,0,5,purchase
base,qwen3.5-27b,sidecar,s12,W-00081,0,B,0,2,conflict
base,qwen3.5-27b,sidecar,s12,W-00082,0,B,0,2,lookup
base,qwen3.5-27b,sidecar,s12,W-00083,1,A,0,3,budget
base,qwen3.5-27b,sidecar,s12,W-00084,1,A,0,4,diag
base,qwen3.5-27b,sidecar,s12,W-00085,1,C,1,3,contract_gate
base,qwen3.5-27b,sidecar,s12,W-00087,1,A,0,4,diag
base,qwen3.5-27b,sidecar,s12,W-00088,1,C,1,3,capacity
base,qwen3.5-27b,sidecar,s12,W-00089,1,A,0,4,temporal
base,qwen3.5-27b,sidecar,s12,W-00090,0,D,0,5,purchase
base,qwen3.5-27b,sidecar,s12,W-00091,0,A,0,4,diag
base,qwen3.5-27b,sidecar,s12,W-00092,1,B,0,3,lookup
base,qwen3.5-27b,sidecar,s12,W-00093,1,C,0,4,contract_gate
base,qwen3.5-27b,sidecar,s12,W-00094,0,C,1,2,capacity
base,qwen3.5-27b,sidecar,s12,W-00095,1,A,0,3,lookup
base,qwen3.5-27b,sidecar,s12,W-00096,1,A,0,4,diag
base,qwen3.5-27b,sidecar,s12,W-00097,0,D,0,5,purchase
base,qwen3.5-27b,sidecar,s12,W-00098,0,C,1,2,whatif
base,qwen3.5-27b,sidecar,s12,W-00099,1,A,0,3,precedence
base,qwen3.5-27b,sidecar,s12,W-00100,0,B,0,5,alloc
base,qwen3.5-27b,sidecar,s13,W-00002,1,C,1,2,budget
base,qwen3.5-27b,sidecar,s13,W-00003,0,D,0,5,alloc
base,qwen3.5-27b,sidecar,s13,W-00005,1,C,1,2,budget
base,qwen3.5-27b,sidecar,s13,W-00006,0,D,0,3,budget
base,qwen3.5-27b,sidecar,s13,W-00007,1,A,0,4,diag
base,qwen3.5-27b,sidecar,s13,W-00008,0,A,0,5,diag
base,qwen3.5-27b,sidecar,s13,W-00009,0,D,1,4,alloc
base,qwen3.5-27b,sidecar,s13,W-00010,1,A,0,2,lookup
base,qwen3.5-27b,sidecar,s13,W-00011,1,A,0,3,vendor
base,qwen3.5-27b,sidecar,s13,W-00012,1,A,0,3,precedence
base,qwen3.5-27b,sidecar,s13,W-00013,1,C,1,5,temporal
base,qwen3.5-27b,sidecar,s13,W-00014,0,B,0,3,budget
base,qwen3.5-27b,sidecar,s13,W-00015,0,B,0,4,precedence
base,qwen3.5-27b,sidecar,s13,W-00016,1,A,0,2,budget
base,qwen3.5-27b,sidecar,s13,W-00017,1,A,0,3,lookup
base,qwen3.5-27b,sidecar,s13,W-00018,0,C,1,4,alloc
base,qwen3.5-27b,sidecar,s13,W-00019,1,C,1,4,contract_gate
base,qwen3.5-27b,sidecar,s13,W-00020,0,A,0,4,diag
base,qwen3.5-27b,sidecar,s13,W-00021,0,C,1,4,vendor
base,qwen3.5-27b,sidecar,s13,W-00022,0,A,0,3,diag
base,qwen3.5-27b,sidecar,s13,W-00023,0,B,0,3,capacity
base,qwen3.5-27b,sidecar,s13,W-00024,1,A,0,4,temporal
base,qwen3.5-27b,sidecar,s13,W-00025,1,B,0,2,conflict
base,qwen3.5-27b,sidecar,s13,W-00026,0,B,0,3,budget
base,qwen3.5-27b,sidecar,s13,W-00027,0,D,0,2,capacity
base,qwen3.5-27b,sidecar,s13,W-00028,0,A,0,4,plan
base,qwen3.5-27b,sidecar,s13,W-00029,1,B,0,3,lookup
base,qwen3.5-27b,sidecar,s13,W-00030,1,A,0,2,conflict
base,qwen3.5-27b,sidecar,s13,W-00031,1,A,0,3,plan
base,qwen3.5-27b,sidecar,s13,W-00032,1,A,0,4,plan
base,qwen3.5-27b,sidecar,s13,W-00033,0,D,1,5,alloc
base,qwen3.5-27b,sidecar,s13,W-00034,0,B,0,2,whatif
base,qwen3.5-27b,sidecar,s13,W-00036,0,C,1,5,alloc
base,qwen3.5-27b,sidecar,s13,W-00037,1,A,0,4,diag
base,qwen3.5-27b,sidecar,s13,W-00038,1,D,0,4,precedence
base,qwen3.5-27b,sidecar,s13,W-00039,1,A,0,3,precedence
base,qwen3.5-27b,sidecar,s13,W-00040,1,D,0,2,capacity
base,qwen3.5-27b,sidecar,s13,W-00041,1,B,0,2,conflict
base,qwen3.5-27b,sidecar,s13,W-00042,1,A,0,3,plan
base,qwen3.5-27b,sidecar,s13,W-00043,0,C,1,4,vendor
base,qwen3.5-27b,sidecar,s13,W-00044,1,A,0,4,purchase
base,qwen3.5-27b,sidecar,s13,W-00045,1,C,1,3,contract_gate
base,qwen3.5-27b,sidecar,s13,W-00046,0,B,0,5,plan
base,qwen3.5-27b,sidecar,s13,W-00047,0,C,1,5,purchase
base,qwen3.5-27b,sidecar,s13,W-00048,1,A,0,2,lookup
base,qwen3.5-27b,sidecar,s13,W-00049,1,B,0,3,lookup
base,qwen3.5-27b,sidecar,s13,W-00050,1,A,0,4,precedence
base,qwen3.5-27b,sidecar,s13,W-00051,0,D,0,4,plan
base,qwen3.5-27b,sidecar,s13,W-00052,1,A,0,4,diag
base,qwen3.5-27b,sidecar,s13,W-00053,1,B,0,3,lookup
base,qwen3.5-27b,sidecar,s13,W-00055,1,D,0,3,capacity
base,qwen3.5-27b,sidecar,s13,W-00056,0,A,0,2,lookup
base,qwen3.5-27b,sidecar,s13,W-00057,1,A,0,4,plan
base,qwen3.5-27b,sidecar,s13,W-00058,1,C,1,3,contract_gate
base,qwen3.5-27b,sidecar,s13,W-00059,0,A,0,5,diag
base,qwen3.5-27b,sidecar,s13,W-00061,0,C,0,4,contract_gate
base,qwen3.5-27b,sidecar,s13,W-00062,0,A,0,4,diag
base,qwen3.5-27b,sidecar,s13,W-00063,1,C,1,3,contract_gate
base,qwen3.5-27b,sidecar,s13,W-00064,1,A,0,2,capacity
base,qwen3.5-27b,sidecar,s13,W-00065,0,C,0,5,alloc
base,qwen3.5-27b,sidecar,s13,W-00066,1,B,0,3,lookup
base,qwen3.5-27b,sidecar,s13,W-00068,1,A,0,4,diag
base,qwen3.5-27b,sidecar,s13,W-00069,1,A,0,4,whatif
base,qwen3.5-27b,sidecar,s13,W-00070,1,B,0,3,contract_gate
base,qwen3.5-27b,sidecar,s13,W-00071,1,A,0,5,renewal
base,qwen3.5-27b,sidecar,s13,W-00072,0,C,1,2,budget
base,qwen3.5-27b,sidecar,s13,W-00073,0,B,0,4,vendor
base,qwen3.5-27b,sidecar,s13,W-00074,0,A,0,5,plan
base,qwen3.5-27b,sidecar,s13,W-00075,0,C,0,4,contract_gate
base,qwen3.5-27b,sidecar,s13,W-00076,0,D,1,5,alloc
base,qwen3.5-27b,sidecar,s13,W-00077,1,D,0,3,capacity
base,qwen3.5-27b,sidecar,s13,W-00078,0,B,0,3,budget
base,qwen3.5-27b,sidecar,s13,W-00079,0,A,0,5,diag
base,qwen3.5-27b,sidecar,s13,W-00080,1,A,0,3,lookup
base,qwen3.5-27b,sidecar,s13,W-00081,1,C,1,4,purchase
base,qwen3.5-27b,sidecar,s13,W-00082,1,A,0,2,budget
base,qwen3.5-27b,sidecar,s13,W-00084,1,A,0,3,diag
base,qwen3.5-27b,sidecar,s13,W-00085,0,C,1,4,alloc
base,qwen3.5-27b,sidecar,s13,W-00086,1,D,0,2,budget
base,qwen3.5-27b,sidecar,s13,W-00087,1,D,0,4,whatif
base,qwen3.5-27b,sidecar,s13,W-00088,1,A,0,3,lookup
base,qwen3.5-27b,sidecar,s13,W-00089,0,C,1,3,budget
base,qwen3.5-27b,sidecar,s13,W-00090,1,A,0,2,conflict
base,qwen3.5-27b,sidecar,s13,W-00091,0,B,0,2,conflict
base,qwen3.5-27b,sidecar,s13,W-00094,1,C,1,4,contract_gate
base,qwen3.5-27b,sidecar,s13,W-00095,0,D,0,3,sourcing
base,qwen3.5-27b,sidecar,s13,W-00096,0,A,0,5,purchase
base,qwen3.5-27b,sidecar,s13,W-00097,1,A,0,5,renewal
base,qwen3.5-27b,sidecar,s13,W-00098,1,C,1,2,budget
base,qwen3.5-27b,sidecar,s13,W-00099,1,A,0,3,lookup
base,qwen3.5-27b,sidecar,s13,W-00100,0,B,0,4,plan
base,qwen3.5-27b,sidecar,s14,W-00002,1,C,1,3,capacity
base,qwen3.5-27b,sidecar,s14,W-00003,1,A,0,4,precedence
base,qwen3.5-27b,sidecar,s14,W-00004,0,A,0,2,conflict
base,qwen3.5-27b,sidecar,s14,W-00006,1,A,0,4,plan
base,qwen3.5-27b,sidecar,s14,W-00007,1,A,0,3,precedence
base,qwen3.5-27b,sidecar,s14,W-00008,0,B,0,5,purchase
base,qwen3.5-27b,sidecar,s14,W-00009,0,C,1,2,budget
base,qwen3.5-27b,sidecar,s14,W-00010,0,D,0,3,budget
base,qwen3.5-27b,sidecar,s14,W-00011,1,A,0,3,plan
base,qwen3.5-27b,sidecar,s14,W-00012,1,B,0,4,whatif
base,qwen3.5-27b,sidecar,s14,W-00013,1,A,0,5,temporal
base,qwen3.5-27b,sidecar,s14,W-00014,1,D,1,5,purchase
base,qwen3.5-27b,sidecar,s14,W-00015,1,B,0,2,budget
base,qwen3.5-27b,sidecar,s14,W-00016,1,A,0,4,whatif
base,qwen3.5-27b,sidecar,s14,W-00017,1,B,0,2,conflict
base,qwen3.5-27b,sidecar,s14,W-00018,0,C,1,4,contract_gate
base,qwen3.5-27b,sidecar,s14,W-00019,1,A,0,3,lookup
base,qwen3.5-27b,sidecar,s14,W-00020,1,A,0,4,renewal
base,qwen3.5-27b,sidecar,s14,W-00021,1,A,0,4,plan
base,qwen3.5-27b,sidecar,s14,W-00022,1,B,0,2,conflict
base,qwen3.5-27b,sidecar,s14,W-00023,0,C,1,5,alloc
base,qwen3.5-27b,sidecar,s14,W-00024,1,A,0,2,lookup
base,qwen3.5-27b,sidecar,s14,W-00025,0,C,0,5,alloc
base,qwen3.5-27b,sidecar,s14,W-00026,1,B,0,3,lookup
base,qwen3.5-27b,sidecar,s14,W-00027,0,C,1,3,contract_gate
base,qwen3.5-27b,sidecar,s14,W-00028,0,B,0,5,purchase
base,qwen3.5-27b,sidecar,s14,W-00029,1,A,0,2,capacity
base,qwen3.5-27b,sidecar,s14,W-00030,1,A,0,4,whatif
base,qwen3.5-27b,sidecar,s14,W-00031,1,A,0,4,plan
base,qwen3.5-27b,sidecar,s14,W-00032,0,C,1,3,capacity
base,qwen3.5-27b,sidecar,s14,W-00033,0,D,0,2,capacity
base,qwen3.5-27b,sidecar,s14,W-00034,0,D,0,3,contract_gate
base,qwen3.5-27b,sidecar,s14,W-00035,1,A,0,3,sourcing
base,qwen3.5-27b,sidecar,s14,W-00036,1,C,1,3,capacity
base,qwen3.5-27b,sidecar,s14,W-00037,1,A,0,3,lookup
base,qwen3.5-27b,sidecar,s14,W-00038,0,B,0,4,whatif
base,qwen3.5-27b,sidecar,s14,W-00039,0,B,0,4,vendor
base,qwen3.5-27b,sidecar,s14,W-00040,1,D,0,2,capacity
base,qwen3.5-27b,sidecar,s14,W-00041,1,C,1,3,purchase
base,qwen3.5-27b,sidecar,s14,W-00042,1,A,0,4,temporal
base,qwen3.5-27b,sidecar,s14,W-00043,1,A,0,3,diag
base,qwen3.5-27b,sidecar,s14,W-00044,0,B,0,5,purchase
base,qwen3.5-27b,sidecar,s14,W-00045,0,C,1,4,contract_gate
base,qwen3.5-27b,sidecar,s14,W-00046,1,A,0,3,lookup
base,qwen3.5-27b,sidecar,s14,W-00047,1,A,0,4,renewal
base,qwen3.5-27b,sidecar,s14,W-00048,0,B,0,5,plan
base,qwen3.5-27b,sidecar,s14,W-00049,0,C,1,5,alloc
base,qwen3.5-27b,sidecar,s14,W-00050,1,A,0,2,conflict
base,qwen3.5-27b,sidecar,s14,W-00051,1,C,1,3,contract_gate
base,qwen3.5-27b,sidecar,s14,W-00052,0,A,0,3,diag
base,qwen3.5-27b,sidecar,s14,W-00053,0,B,0,4,alloc
base,qwen3.5-27b,sidecar,s14,W-00054,0,A,0,5,whatif
base,qwen3.5-27b,sidecar,s14,W-00055,0,D,0,3,capacity
base,qwen3.5-27b,sidecar,s14,W-00056,1,A,0,2,lookup
base,qwen3.5-27b,sidecar,s14,W-00057,1,D,0,2,capacity
base,qwen3.5-27b,sidecar,s14,W-00058,0,C,1,5,alloc
base,qwen3.5-27b,sidecar,s14,W-00059,0,A,0,4,contract_gate
base,qwen3.5-27b,sidecar,s14,W-00060,1,B,0,4,purchase
base,qwen3.5-27b,sidecar,s14,W-00061,0,B,0,2,conflict
base,qwen3.5-27b,sidecar,s14,W-00062,0,A,0,3,plan
base,qwen3.5-27b,sidecar,s14,W-00063,0,A,0,4,plan
base,qwen3.5-27b,sidecar,s14,W-00064,0,D,1,4,sourcing
base,qwen3.5-27b,sidecar,s14,W-00065,0,D,0,2,budget
base,qwen3.5-27b,sidecar,s14,W-00066,0,D,0,3,capacity
base,qwen3.5-27b,sidecar,s14,W-00067,0,D,1,4,sourcing
base,qwen3.5-27b,sidecar,s14,W-00068,1,A,0,2,lookup
base,qwen3.5-27b,sidecar,s14,W-00069,1,A,0,3,conflict
base,qwen3.5-27b,sidecar,s14,W-00070,0,B,0,3,contract_gate
base,qwen3.5-27b,sidecar,s14,W-00071,1,A,0,2,lookup
base,qwen3.5-27b,sidecar,s14,W-00072,0,A,0,3,vendor
base,qwen3.5-27b,sidecar,s14,W-00073,0,C,1,4,purchase
base,qwen3.5-27b,sidecar,s14,W-00074,0,B,0,4,precedence
base,qwen3.5-27b,sidecar,s14,W-00075,1,D,0,3,capacity
base,qwen3.5-27b,sidecar,s14,W-00076,1,C,1,4,purchase
base,qwen3.5-27b,sidecar,s14,W-00077,0,C,0,5,alloc
base,qwen3.5-27b,sidecar,s14,W-00078,1,A,0,2,whatif
base,qwen3.5-27b,sidecar,s14,W-00079,1,D,0,3,capacity
base,qwen3.5-27b,sidecar,s14,W-00080,1,A,0,4,temporal
base,qwen3.5-27b,sidecar,s14,W-00081,0,B,0,4,plan
base,qwen3.5-27b,sidecar,s14,W-00082,0,C,1,3,sourcing
base,qwen3.5-27b,sidecar,s14,W-00083,1,A,0,2,conflict
base,qwen3.5-27b,sidecar,s14,W-00084,0,A,0,5,purchase
base,qwen3.5-27b,sidecar,s14,W-00085,0,C,1,5,alloc
base,qwen3.5-27b,sidecar,s14,W-00086,1,B,0,3,lookup
base,qwen3.5-27b,sidecar,s14,W-00087,0,A,0,4,plan
base,qwen3.5-27b,sidecar,s14,W-00088,1,B,0,3,lookup
base,qwen3.5-27b,sidecar,s14,W-00089,1,C,1,2,capacity
base,qwen3.5-27b,sidecar,s14,W-00090,0,A,0,4,contract_gate
base,qwen3.5-27b,sidecar,s14,W-00091,1,A,0,4,plan
base,qwen3.5-27b,sidecar,s14,W-00092,0,D,0,3,vendor
base,qwen3.5-27b,sidecar,s14,W-00093,0,C,0,2,temporal
base,qwen3.5-27b,sidecar,s14,W-00094,0,C,1,5,alloc
base,qwen3.5-27b,sidecar,s14,W-00095,1,A,0,3,lookup
base,qwen3.5-27b,sidecar,s14,W-00096,0,B,0,4,plan
base,qwen3.5-27b,sidecar,s14,W-00097,1,A,0,2,budget
base,qwen3.5-27b,sidecar,s14,W-00098,1,C,1,4,contract_gate
base,qwen3.5-27b,sidecar,s14,W-00099,1,A,0,3,plan
base,qwen3.5-27b,sidecar,s14,W-00100,0,B,0,5,purchase
