run_id,seq,day,round,size,tasks
main/base/deepseek-v4-flash/direct/s12,136,1,1,1,W-00001
main/base/deepseek-v4-flash/direct/s12,163,1,1,1,W-00002
main/base/deepseek-v4-flash/direct/s12,429,1,1,6,W-00003|W-00004|W-00005|W-00006|W-00007|W-00008
main/base/deepseek-v4-flash/direct/s12,2176,1,2,2,W-00009|W-00010
main/base/deepseek-v4-flash/direct/s12,2522,2,1,3,W-00011|W-00012|W-00013
main/base/deepseek-v4-flash/direct/s12,3454,2,2,4,W-00014|W-00015|W-00016|W-00017
main/base/deepseek-v4-flash/direct/s12,3952,2,3,3,W-00018|W-00019|W-00020
main/base/deepseek-v4-flash/direct/s12,4633,3,1,2,W-00021|W-00022
main/base/deepseek-v4-flash/direct/s12,5502,3,1,1,W-00023
main/base/deepseek-v4-flash/direct/s12,5622,3,1,1,W-00024
main/base/deepseek-v4-flash/direct/s12,5733,3,2,1,W-00025
main/base/deepseek-v4-flash/direct/s12,6256,3,2,1,W-00026
main/base/deepseek-v4-flash/direct/s12,7370,3,3,4,W-00027|W-00028|W-00029|W-00030
main/base/deepseek-v4-flash/direct/s12,8008,4,1,2,W-00031|W-00032
main/base/deepseek-v4-flash/direct/s12,8241,4,1,1,W-00033
main/base/deepseek-v4-flash/direct/s12,8463,4,2,3,W-00034|W-00035|W-00036
main/base/deepseek-v4-flash/direct/s12,8913,4,3,2,W-00037|W-00038
main/base/deepseek-v4-flash/direct/s12,9236,4,3,2,W-00039|W-00040
main/base/deepseek-v4-flash/direct/s12,10019,5,1,2,W-00041|W-00042
main/base/deepseek-v4-flash/direct/s12,10844,5,2,3,W-00043|W-00044|W-00045
main/base/deepseek-v4-flash/direct/s12,11122,5,2,1,W-00046
main/base/deepseek-v4-flash/direct/s12,11269,5,3,4,W-00047|W-00048|W-00049|W-00050
main/base/deepseek-v4-flash/direct/s12,12115,6,1,1,W-00051
main/base/deepseek-v4-flash/direct/s12,12320,6,2,2,W-00052|W-00053
main/base/deepseek-v4-flash/direct/s12,12650,6,3,1,W-00054
main/base/deepseek-v4-flash/direct/s12,12669,6,3,3,W-00055|W-00056|W-00057
main/base/deepseek-v4-flash/direct/s12,13040,6,3,3,W-00058|W-00059|W-00060
main/base/deepseek-v4-flash/direct/s12,13599,7,1,2,W-00061|W-00062
main/base/deepseek-v4-flash/direct/s12,13946,7,1,1,W-00063
main/base/deepseek-v4-flash/direct/s12,14208,7,2,3,W-00064|W-00065|W-00066
main/base/deepseek-v4-flash/direct/s12,14646,7,2,1,W-00067
main/base/deepseek-v4-flash/direct/s12,15071,7,3,3,W-00068|W-00069|W-00070
main/base/deepseek-v4-flash/direct/s12,15604,8,1,1,W-00071
main/base/deepseek-v4-flash/direct/s12,15881,8,1,2,W-00072|W-00073
main/base/deepseek-v4-flash/direct/s12,16397,8,2,3,W-00074|W-00075|W-00076
main/base/deepseek-v4-flash/direct/s12,16709,8,3,4,W-00077|W-00078|W-00079|W-00080
main/base/deepseek-v4-flash/direct/s12,17365,9,1,2,W-00081|W-00082
main/base/deepseek-v4-flash/direct/s12,17699,9,1,1,W-00083
main/base/deepseek-v4-flash/direct/s12,17834,9,2,4,W-00084|W-00085|W-00086|W-00087
main/base/deepseek-v4-flash/direct/s12,18673,9,3,3,W-00088|W-00089|W-00090
main/base/deepseek-v4-flash/direct/s12,19444,10,1,3,W-00091|W-00092|W-00093
main/base/deepseek-v4-flash/direct/s12,20210,10,2,3,W-00094|W-00095|W-00096
main/base/deepseek-v4-flash/direct/s12,20481,10,2,2,W-00097|W-00098
main/base/deepseek-v4-flash/direct/s12,21605,10,3,1,W-00099
main/base/deepseek-v4-flash/direct/s12,21648,10,3,1,W-00100
main/base/deepseek-v4-flash/direct/s12,21998,11,1,2,W-00101|W-00102
main/base/deepseek-v4-flash/direct/s12,23389,11,2,3,W-00103|W-00104|W-00105
main/base/deepseek-v4-flash/direct/s12,23826,11,2,1,W-00106
main/base/deepseek-v4-flash/direct/s12,23873,11,2,2,W-00107|W-00108
main/base/deepseek-v4-flash/direct/s12,24038,11,3,2,W-00109|W-00110
main/base/deepseek-v4-flash/direct/s12,24651,12,1,2,W-00111|W-00112
main/base/deepseek-v4-flash/direct/s12,25380,12,1,2,W-00113|W-00114
main/base/deepseek-v4-flash/direct/s12,25799,12,2,2,W-00115|W-00116
main/base/deepseek-v4-flash/direct/s12,26200,12,3,2,W-00117|W-00118
main/base/deepseek-v4-flash/direct/s12,26314,12,3,2,W-00119|W-00120
main/base/deepseek-v4-flash/direct/s12,26791,13,1,2,W-00121|W-00122
main/base/deepseek-v4-flash/direct/s12,27936,13,1,3,W-00123|W-00124|W-00125
main/base/deepseek-v4-flash/direct/s12,28458,13,2,2,W-00126|W-00127
main/base/deepseek-v4-flash/direct/s12,29007,13,3,1,W-00128
main/base/deepseek-v4-flash/direct/s12,29028,13,3,1,W-00129
main/base/deepseek-v4-flash/direct/s12,29258,13,3,1,W-00130
main/base/deepseek-v4-flash/direct/s12,29526,14,1,1,W-00131
main/base/deepseek-v4-flash/direct/s12,29908,14,2,3,W-00132|W-00133|W-00134
main/base/deepseek-v4-flash/direct/s12,30774,14,3,2,W-00135|W-00136
main/base/deepseek-v4-flash/direct/s12,31233,14,3,1,W-00137
main/base/deepseek-v4-flash/direct/s12,32123,14,3,2,W-00138|W-00139
main/base/deepseek-v4-flash/direct/s12,32269,14,3,1,W-00140
main/base/deepseek-v4-flash/direct/s12,32784,15,1,2,W-00141|W-00142
main/base/deepseek-v4-flash/direct/s12,33584,15,1,1,W-00143
main/base/deepseek-v4-flash/direct/s12,33787,15,2,5,W-00144|W-00145|W-00146|W-00147|W-00148
main/base/deepseek-v4-flash/direct/s12,34485,15,3,2,W-00149|W-00150
main/base/deepseek-v4-flash/direct/s12,35624,16,1,2,W-00151|W-00152
main/base/deepseek-v4-flash/direct/s12,36320,16,2,1,W-00153
main/base/deepseek-v4-flash/direct/s12,37566,16,2,1,W-00154
main/base/deepseek-v4-flash/direct/s12,37662,16,3,6,W-00155|W-00156|W-00157|W-00158|W-00159|W-00160
main/base/deepseek-v4-flash/direct/s13,100,1,1,1,W-00001
main/base/deepseek-v4-flash/direct/s13,595,1,2,6,W-00002|W-00003|W-00004|W-00005|W-00006|W-00007
main/base/deepseek-v4-flash/direct/s13,2170,1,3,3,W-00008|W-00009|W-00010
main/base/deepseek-v4-flash/direct/s13,3073,2,1,5,W-00011|W-00012|W-00013|W-00014|W-00015
main/base/deepseek-v4-flash/direct/s13,5002,2,2,2,W-00016|W-00017
main/base/deepseek-v4-flash/direct/s13,5156,2,2,1,W-00018
main/base/deepseek-v4-flash/direct/s13,5346,2,3,2,W-00019|W-00020
main/base/deepseek-v4-flash/direct/s13,5914,3,1,4,W-00021|W-00022|W-00023|W-00024
main/base/deepseek-v4-flash/direct/s13,6887,3,2,1,W-00025
main/base/deepseek-v4-flash/direct/s13,7069,3,2,3,W-00026|W-00027|W-00028
main/base/deepseek-v4-flash/direct/s13,7367,3,3,1,W-00029
main/base/deepseek-v4-flash/direct/s13,7403,3,3,1,W-00030
main/base/deepseek-v4-flash/direct/s13,7580,4,1,2,W-00031|W-00032
main/base/deepseek-v4-flash/direct/s13,8443,4,2,2,W-00033|W-00034
main/base/deepseek-v4-flash/direct/s13,9087,4,2,1,W-00035
main/base/deepseek-v4-flash/direct/s13,9330,4,3,1,W-00036
main/base/deepseek-v4-flash/direct/s13,9733,4,3,4,W-00037|W-00038|W-00039|W-00040
main/base/deepseek-v4-flash/direct/s13,10774,5,1,2,W-00041|W-00042
main/base/deepseek-v4-flash/direct/s13,11747,5,2,4,W-00043|W-00044|W-00045|W-00046
main/base/deepseek-v4-flash/direct/s13,12681,5,3,1,W-00047
main/base/deepseek-v4-flash/direct/s13,13004,5,3,3,W-00048|W-00049|W-00050
main/base/deepseek-v4-flash/direct/s13,13317,6,1,1,W-00051
main/base/deepseek-v4-flash/direct/s13,13446,6,1,1,W-00052
main/base/deepseek-v4-flash/direct/s13,13763,6,1,1,W-00053
main/base/deepseek-v4-flash/direct/s13,13795,6,1,2,W-00054|W-00055
main/base/deepseek-v4-flash/direct/s13,14439,6,2,2,W-00056|W-00057
main/base/deepseek-v4-flash/direct/s13,14656,6,3,1,W-00058
main/base/deepseek-v4-flash/direct/s13,14697,6,3,1,W-00059
main/base/deepseek-v4-flash/direct/s13,15162,6,3,1,W-00060
main/base/deepseek-v4-flash/direct/s13,15597,7,1,4,W-00061|W-00062|W-00063|W-00064
main/base/deepseek-v4-flash/direct/s13,16384,7,2,2,W-00065|W-00066
main/base/deepseek-v4-flash/direct/s13,16776,7,3,2,W-00067|W-00068
main/base/deepseek-v4-flash/direct/s13,17418,7,3,2,W-00069|W-00070
main/base/deepseek-v4-flash/direct/s13,18004,8,1,5,W-00071|W-00072|W-00073|W-00074|W-00075
main/base/deepseek-v4-flash/direct/s13,18928,8,2,2,W-00076|W-00077
main/base/deepseek-v4-flash/direct/s13,19372,8,2,1,W-00078
main/base/deepseek-v4-flash/direct/s13,19600,8,3,2,W-00079|W-00080
main/base/deepseek-v4-flash/direct/s13,19941,9,1,1,W-00081
main/base/deepseek-v4-flash/direct/s13,20130,9,1,1,W-00082
main/base/deepseek-v4-flash/direct/s13,20174,9,1,2,W-00083|W-00084
main/base/deepseek-v4-flash/direct/s13,20757,9,2,1,W-00085
main/base/deepseek-v4-flash/direct/s13,20984,9,3,1,W-00086
main/base/deepseek-v4-flash/direct/s13,21028,9,3,2,W-00087|W-00088
main/base/deepseek-v4-flash/direct/s13,21459,9,3,1,W-00089
main/base/deepseek-v4-flash/direct/s13,21522,9,3,1,W-00090
main/base/deepseek-v4-flash/direct/s13,21702,10,1,1,W-00091
main/base/deepseek-v4-flash/direct/s13,21896,10,1,1,W-00092
main/base/deepseek-v4-flash/direct/s13,22079,10,1,2,W-00093|W-00094
main/base/deepseek-v4-flash/direct/s13,22907,10,2,3,W-00095|W-00096|W-00097
main/base/deepseek-v4-flash/direct/s13,23522,10,3,3,W-00098|W-00099|W-00100
main/base/deepseek-v4-flash/direct/s13,24038,11,2,1,W-00101
main/base/deepseek-v4-flash/direct/s13,24722,11,2,1,W-00102
main/base/deepseek-v4-flash/direct/s13,25859,11,2,4,W-00103|W-00104|W-00105|W-00106
main/base/deepseek-v4-flash/direct/s13,27058,11,3,4,W-00107|W-00108|W-00109|W-00110
main/base/deepseek-v4-flash/direct/s13,27531,12,1,1,W-00111
main/base/deepseek-v4-flash/direct/s13,27591,12,1,2,W-00112|W-00113
main/base/deepseek-v4-flash/direct/s13,28009,12,2,2,W-00114|W-00115
main/base/deepseek-v4-flash/direct/s13,28501,12,3,1,W-00116
main/base/deepseek-v4-flash/direct/s13,28553,12,3,1,W-00117
main/base/deepseek-v4-flash/direct/s13,28588,12,3,3,W-00118|W-00119|W-00120
main/base/deepseek-v4-flash/direct/s13,29071,13,1,4,W-00121|W-00122|W-00123|W-00124
main/base/deepseek-v4-flash/direct/s13,29720,13,1,2,W-00125|W-00126
main/base/deepseek-v4-flash/direct/s13,30647,13,2,2,W-00127|W-00128
main/base/deepseek-v4-flash/direct/s13,31153,13,3,2,W-00129|W-00130
main/base/deepseek-v4-flash/direct/s13,31614,14,1,1,W-00131
main/base/deepseek-v4-flash/direct/s13,32293,14,2,3,W-00132|W-00133|W-00134
main/base/deepseek-v4-flash/direct/s13,32754,14,2,2,W-00135|W-00136
main/base/deepseek-v4-flash/direct/s13,33002,14,3,1,W-00137
main/base/deepseek-v4-flash/direct/s13,33441,14,3,3,W-00138|W-00139|W-00140
main/base/deepseek-v4-flash/direct/s13,33765,15,1,3,W-00141|W-00142|W-00143
main/base/deepseek-v4-flash/direct/s13,35127,15,1,2,W-00144|W-00145
main/base/deepseek-v4-flash/direct/s13,35390,15,2,2,W-00146|W-00147
main/base/deepseek-v4-flash/direct/s13,35695,15,3,3,W-00148|W-00149|W-00150
main/base/deepseek-v4-flash/direct/s13,36179,16,1,5,W-00151|W-00152|W-00153|W-00154|W-00155
main/base/deepseek-v4-flash/direct/s13,36983,16,2,2,W-00156|W-00157
main/base/deepseek-v4-flash/direct/s13,37089,16,2,2,W-00158|W-00159
main/base/deepseek-v4-flash/direct/s13,37411,16,3,1,W-00160
main/base/deepseek-v4-flash/direct/s13,37865,17,1,3,W-00161|W-00162|W-00163
main/base/deepseek-v4-flash/direct/s13,38107,17,1,1,W-00164
main/base/deepseek-v4-flash/direct/s13,38509,17,2,1,W-00165
main/base/deepseek-v4-flash/direct/s13,38687,17,3,5,W-00166|W-00167|W-00168|W-00169|W-00170
main/base/deepseek-v4-flash/direct/s13,39842,18,1,5,W-00171|W-00172|W-00173|W-00174|W-00175
main/base/deepseek-v4-flash/direct/s14,125,1,1,1,W-00001
main/base/deepseek-v4-flash/direct/s14,671,1,1,1,W-00002
main/base/deepseek-v4-flash/direct/s14,705,1,1,2,W-00003|W-00004
main/base/deepseek-v4-flash/direct/s14,925,1,1,1,W-00005
main/base/deepseek-v4-flash/direct/s14,1164,1,2,3,W-00006|W-00007|W-00008
main/base/deepseek-v4-flash/direct/s14,2127,1,3,2,W-00009|W-00010
main/base/deepseek-v4-flash/direct/s14,2657,2,1,4,W-00011|W-00012|W-00013|W-00014
main/base/deepseek-v4-flash/direct/s14,4468,2,2,1,W-00015
main/base/deepseek-v4-flash/direct/s14,4526,2,2,1,W-00016
main/base/deepseek-v4-flash/direct/s14,4965,2,3,4,W-00017|W-00018|W-00019|W-00020
main/base/deepseek-v4-flash/direct/s14,5398,3,1,2,W-00021|W-00022
main/base/deepseek-v4-flash/direct/s14,6755,3,2,1,W-00023
main/base/deepseek-v4-flash/direct/s14,6979,3,2,3,W-00024|W-00025|W-00026
main/base/deepseek-v4-flash/direct/s14,7245,3,3,2,W-00027|W-00028
main/base/deepseek-v4-flash/direct/s14,7548,3,3,1,W-00029
main/base/deepseek-v4-flash/direct/s14,7593,3,3,1,W-00030
main/base/deepseek-v4-flash/direct/s14,8093,4,1,4,W-00031|W-00032|W-00033|W-00034
main/base/deepseek-v4-flash/direct/s14,9265,4,2,2,W-00035|W-00036
main/base/deepseek-v4-flash/direct/s14,9857,4,3,2,W-00037|W-00038
main/base/deepseek-v4-flash/direct/s14,10175,4,3,2,W-00039|W-00040
main/base/deepseek-v4-flash/direct/s14,10591,5,1,2,W-00041|W-00042
main/base/deepseek-v4-flash/direct/s14,11158,5,1,1,W-00043
main/base/deepseek-v4-flash/direct/s14,11490,5,2,3,W-00044|W-00045|W-00046
main/base/deepseek-v4-flash/direct/s14,11843,5,3,2,W-00047|W-00048
main/base/deepseek-v4-flash/direct/s14,12056,5,3,1,W-00049
main/base/deepseek-v4-flash/direct/s14,12576,5,3,1,W-00050
main/base/deepseek-v4-flash/direct/s14,12774,6,1,1,W-00051
main/base/deepseek-v4-flash/direct/s14,12965,6,2,1,W-00052
main/base/deepseek-v4-flash/direct/s14,13270,6,2,3,W-00053|W-00054|W-00055
main/base/deepseek-v4-flash/direct/s14,13572,6,2,1,W-00056
main/base/deepseek-v4-flash/direct/s14,13661,6,3,1,W-00057
main/base/deepseek-v4-flash/direct/s14,13722,6,3,1,W-00058
main/base/deepseek-v4-flash/direct/s14,14046,6,3,1,W-00059
main/base/deepseek-v4-flash/direct/s14,14096,6,3,1,W-00060
main/base/deepseek-v4-flash/direct/s14,14353,7,1,3,W-00061|W-00062|W-00063
main/base/deepseek-v4-flash/direct/s14,15255,7,2,2,W-00064|W-00065
main/base/deepseek-v4-flash/direct/s14,15651,7,2,2,W-00066|W-00067
main/base/deepseek-v4-flash/direct/s14,16171,7,3,3,W-00068|W-00069|W-00070
main/base/deepseek-v4-flash/direct/s14,16452,8,1,3,W-00071|W-00072|W-00073
main/base/deepseek-v4-flash/direct/s14,16967,8,2,1,W-00074
main/base/deepseek-v4-flash/direct/s14,17042,8,2,2,W-00075|W-00076
main/base/deepseek-v4-flash/direct/s14,17175,8,2,4,W-00077|W-00078|W-00079|W-00080
main/base/deepseek-v4-flash/direct/s14,18479,9,1,1,W-00081
main/base/deepseek-v4-flash/direct/s14,18609,9,1,5,W-00082|W-00083|W-00084|W-00085|W-00086
main/base/deepseek-v4-flash/direct/s14,19736,9,2,3,W-00087|W-00088|W-00089
main/base/deepseek-v4-flash/direct/s14,20042,9,2,1,W-00090
main/base/deepseek-v4-flash/direct/s14,20318,10,1,2,W-00091|W-00092
main/base/deepseek-v4-flash/direct/s14,21339,10,2,4,W-00093|W-00094|W-00095|W-00096
main/base/deepseek-v4-flash/direct/s14,22252,10,3,2,W-00097|W-00098
main/base/deepseek-v4-flash/direct/s14,22359,10,3,2,W-00099|W-00100
main/base/deepseek-v4-flash/direct/s14,22817,11,1,2,W-00101|W-00102
main/base/deepseek-v4-flash/direct/s14,23449,11,1,2,W-00103|W-00104
main/base/deepseek-v4-flash/direct/s14,23660,11,3,6,W-00105|W-00106|W-00107|W-00108|W-00109|W-00110
main/base/deepseek-v4-flash/direct/s14,24508,12,1,4,W-00111|W-00112|W-00113|W-00114
main/base/deepseek-v4-flash/direct/s14,25098,12,2,3,W-00115|W-00116|W-00117
main/base/deepseek-v4-flash/direct/s14,25972,12,3,3,W-00118|W-00119|W-00120
main/base/deepseek-v4-flash/direct/s14,26329,13,1,3,W-00121|W-00122|W-00123
main/base/deepseek-v4-flash/direct/s14,27462,13,2,5,W-00124|W-00125|W-00126|W-00127|W-00128
main/base/deepseek-v4-flash/direct/s14,28404,13,3,2,W-00129|W-00130
main/base/deepseek-v4-flash/direct/s14,29000,14,1,2,W-00131|W-00132
main/base/deepseek-v4-flash/direct/s14,30104,14,1,1,W-00133
main/base/deepseek-v4-flash/direct/s14,30239,14,2,3,W-00134|W-00135|W-00136
main/base/deepseek-v4-flash/direct/s14,31016,14,3,4,W-00137|W-00138|W-00139|W-00140
main/base/deepseek-v4-flash/direct/s14,31574,15,1,4,W-00141|W-00142|W-00143|W-00144
main/base/deepseek-v4-flash/direct/s14,32434,15,2,2,W-00145|W-00146
main/base/deepseek-v4-flash/direct/s14,32625,15,3,1,W-00147
main/base/deepseek-v4-flash/direct/s14,32819,15,3,3,W-00148|W-00149|W-00150
main/base/deepseek-v4-flash/direct/s14,33827,16,1,4,W-00151|W-00152|W-00153|W-00154
main/base/deepseek-v4-flash/direct/s14,35151,16,2,6,W-00155|W-00156|W-00157|W-00158|W-00159|W-00160
main/base/deepseek-v4-flash/direct/s14,36177,17,1,3,W-00161|W-00162|W-00163
main/base/deepseek-v4-flash/direct/s14,36544,17,2,1,W-00164
main/base/deepseek-v4-flash/direct/s14,36582,17,2,2,W-00165|W-00166
main/base/deepseek-v4-flash/direct/s14,36986,17,3,1,W-00167
main/base/deepseek-v4-flash/direct/s14,37108,17,3,1,W-00168
main/base/deepseek-v4-flash/direct/s14,37146,17,3,1,W-00169
main/base/deepseek-v4-flash/direct/s14,37201,17,3,1,W-00170
main/base/deepseek-v4-flash/direct/s14,37704,18,1,3,W-00171|W-00172|W-00173
main/base/deepseek-v4-flash/direct/s14,38556,18,2,2,W-00174|W-00175
main/base/deepseek-v4-flash/direct/s14,39227,18,2,1,W-00176
main/base/deepseek-v4-flash/direct/s14,39337,18,3,1,W-00177
main/base/deepseek-v4-flash/direct/s14,39541,18,3,2,W-00178|W-00179
main/base/deepseek-v4-flash/direct/s14,40144,18,3,1,W-00180
main/base/deepseek-v4-flash/full_load/s12,136,1,1,1,W-00001
main/base/deepseek-v4-flash/full_load/s12,153,1,1,1,W-00002
main/base/deepseek-v4-flash/full_load/s12,237,1,1,6,W-00003|W-00004|W-00005|W-00006|W-00007|W-00008
main/base/deepseek-v4-flash/full_load/s12,632,1,2,2,W-00009|W-00010
main/base/deepseek-v4-flash/full_load/s12,880,2,1,3,W-00011|W-00012|W-00013
main/base/deepseek-v4-flash/full_load/s12,1134,2,2,4,W-00014|W-00015|W-00016|W-00017
main/base/deepseek-v4-flash/full_load/s12,1300,2,3,3,W-00018|W-00019|W-00020
main/base/deepseek-v4-flash/full_load/s12,1575,3,1,2,W-00021|W-00022
main/base/deepseek-v4-flash/full_load/s12,1618,3,1,1,W-00023
main/base/deepseek-v4-flash/full_load/s12,1688,3,1,1,W-00024
main/base/deepseek-v4-flash/full_load/s12,1760,3,2,1,W-00025
main/base/deepseek-v4-flash/full_load/s12,1806,3,2,1,W-00026
main/base/deepseek-v4-flash/full_load/s12,1942,3,3,4,W-00027|W-00028|W-00029|W-00030
main/base/deepseek-v4-flash/full_load/s12,2253,4,1,2,W-00031|W-00032
main/base/deepseek-v4-flash/full_load/s12,2401,4,1,1,W-00033
main/base/deepseek-v4-flash/full_load/s12,2516,4,2,3,W-00034|W-00035|W-00036
main/base/deepseek-v4-flash/full_load/s12,2726,4,3,2,W-00037|W-00038
main/base/deepseek-v4-flash/full_load/s12,2793,4,3,2,W-00039|W-00040
main/base/deepseek-v4-flash/full_load/s12,2998,5,1,2,W-00041|W-00042
main/base/deepseek-v4-flash/full_load/s12,3166,5,2,3,W-00043|W-00044|W-00045
main/base/deepseek-v4-flash/full_load/s12,3262,5,2,1,W-00046
main/base/deepseek-v4-flash/full_load/s12,3354,5,3,4,W-00047|W-00048|W-00049|W-00050
main/base/deepseek-v4-flash/full_load/s12,3680,6,1,1,W-00051
main/base/deepseek-v4-flash/full_load/s12,3861,6,2,2,W-00052|W-00053
main/base/deepseek-v4-flash/full_load/s12,3973,6,3,1,W-00054
main/base/deepseek-v4-flash/full_load/s12,3991,6,3,3,W-00055|W-00056|W-00057
main/base/deepseek-v4-flash/full_load/s12,4144,6,3,3,W-00058|W-00059|W-00060
main/base/deepseek-v4-flash/full_load/s12,4396,7,1,2,W-00061|W-00062
main/base/deepseek-v4-flash/full_load/s12,4450,7,1,1,W-00063
main/base/deepseek-v4-flash/full_load/s12,4613,7,2,3,W-00064|W-00065|W-00066
main/base/deepseek-v4-flash/full_load/s12,4747,7,2,1,W-00067
main/base/deepseek-v4-flash/full_load/s12,4858,7,3,3,W-00068|W-00069|W-00070
main/base/deepseek-v4-flash/full_load/s12,5095,8,1,1,W-00071
main/base/deepseek-v4-flash/full_load/s12,5246,8,1,2,W-00072|W-00073
main/base/deepseek-v4-flash/full_load/s12,5417,8,2,3,W-00074|W-00075|W-00076
main/base/deepseek-v4-flash/full_load/s12,5555,8,3,4,W-00077|W-00078|W-00079|W-00080
main/base/deepseek-v4-flash/full_load/s12,5873,9,1,2,W-00081|W-00082
main/base/deepseek-v4-flash/full_load/s12,5912,9,1,1,W-00083
main/base/deepseek-v4-flash/full_load/s12,6051,9,2,4,W-00084|W-00085|W-00086|W-00087
main/base/deepseek-v4-flash/full_load/s12,6386,9,3,3,W-00088|W-00089|W-00090
main/base/deepseek-v4-flash/full_load/s12,6728,10,1,3,W-00091|W-00092|W-00093
main/base/deepseek-v4-flash/full_load/s12,6896,10,2,3,W-00094|W-00095|W-00096
main/base/deepseek-v4-flash/full_load/s12,6961,10,2,2,W-00097|W-00098
main/base/deepseek-v4-flash/full_load/s12,7213,10,3,1,W-00099
main/base/deepseek-v4-flash/full_load/s12,7233,10,3,1,W-00100
main/base/deepseek-v4-flash/full_load/s12,7476,11,1,2,W-00101|W-00102
main/base/deepseek-v4-flash/full_load/s12,7718,11,2,3,W-00103|W-00104|W-00105
main/base/deepseek-v4-flash/full_load/s12,7851,11,2,1,W-00106
main/base/deepseek-v4-flash/full_load/s12,7866,11,2,2,W-00107|W-00108
main/base/deepseek-v4-flash/full_load/s12,7994,11,3,2,W-00109|W-00110
main/base/deepseek-v4-flash/full_load/s12,8208,12,1,2,W-00111|W-00112
main/base/deepseek-v4-flash/full_load/s12,8300,12,1,2,W-00113|W-00114
main/base/deepseek-v4-flash/full_load/s12,8481,12,2,2,W-00115|W-00116
main/base/deepseek-v4-flash/full_load/s12,8647,12,3,2,W-00117|W-00118
main/base/deepseek-v4-flash/full_load/s12,8688,12,3,2,W-00119|W-00120
main/base/deepseek-v4-flash/full_load/s12,8977,13,1,2,W-00121|W-00122
main/base/deepseek-v4-flash/full_load/s12,9051,13,1,3,W-00123|W-00124|W-00125
main/base/deepseek-v4-flash/full_load/s12,9227,13,2,2,W-00126|W-00127
main/base/deepseek-v4-flash/full_load/s12,9367,13,3,1,W-00128
main/base/deepseek-v4-flash/full_load/s12,9379,13,3,1,W-00129
main/base/deepseek-v4-flash/full_load/s12,9548,13,3,1,W-00130
main/base/deepseek-v4-flash/full_load/s12,9736,14,1,1,W-00131
main/base/deepseek-v4-flash/full_load/s12,9900,14,2,3,W-00132|W-00133|W-00134
main/base/deepseek-v4-flash/full_load/s12,10160,14,3,2,W-00135|W-00136
main/base/deepseek-v4-flash/full_load/s12,10220,14,3,1,W-00137
main/base/deepseek-v4-flash/full_load/s12,10288,14,3,2,W-00138|W-00139
main/base/deepseek-v4-flash/full_load/s12,10335,14,3,1,W-00140
main/base/deepseek-v4-flash/full_load/s12,10541,15,1,2,W-00141|W-00142
main/base/deepseek-v4-flash/full_load/s12,10631,15,1,1,W-00143
main/base/deepseek-v4-flash/full_load/s12,10793,15,2,5,W-00144|W-00145|W-00146|W-00147|W-00148
main/base/deepseek-v4-flash/full_load/s12,11056,15,3,2,W-00149|W-00150
main/base/deepseek-v4-flash/full_load/s12,11385,16,1,2,W-00151|W-00152
main/base/deepseek-v4-flash/full_load/s12,11605,16,2,1,W-00153
main/base/deepseek-v4-flash/full_load/s12,11689,16,2,1,W-00154
main/base/deepseek-v4-flash/full_load/s12,11767,16,3,6,W-00155|W-00156|W-00157|W-00158|W-00159|W-00160
main/base/deepseek-v4-flash/full_load/s12,12116,17,1,1,W-00161
main/base/deepseek-v4-flash/full_load/s12,12138,17,1,1,W-00162
main/base/deepseek-v4-flash/full_load/s12,12285,17,2,1,W-00163
main/base/deepseek-v4-flash/full_load/s12,12339,17,2,3,W-00164|W-00165|W-00166
main/base/deepseek-v4-flash/full_load/s12,12565,17,3,3,W-00167|W-00168|W-00169
main/base/deepseek-v4-flash/full_load/s12,12728,17,3,1,W-00170
main/base/deepseek-v4-flash/full_load/s12,12955,18,1,3,W-00171|W-00172|W-00173
main/base/deepseek-v4-flash/full_load/s12,13227,18,2,3,W-00174|W-00175|W-00176
main/base/deepseek-v4-flash/full_load/s12,13369,18,2,2,W-00177|W-00178
main/base/deepseek-v4-flash/full_load/s12,13494,18,2,2,W-00179|W-00180
main/base/deepseek-v4-flash/full_load/s12,13872,19,1,1,W-00181
main/base/deepseek-v4-flash/full_load/s12,13907,19,1,2,W-00182|W-00183
main/base/deepseek-v4-flash/full_load/s12,14074,19,2,5,W-00184|W-00185|W-00186|W-00187|W-00188
main/base/deepseek-v4-flash/full_load/s12,14336,19,3,2,W-00189|W-00190
main/base/deepseek-v4-flash/full_load/s12,14533,20,1,1,W-00191
main/base/deepseek-v4-flash/full_load/s12,14565,20,1,3,W-00192|W-00193|W-00194
main/base/deepseek-v4-flash/full_load/s12,14759,20,2,4,W-00195|W-00196|W-00197|W-00198
main/base/deepseek-v4-flash/full_load/s12,14995,20,3,2,W-00199|W-00200
main/base/deepseek-v4-flash/full_load/s12,15202,21,1,2,W-00201|W-00202
main/base/deepseek-v4-flash/full_load/s12,15496,21,2,2,W-00203|W-00204
main/base/deepseek-v4-flash/full_load/s12,15595,21,3,1,W-00205
main/base/deepseek-v4-flash/full_load/s12,15617,21,3,2,W-00206|W-00207
main/base/deepseek-v4-flash/full_load/s12,15718,21,3,3,W-00208|W-00209|W-00210
main/base/deepseek-v4-flash/full_load/s12,15904,22,1,2,W-00211|W-00212
main/base/deepseek-v4-flash/full_load/s12,16104,22,2,4,W-00213|W-00214|W-00215|W-00216
main/base/deepseek-v4-flash/full_load/s12,16274,22,2,1,W-00217
main/base/deepseek-v4-flash/full_load/s12,16397,22,3,2,W-00218|W-00219
main/base/deepseek-v4-flash/full_load/s12,16520,22,3,1,W-00220
main/base/deepseek-v4-flash/full_load/s13,100,1,1,1,W-00001
main/base/deepseek-v4-flash/full_load/s13,311,1,2,6,W-00002|W-00003|W-00004|W-00005|W-00006|W-00007
main/base/deepseek-v4-flash/full_load/s13,684,1,3,3,W-00008|W-00009|W-00010
main/base/deepseek-v4-flash/full_load/s13,960,2,1,5,W-00011|W-00012|W-00013|W-00014|W-00015
main/base/deepseek-v4-flash/full_load/s13,1333,2,2,2,W-00016|W-00017
main/base/deepseek-v4-flash/full_load/s13,1371,2,2,1,W-00018
main/base/deepseek-v4-flash/full_load/s13,1509,2,3,2,W-00019|W-00020
main/base/deepseek-v4-flash/full_load/s13,1695,3,1,4,W-00021|W-00022|W-00023|W-00024
main/base/deepseek-v4-flash/full_load/s13,2031,3,2,1,W-00025
main/base/deepseek-v4-flash/full_load/s13,2053,3,2,3,W-00026|W-00027|W-00028
main/base/deepseek-v4-flash/full_load/s13,2235,3,3,1,W-00029
main/base/deepseek-v4-flash/full_load/s13,2247,3,3,1,W-00030
main/base/deepseek-v4-flash/full_load/s13,2412,4,1,2,W-00031|W-00032
main/base/deepseek-v4-flash/full_load/s13,2662,4,2,2,W-00033|W-00034
main/base/deepseek-v4-flash/full_load/s13,2761,4,2,1,W-00035
main/base/deepseek-v4-flash/full_load/s13,2882,4,3,1,W-00036
main/base/deepseek-v4-flash/full_load/s13,2959,4,3,4,W-00037|W-00038|W-00039|W-00040
main/base/deepseek-v4-flash/full_load/s13,3234,5,1,2,W-00041|W-00042
main/base/deepseek-v4-flash/full_load/s13,3439,5,2,4,W-00043|W-00044|W-00045|W-00046
main/base/deepseek-v4-flash/full_load/s13,3706,5,3,1,W-00047
main/base/deepseek-v4-flash/full_load/s13,3826,5,3,3,W-00048|W-00049|W-00050
main/base/deepseek-v4-flash/full_load/s13,4025,6,1,1,W-00051
main/base/deepseek-v4-flash/full_load/s13,4065,6,1,1,W-00052
main/base/deepseek-v4-flash/full_load/s13,4102,6,1,1,W-00053
main/base/deepseek-v4-flash/full_load/s13,4116,6,1,2,W-00054|W-00055
main/base/deepseek-v4-flash/full_load/s13,4356,6,2,2,W-00056|W-00057
main/base/deepseek-v4-flash/full_load/s13,4484,6,3,1,W-00058
main/base/deepseek-v4-flash/full_load/s13,4505,6,3,1,W-00059
main/base/deepseek-v4-flash/full_load/s13,4577,6,3,1,W-00060
main/base/deepseek-v4-flash/full_load/s13,4843,7,1,4,W-00061|W-00062|W-00063|W-00064
main/base/deepseek-v4-flash/full_load/s13,5014,7,2,2,W-00065|W-00066
main/base/deepseek-v4-flash/full_load/s13,5190,7,3,2,W-00067|W-00068
main/base/deepseek-v4-flash/full_load/s13,5384,7,3,2,W-00069|W-00070
main/base/deepseek-v4-flash/full_load/s13,5582,8,1,5,W-00071|W-00072|W-00073|W-00074|W-00075
main/base/deepseek-v4-flash/full_load/s13,5900,8,2,2,W-00076|W-00077
main/base/deepseek-v4-flash/full_load/s13,5989,8,2,1,W-00078
main/base/deepseek-v4-flash/full_load/s13,6093,8,3,2,W-00079|W-00080
main/base/deepseek-v4-flash/full_load/s13,6283,9,1,1,W-00081
main/base/deepseek-v4-flash/full_load/s13,6320,9,1,1,W-00082
main/base/deepseek-v4-flash/full_load/s13,6376,9,1,2,W-00083|W-00084
main/base/deepseek-v4-flash/full_load/s13,6607,9,2,1,W-00085
main/base/deepseek-v4-flash/full_load/s13,6748,9,3,1,W-00086
main/base/deepseek-v4-flash/full_load/s13,6786,9,3,2,W-00087|W-00088
main/base/deepseek-v4-flash/full_load/s13,6871,9,3,1,W-00089
main/base/deepseek-v4-flash/full_load/s13,6904,9,3,1,W-00090
main/base/deepseek-v4-flash/full_load/s13,7062,10,1,1,W-00091
main/base/deepseek-v4-flash/full_load/s13,7083,10,1,1,W-00092
main/base/deepseek-v4-flash/full_load/s13,7106,10,1,2,W-00093|W-00094
main/base/deepseek-v4-flash/full_load/s13,7299,10,2,3,W-00095|W-00096|W-00097
main/base/deepseek-v4-flash/full_load/s13,7578,10,3,3,W-00098|W-00099|W-00100
main/base/deepseek-v4-flash/full_load/s13,7873,11,2,1,W-00101
main/base/deepseek-v4-flash/full_load/s13,7989,11,2,1,W-00102
main/base/deepseek-v4-flash/full_load/s13,8142,11,2,4,W-00103|W-00104|W-00105|W-00106
main/base/deepseek-v4-flash/full_load/s13,8435,11,3,4,W-00107|W-00108|W-00109|W-00110
main/base/deepseek-v4-flash/full_load/s13,8636,12,1,1,W-00111
main/base/deepseek-v4-flash/full_load/s13,8653,12,1,2,W-00112|W-00113
main/base/deepseek-v4-flash/full_load/s13,8882,12,2,2,W-00114|W-00115
main/base/deepseek-v4-flash/full_load/s13,9058,12,3,1,W-00116
main/base/deepseek-v4-flash/full_load/s13,9090,12,3,1,W-00117
main/base/deepseek-v4-flash/full_load/s13,9107,12,3,3,W-00118|W-00119|W-00120
main/base/deepseek-v4-flash/full_load/s13,9351,13,1,4,W-00121|W-00122|W-00123|W-00124
main/base/deepseek-v4-flash/full_load/s13,9538,13,1,2,W-00125|W-00126
main/base/deepseek-v4-flash/full_load/s13,9807,13,2,2,W-00127|W-00128
main/base/deepseek-v4-flash/full_load/s13,9927,13,3,2,W-00129|W-00130
main/base/deepseek-v4-flash/full_load/s13,10206,14,1,1,W-00131
main/base/deepseek-v4-flash/full_load/s13,10361,14,2,3,W-00132|W-00133|W-00134
main/base/deepseek-v4-flash/full_load/s13,10503,14,2,2,W-00135|W-00136
main/base/deepseek-v4-flash/full_load/s13,10631,14,3,1,W-00137
main/base/deepseek-v4-flash/full_load/s13,10731,14,3,3,W-00138|W-00139|W-00140
main/base/deepseek-v4-flash/full_load/s13,10951,15,1,3,W-00141|W-00142|W-00143
main/base/deepseek-v4-flash/full_load/s13,11157,15,1,2,W-00144|W-00145
main/base/deepseek-v4-flash/full_load/s13,11341,15,2,2,W-00146|W-00147
main/base/deepseek-v4-flash/full_load/s13,11527,15,3,3,W-00148|W-00149|W-00150
main/base/deepseek-v4-flash/full_load/s13,11829,16,1,5,W-00151|W-00152|W-00153|W-00154|W-00155
main/base/deepseek-v4-flash/full_load/s13,12103,16,2,2,W-00156|W-00157
main/base/deepseek-v4-flash/full_load/s13,12147,16,2,2,W-00158|W-00159
main/base/deepseek-v4-flash/full_load/s13,12308,16,3,1,W-00160
main/base/deepseek-v4-flash/full_load/s13,12612,17,1,3,W-00161|W-00162|W-00163
main/base/deepseek-v4-flash/full_load/s13,12683,17,1,1,W-00164
main/base/deepseek-v4-flash/full_load/s13,12848,17,2,1,W-00165
main/base/deepseek-v4-flash/full_load/s13,12959,17,3,5,W-00166|W-00167|W-00168|W-00169|W-00170
main/base/deepseek-v4-flash/full_load/s13,13261,18,1,5,W-00171|W-00172|W-00173|W-00174|W-00175
main/base/deepseek-v4-flash/full_load/s13,13646,18,2,4,W-00176|W-00177|W-00178|W-00179
main/base/deepseek-v4-flash/full_load/s13,13889,18,3,1,W-00180
main/base/deepseek-v4-flash/full_load/s13,14092,19,1,6,W-00181|W-00182|W-00183|W-00184|W-00185|W-00186
main/base/deepseek-v4-flash/full_load/s13,14459,19,2,1,W-00187
main/base/deepseek-v4-flash/full_load/s13,14511,19,2,1,W-00188
main/base/deepseek-v4-flash/full_load/s13,14635,19,3,1,W-00189
main/base/deepseek-v4-flash/full_load/s13,14657,19,3,1,W-00190
main/base/deepseek-v4-flash/full_load/s13,14795,20,1,1,W-00191
main/base/deepseek-v4-flash/full_load/s13,14881,20,1,2,W-00192|W-00193
main/base/deepseek-v4-flash/full_load/s13,15061,20,2,5,W-00194|W-00195|W-00196|W-00197|W-00198
main/base/deepseek-v4-flash/full_load/s13,15245,20,2,1,W-00199
main/base/deepseek-v4-flash/full_load/s13,15362,20,3,1,W-00200
main/base/deepseek-v4-flash/full_load/s13,15541,21,1,2,W-00201|W-00202
main/base/deepseek-v4-flash/full_load/s13,15666,21,1,1,W-00203
main/base/deepseek-v4-flash/full_load/s13,15684,21,1,3,W-00204|W-00205|W-00206
main/base/deepseek-v4-flash/full_load/s13,15863,21,2,2,W-00207|W-00208
main/base/deepseek-v4-flash/full_load/s13,15944,21,3,2,W-00209|W-00210
main/base/deepseek-v4-flash/full_load/s13,16128,22,1,3,W-00211|W-00212|W-00213
main/base/deepseek-v4-flash/full_load/s13,16401,22,2,1,W-00214
main/base/deepseek-v4-flash/full_load/s13,16458,22,2,1,W-00215
main/base/deepseek-v4-flash/full_load/s13,16582,22,3,5,W-00216|W-00217|W-00218|W-00219|W-00220
main/base/deepseek-v4-flash/full_load/s14,125,1,1,1,W-00001
main/base/deepseek-v4-flash/full_load/s14,167,1,1,1,W-00002
main/base/deepseek-v4-flash/full_load/s14,186,1,1,2,W-00003|W-00004
main/base/deepseek-v4-flash/full_load/s14,225,1,1,1,W-00005
main/base/deepseek-v4-flash/full_load/s14,386,1,2,3,W-00006|W-00007|W-00008
main/base/deepseek-v4-flash/full_load/s14,604,1,3,2,W-00009|W-00010
main/base/deepseek-v4-flash/full_load/s14,779,2,1,4,W-00011|W-00012|W-00013|W-00014
main/base/deepseek-v4-flash/full_load/s14,1205,2,2,1,W-00015
main/base/deepseek-v4-flash/full_load/s14,1235,2,2,1,W-00016
main/base/deepseek-v4-flash/full_load/s14,1406,2,3,4,W-00017|W-00018|W-00019|W-00020
main/base/deepseek-v4-flash/full_load/s14,1617,3,1,2,W-00021|W-00022
main/base/deepseek-v4-flash/full_load/s14,1815,3,2,1,W-00023
main/base/deepseek-v4-flash/full_load/s14,1924,3,2,3,W-00024|W-00025|W-00026
main/base/deepseek-v4-flash/full_load/s14,2048,3,3,2,W-00027|W-00028
main/base/deepseek-v4-flash/full_load/s14,2148,3,3,1,W-00029
main/base/deepseek-v4-flash/full_load/s14,2173,3,3,1,W-00030
main/base/deepseek-v4-flash/full_load/s14,2371,4,1,4,W-00031|W-00032|W-00033|W-00034
main/base/deepseek-v4-flash/full_load/s14,2588,4,2,2,W-00035|W-00036
main/base/deepseek-v4-flash/full_load/s14,2728,4,3,2,W-00037|W-00038
main/base/deepseek-v4-flash/full_load/s14,2781,4,3,2,W-00039|W-00040
main/base/deepseek-v4-flash/full_load/s14,2963,5,1,2,W-00041|W-00042
main/base/deepseek-v4-flash/full_load/s14,3090,5,1,1,W-00043
main/base/deepseek-v4-flash/full_load/s14,3255,5,2,3,W-00044|W-00045|W-00046
main/base/deepseek-v4-flash/full_load/s14,3418,5,3,2,W-00047|W-00048
main/base/deepseek-v4-flash/full_load/s14,3491,5,3,1,W-00049
main/base/deepseek-v4-flash/full_load/s14,3612,5,3,1,W-00050
main/base/deepseek-v4-flash/full_load/s14,3787,6,1,1,W-00051
main/base/deepseek-v4-flash/full_load/s14,3906,6,2,1,W-00052
main/base/deepseek-v4-flash/full_load/s14,3942,6,2,3,W-00053|W-00054|W-00055
main/base/deepseek-v4-flash/full_load/s14,4126,6,2,1,W-00056
main/base/deepseek-v4-flash/full_load/s14,4196,6,3,1,W-00057
main/base/deepseek-v4-flash/full_load/s14,4215,6,3,1,W-00058
main/base/deepseek-v4-flash/full_load/s14,4322,6,3,1,W-00059
main/base/deepseek-v4-flash/full_load/s14,4338,6,3,1,W-00060
main/base/deepseek-v4-flash/full_load/s14,4527,7,1,3,W-00061|W-00062|W-00063
main/base/deepseek-v4-flash/full_load/s14,4766,7,2,2,W-00064|W-00065
main/base/deepseek-v4-flash/full_load/s14,4885,7,2,2,W-00066|W-00067
main/base/deepseek-v4-flash/full_load/s14,5092,7,3,3,W-00068|W-00069|W-00070
main/base/deepseek-v4-flash/full_load/s14,5296,8,1,3,W-00071|W-00072|W-00073
main/base/deepseek-v4-flash/full_load/s14,5534,8,2,1,W-00074
main/base/deepseek-v4-flash/full_load/s14,5549,8,2,2,W-00075|W-00076
main/base/deepseek-v4-flash/full_load/s14,5622,8,2,4,W-00077|W-00078|W-00079|W-00080
main/base/deepseek-v4-flash/full_load/s14,6139,9,1,1,W-00081
main/base/deepseek-v4-flash/full_load/s14,6213,9,1,5,W-00082|W-00083|W-00084|W-00085|W-00086
main/base/deepseek-v4-flash/full_load/s14,6497,9,2,3,W-00087|W-00088|W-00089
main/base/deepseek-v4-flash/full_load/s14,6570,9,2,1,W-00090
main/base/deepseek-v4-flash/full_load/s14,6791,10,1,2,W-00091|W-00092
main/base/deepseek-v4-flash/full_load/s14,7060,10,2,4,W-00093|W-00094|W-00095|W-00096
main/base/deepseek-v4-flash/full_load/s14,7252,10,3,2,W-00097|W-00098
main/base/deepseek-v4-flash/full_load/s14,7286,10,3,2,W-00099|W-00100
main/base/deepseek-v4-flash/full_load/s14,7533,11,1,2,W-00101|W-00102
main/base/deepseek-v4-flash/full_load/s14,7624,11,1,2,W-00103|W-00104
main/base/deepseek-v4-flash/full_load/s14,7814,11,3,6,W-00105|W-00106|W-00107|W-00108|W-00109|W-00110
main/base/deepseek-v4-flash/full_load/s14,8228,12,1,4,W-00111|W-00112|W-00113|W-00114
main/base/deepseek-v4-flash/full_load/s14,8465,12,2,3,W-00115|W-00116|W-00117
main/base/deepseek-v4-flash/full_load/s14,8682,12,3,3,W-00118|W-00119|W-00120
main/base/deepseek-v4-flash/full_load/s14,8866,13,1,3,W-00121|W-00122|W-00123
main/base/deepseek-v4-flash/full_load/s14,9137,13,2,5,W-00124|W-00125|W-00126|W-00127|W-00128
main/base/deepseek-v4-flash/full_load/s14,9421,13,3,2,W-00129|W-00130
main/base/deepseek-v4-flash/full_load/s14,9635,14,1,2,W-00131|W-00132
main/base/deepseek-v4-flash/full_load/s14,9793,14,1,1,W-00133
main/base/deepseek-v4-flash/full_load/s14,9916,14,2,3,W-00134|W-00135|W-00136
main/base/deepseek-v4-flash/full_load/s14,10078,14,3,4,W-00137|W-00138|W-00139|W-00140
main/base/deepseek-v4-flash/full_load/s14,10338,15,1,4,W-00141|W-00142|W-00143|W-00144
main/base/deepseek-v4-flash/full_load/s14,10667,15,2,2,W-00145|W-00146
main/base/deepseek-v4-flash/full_load/s14,10789,15,3,1,W-00147
main/base/deepseek-v4-flash/full_load/s14,10833,15,3,3,W-00148|W-00149|W-00150
main/base/deepseek-v4-flash/full_load/s14,11185,16,1,4,W-00151|W-00152|W-00153|W-00154
main/base/deepseek-v4-flash/full_load/s14,11534,16,2,6,W-00155|W-00156|W-00157|W-00158|W-00159|W-00160
main/base/deepseek-v4-flash/full_load/s14,12009,17,1,3,W-00161|W-00162|W-00163
main/base/deepseek-v4-flash/full_load/s14,12180,17,2,1,W-00164
main/base/deepseek-v4-flash/full_load/s14,12201,17,2,2,W-00165|W-00166
main/base/deepseek-v4-flash/full_load/s14,12363,17,3,1,W-00167
main/base/deepseek-v4-flash/full_load/s14,12400,17,3,1,W-00168
main/base/deepseek-v4-flash/full_load/s14,12412,17,3,1,W-00169
main/base/deepseek-v4-flash/full_load/s14,12427,17,3,1,W-00170
main/base/deepseek-v4-flash/full_load/s14,12604,18,1,3,W-00171|W-00172|W-00173
main/base/deepseek-v4-flash/full_load/s14,12915,18,2,2,W-00174|W-00175
main/base/deepseek-v4-flash/full_load/s14,12985,18,2,1,W-00176
main/base/deepseek-v4-flash/full_load/s14,13078,18,3,1,W-00177
main/base/deepseek-v4-flash/full_load/s14,13115,18,3,2,W-00178|W-00179
main/base/deepseek-v4-flash/full_load/s14,13287,18,3,1,W-00180
main/base/deepseek-v4-flash/full_load/s14,13473,19,1,5,W-00181|W-00182|W-00183|W-00184|W-00185
main/base/deepseek-v4-flash/full_load/s14,13772,19,2,1,W-00186
main/base/deepseek-v4-flash/full_load/s14,13817,19,2,1,W-00187
main/base/deepseek-v4-flash/full_load/s14,13882,19,2,1,W-00188
main/base/deepseek-v4-flash/full_load/s14,14029,19,3,2,W-00189|W-00190
main/base/deepseek-v4-flash/full_load/s14,14182,20,1,4,W-00191|W-00192|W-00193|W-00194
main/base/deepseek-v4-flash/full_load/s14,14380,20,1,1,W-00195
main/base/deepseek-v4-flash/full_load/s14,14598,20,2,1,W-00196
main/base/deepseek-v4-flash/full_load/s14,14677,20,3,2,W-00197|W-00198
main/base/deepseek-v4-flash/full_load/s14,14795,20,3,2,W-00199|W-00200
main/base/deepseek-v4-flash/full_load/s14,15083,21,1,2,W-00201|W-00202
main/base/deepseek-v4-flash/full_load/s14,15279,21,1,2,W-00203|W-00204
main/base/deepseek-v4-flash/full_load/s14,15429,21,2,4,W-00205|W-00206|W-00207|W-00208
main/base/deepseek-v4-flash/full_load/s14,15580,21,3,2,W-00209|W-00210
main/base/deepseek-v4-flash/full_load/s14,15851,22,1,4,W-00211|W-00212|W-00213|W-00214
main/base/deepseek-v4-flash/ingress/s12,136,1,1,1,W-00001
main/base/deepseek-v4-flash/ingress/s12,283,1,1,1,W-00002
main/base/deepseek-v4-flash/ingress/s12,743,1,1,6,W-00003|W-00004|W-00005|W-00006|W-00007|W-00008
main/base/deepseek-v4-flash/ingress/s12,4814,1,2,2,W-00009|W-00010
main/base/deepseek-v4-flash/ingress/s12,5607,2,1,3,W-00011|W-00012|W-00013
main/base/deepseek-v4-flash/ingress/s12,6863,2,2,4,W-00014|W-00015|W-00016|W-00017
main/base/deepseek-v4-flash/ingress/s12,7616,2,3,3,W-00018|W-00019|W-00020
main/base/deepseek-v4-flash/ingress/s12,8783,3,1,2,W-00021|W-00022
main/base/deepseek-v4-flash/ingress/s12,9141,3,1,1,W-00023
main/base/deepseek-v4-flash/ingress/s12,9586,3,1,1,W-00024
main/base/deepseek-v4-flash/ingress/s12,9742,3,2,1,W-00025
main/base/deepseek-v4-flash/ingress/s12,10522,3,2,1,W-00026
main/base/deepseek-v4-flash/ingress/s12,11112,3,3,4,W-00027|W-00028|W-00029|W-00030
main/base/deepseek-v4-flash/ingress/s12,12429,4,1,2,W-00031|W-00032
main/base/deepseek-v4-flash/ingress/s12,13194,4,1,1,W-00033
main/base/deepseek-v4-flash/ingress/s12,13379,4,2,3,W-00034|W-00035|W-00036
main/base/deepseek-v4-flash/ingress/s12,14250,4,3,2,W-00037|W-00038
main/base/deepseek-v4-flash/ingress/s12,14804,4,3,2,W-00039|W-00040
main/base/deepseek-v4-flash/ingress/s12,16198,5,1,2,W-00041|W-00042
main/base/deepseek-v4-flash/ingress/s12,16839,5,2,3,W-00043|W-00044|W-00045
main/base/deepseek-v4-flash/ingress/s12,17541,5,2,1,W-00046
main/base/deepseek-v4-flash/ingress/s12,17830,5,3,4,W-00047|W-00048|W-00049|W-00050
main/base/deepseek-v4-flash/ingress/s12,19533,6,1,1,W-00051
main/base/deepseek-v4-flash/ingress/s12,19682,6,2,2,W-00052|W-00053
main/base/deepseek-v4-flash/ingress/s12,20282,6,3,1,W-00054
main/base/deepseek-v4-flash/ingress/s12,20329,6,3,3,W-00055|W-00056|W-00057
main/base/deepseek-v4-flash/ingress/s12,21141,6,3,3,W-00058|W-00059|W-00060
main/base/deepseek-v4-flash/ingress/s12,22170,7,1,2,W-00061|W-00062
main/base/deepseek-v4-flash/ingress/s12,22516,7,1,1,W-00063
main/base/deepseek-v4-flash/ingress/s12,23068,7,2,3,W-00064|W-00065|W-00066
main/base/deepseek-v4-flash/ingress/s12,24066,7,2,1,W-00067
main/base/deepseek-v4-flash/ingress/s12,24952,7,3,3,W-00068|W-00069|W-00070
main/base/deepseek-v4-flash/ingress/s12,26046,8,1,1,W-00071
main/base/deepseek-v4-flash/ingress/s12,26706,8,1,2,W-00072|W-00073
main/base/deepseek-v4-flash/ingress/s12,27412,8,2,3,W-00074|W-00075|W-00076
main/base/deepseek-v4-flash/ingress/s12,27996,8,3,4,W-00077|W-00078|W-00079|W-00080
main/base/deepseek-v4-flash/ingress/s12,30285,9,1,2,W-00081|W-00082
main/base/deepseek-v4-flash/ingress/s12,30852,9,1,1,W-00083
main/base/deepseek-v4-flash/ingress/s12,31034,9,2,4,W-00084|W-00085|W-00086|W-00087
main/base/deepseek-v4-flash/ingress/s12,32563,9,3,3,W-00088|W-00089|W-00090
main/base/deepseek-v4-flash/ingress/s12,34264,10,1,3,W-00091|W-00092|W-00093
main/base/deepseek-v4-flash/ingress/s12,35232,10,2,3,W-00094|W-00095|W-00096
main/base/deepseek-v4-flash/ingress/s12,35891,10,2,2,W-00097|W-00098
main/base/deepseek-v4-flash/ingress/s12,37548,10,3,1,W-00099
main/base/deepseek-v4-flash/ingress/s12,37918,10,3,1,W-00100
main/base/deepseek-v4-flash/ingress/s12,38751,11,1,2,W-00101|W-00102
main/base/deepseek-v4-flash/ingress/s12,40432,11,2,3,W-00103|W-00104|W-00105
main/base/deepseek-v4-flash/ingress/s12,41574,11,2,1,W-00106
main/base/deepseek-v4-flash/ingress/s12,41768,11,2,2,W-00107|W-00108
main/base/deepseek-v4-flash/ingress/s12,42099,11,3,2,W-00109|W-00110
main/base/deepseek-v4-flash/ingress/s12,43119,12,1,2,W-00111|W-00112
main/base/deepseek-v4-flash/ingress/s12,44053,12,1,2,W-00113|W-00114
main/base/deepseek-v4-flash/ingress/s12,44445,12,2,2,W-00115|W-00116
main/base/deepseek-v4-flash/ingress/s12,45482,12,3,2,W-00117|W-00118
main/base/deepseek-v4-flash/ingress/s12,45707,12,3,2,W-00119|W-00120
main/base/deepseek-v4-flash/ingress/s12,47196,13,1,2,W-00121|W-00122
main/base/deepseek-v4-flash/ingress/s12,48210,13,1,3,W-00123|W-00124|W-00125
main/base/deepseek-v4-flash/ingress/s12,49266,13,2,2,W-00126|W-00127
main/base/deepseek-v4-flash/ingress/s12,49560,13,3,1,W-00128
main/base/deepseek-v4-flash/ingress/s12,49643,13,3,1,W-00129
main/base/deepseek-v4-flash/ingress/s12,50122,13,3,1,W-00130
main/base/deepseek-v4-flash/ingress/s12,50604,14,1,1,W-00131
main/base/deepseek-v4-flash/ingress/s12,51651,14,2,3,W-00132|W-00133|W-00134
main/base/deepseek-v4-flash/ingress/s12,52928,14,3,2,W-00135|W-00136
main/base/deepseek-v4-flash/ingress/s12,53915,14,3,1,W-00137
main/base/deepseek-v4-flash/ingress/s12,55131,14,3,2,W-00138|W-00139
main/base/deepseek-v4-flash/ingress/s12,55396,14,3,1,W-00140
main/base/deepseek-v4-flash/ingress/s12,55799,15,1,2,W-00141|W-00142
main/base/deepseek-v4-flash/ingress/s12,56973,15,1,1,W-00143
main/base/deepseek-v4-flash/ingress/s12,57417,15,2,5,W-00144|W-00145|W-00146|W-00147|W-00148
main/base/deepseek-v4-flash/ingress/s12,59280,15,3,2,W-00149|W-00150
main/base/deepseek-v4-flash/ingress/s13,100,1,1,1,W-00001
main/base/deepseek-v4-flash/ingress/s13,919,1,2,6,W-00002|W-00003|W-00004|W-00005|W-00006|W-00007
main/base/deepseek-v4-flash/ingress/s13,3136,1,3,3,W-00008|W-00009|W-00010
main/base/deepseek-v4-flash/ingress/s13,4613,2,1,5,W-00011|W-00012|W-00013|W-00014|W-00015
main/base/deepseek-v4-flash/ingress/s13,7442,2,2,2,W-00016|W-00017
main/base/deepseek-v4-flash/ingress/s13,7630,2,2,1,W-00018
main/base/deepseek-v4-flash/ingress/s13,8246,2,3,2,W-00019|W-00020
main/base/deepseek-v4-flash/ingress/s13,9532,3,1,4,W-00021|W-00022|W-00023|W-00024
main/base/deepseek-v4-flash/ingress/s13,12055,3,2,1,W-00025
main/base/deepseek-v4-flash/ingress/s13,12168,3,2,3,W-00026|W-00027|W-00028
main/base/deepseek-v4-flash/ingress/s13,12826,3,3,1,W-00029
main/base/deepseek-v4-flash/ingress/s13,12908,3,3,1,W-00030
main/base/deepseek-v4-flash/ingress/s13,13089,4,1,2,W-00031|W-00032
main/base/deepseek-v4-flash/ingress/s13,14637,4,2,2,W-00033|W-00034
main/base/deepseek-v4-flash/ingress/s13,15450,4,2,1,W-00035
main/base/deepseek-v4-flash/ingress/s13,15990,4,3,1,W-00036
main/base/deepseek-v4-flash/ingress/s13,16585,4,3,4,W-00037|W-00038|W-00039|W-00040
main/base/deepseek-v4-flash/ingress/s13,18462,5,1,2,W-00041|W-00042
main/base/deepseek-v4-flash/ingress/s13,19914,5,2,4,W-00043|W-00044|W-00045|W-00046
main/base/deepseek-v4-flash/ingress/s13,21424,5,3,1,W-00047
main/base/deepseek-v4-flash/ingress/s13,22556,5,3,3,W-00048|W-00049|W-00050
main/base/deepseek-v4-flash/ingress/s13,23265,6,1,1,W-00051
main/base/deepseek-v4-flash/ingress/s13,23920,6,1,1,W-00052
main/base/deepseek-v4-flash/ingress/s13,24584,6,1,1,W-00053
main/base/deepseek-v4-flash/ingress/s13,24651,6,1,2,W-00054|W-00055
main/base/deepseek-v4-flash/ingress/s13,25492,6,2,2,W-00056|W-00057
main/base/deepseek-v4-flash/ingress/s13,26033,6,3,1,W-00058
main/base/deepseek-v4-flash/ingress/s13,26233,6,3,1,W-00059
main/base/deepseek-v4-flash/ingress/s13,27202,6,3,1,W-00060
main/base/deepseek-v4-flash/ingress/s13,28052,7,1,4,W-00061|W-00062|W-00063|W-00064
main/base/deepseek-v4-flash/ingress/s13,29222,7,2,2,W-00065|W-00066
main/base/deepseek-v4-flash/ingress/s13,30108,7,3,2,W-00067|W-00068
main/base/deepseek-v4-flash/ingress/s13,30974,7,3,2,W-00069|W-00070
main/base/deepseek-v4-flash/ingress/s13,31746,8,1,5,W-00071|W-00072|W-00073|W-00074|W-00075
main/base/deepseek-v4-flash/ingress/s13,33225,8,2,2,W-00076|W-00077
main/base/deepseek-v4-flash/ingress/s13,33921,8,2,1,W-00078
main/base/deepseek-v4-flash/ingress/s13,34106,8,3,2,W-00079|W-00080
main/base/deepseek-v4-flash/ingress/s13,34814,9,1,1,W-00081
main/base/deepseek-v4-flash/ingress/s13,35272,9,1,1,W-00082
main/base/deepseek-v4-flash/ingress/s13,35363,9,1,2,W-00083|W-00084
main/base/deepseek-v4-flash/ingress/s13,36277,9,2,1,W-00085
main/base/deepseek-v4-flash/ingress/s13,36752,9,3,1,W-00086
main/base/deepseek-v4-flash/ingress/s13,36939,9,3,2,W-00087|W-00088
main/base/deepseek-v4-flash/ingress/s13,37702,9,3,1,W-00089
main/base/deepseek-v4-flash/ingress/s13,37752,9,3,1,W-00090
main/base/deepseek-v4-flash/ingress/s13,37954,10,1,1,W-00091
main/base/deepseek-v4-flash/ingress/s13,38620,10,1,1,W-00092
main/base/deepseek-v4-flash/ingress/s13,39518,10,1,2,W-00093|W-00094
main/base/deepseek-v4-flash/ingress/s13,41015,10,2,3,W-00095|W-00096|W-00097
main/base/deepseek-v4-flash/ingress/s13,42941,10,3,3,W-00098|W-00099|W-00100
main/base/deepseek-v4-flash/ingress/s13,43985,11,2,1,W-00101
main/base/deepseek-v4-flash/ingress/s13,44717,11,2,1,W-00102
main/base/deepseek-v4-flash/ingress/s13,46205,11,2,4,W-00103|W-00104|W-00105|W-00106
main/base/deepseek-v4-flash/ingress/s13,48821,11,3,4,W-00107|W-00108|W-00109|W-00110
main/base/deepseek-v4-flash/ingress/s13,49522,12,1,1,W-00111
main/base/deepseek-v4-flash/ingress/s13,49749,12,1,2,W-00112|W-00113
main/base/deepseek-v4-flash/ingress/s13,50557,12,2,2,W-00114|W-00115
main/base/deepseek-v4-flash/ingress/s13,51747,12,3,1,W-00116
main/base/deepseek-v4-flash/ingress/s13,52024,12,3,1,W-00117
main/base/deepseek-v4-flash/ingress/s13,52058,12,3,3,W-00118|W-00119|W-00120
main/base/deepseek-v4-flash/ingress/s13,52751,13,1,4,W-00121|W-00122|W-00123|W-00124
main/base/deepseek-v4-flash/ingress/s13,54297,13,1,2,W-00125|W-00126
main/base/deepseek-v4-flash/ingress/s13,55534,13,2,2,W-00127|W-00128
main/base/deepseek-v4-flash/ingress/s13,56645,13,3,2,W-00129|W-00130
main/base/deepseek-v4-flash/ingress/s13,57569,14,1,1,W-00131
main/base/deepseek-v4-flash/ingress/s13,58780,14,2,3,W-00132|W-00133|W-00134
main/base/deepseek-v4-flash/ingress/s13,59945,14,2,2,W-00135|W-00136
main/base/deepseek-v4-flash/ingress/s13,60223,14,3,1,W-00137
main/base/deepseek-v4-flash/ingress/s13,61734,14,3,3,W-00138|W-00139|W-00140
main/base/deepseek-v4-flash/ingress/s13,62373,15,1,3,W-00141|W-00142|W-00143
main/base/deepseek-v4-flash/ingress/s13,64807,15,1,2,W-00144|W-00145
main/base/deepseek-v4-flash/ingress/s13,65168,15,2,2,W-00146|W-00147
main/base/deepseek-v4-flash/ingress/s13,65977,15,3,3,W-00148|W-00149|W-00150
main/base/deepseek-v4-flash/ingress/s14,125,1,1,1,W-00001
main/base/deepseek-v4-flash/ingress/s14,920,1,1,1,W-00002
main/base/deepseek-v4-flash/ingress/s14,1003,1,1,2,W-00003|W-00004
main/base/deepseek-v4-flash/ingress/s14,1298,1,1,1,W-00005
main/base/deepseek-v4-flash/ingress/s14,1893,1,2,3,W-00006|W-00007|W-00008
main/base/deepseek-v4-flash/ingress/s14,3924,1,3,2,W-00009|W-00010
main/base/deepseek-v4-flash/ingress/s14,4160,2,1,4,W-00011|W-00012|W-00013|W-00014
main/base/deepseek-v4-flash/ingress/s14,7958,2,2,1,W-00015
main/base/deepseek-v4-flash/ingress/s14,8055,2,2,1,W-00016
main/base/deepseek-v4-flash/ingress/s14,8870,2,3,4,W-00017|W-00018|W-00019|W-00020
main/base/deepseek-v4-flash/ingress/s14,9852,3,1,2,W-00021|W-00022
main/base/deepseek-v4-flash/ingress/s14,10794,3,2,1,W-00023
main/base/deepseek-v4-flash/ingress/s14,11388,3,2,3,W-00024|W-00025|W-00026
main/base/deepseek-v4-flash/ingress/s14,12068,3,3,2,W-00027|W-00028
main/base/deepseek-v4-flash/ingress/s14,12889,3,3,1,W-00029
main/base/deepseek-v4-flash/ingress/s14,13096,3,3,1,W-00030
main/base/deepseek-v4-flash/ingress/s14,14158,4,1,4,W-00031|W-00032|W-00033|W-00034
main/base/deepseek-v4-flash/ingress/s14,15840,4,2,2,W-00035|W-00036
main/base/deepseek-v4-flash/ingress/s14,16449,4,3,2,W-00037|W-00038
main/base/deepseek-v4-flash/ingress/s14,16970,4,3,2,W-00039|W-00040
main/base/deepseek-v4-flash/ingress/s14,17454,5,1,2,W-00041|W-00042
main/base/deepseek-v4-flash/ingress/s14,18264,5,1,1,W-00043
main/base/deepseek-v4-flash/ingress/s14,18894,5,2,3,W-00044|W-00045|W-00046
main/base/deepseek-v4-flash/ingress/s14,19774,5,3,2,W-00047|W-00048
main/base/deepseek-v4-flash/ingress/s14,20666,5,3,1,W-00049
main/base/deepseek-v4-flash/ingress/s14,21476,5,3,1,W-00050
main/base/deepseek-v4-flash/ingress/s14,21737,6,1,1,W-00051
main/base/deepseek-v4-flash/ingress/s14,21935,6,2,1,W-00052
main/base/deepseek-v4-flash/ingress/s14,22324,6,2,3,W-00053|W-00054|W-00055
main/base/deepseek-v4-flash/ingress/s14,23353,6,2,1,W-00056
main/base/deepseek-v4-flash/ingress/s14,23464,6,3,1,W-00057
main/base/deepseek-v4-flash/ingress/s14,23610,6,3,1,W-00058
main/base/deepseek-v4-flash/ingress/s14,24294,6,3,1,W-00059
main/base/deepseek-v4-flash/ingress/s14,24477,6,3,1,W-00060
main/base/deepseek-v4-flash/ingress/s14,25018,7,1,3,W-00061|W-00062|W-00063
main/base/deepseek-v4-flash/ingress/s14,26258,7,2,2,W-00064|W-00065
main/base/deepseek-v4-flash/ingress/s14,26866,7,2,2,W-00066|W-00067
main/base/deepseek-v4-flash/ingress/s14,27797,7,3,3,W-00068|W-00069|W-00070
main/base/deepseek-v4-flash/ingress/s14,28303,8,1,3,W-00071|W-00072|W-00073
main/base/deepseek-v4-flash/ingress/s14,30112,8,2,1,W-00074
main/base/deepseek-v4-flash/ingress/s14,30374,8,2,2,W-00075|W-00076
main/base/deepseek-v4-flash/ingress/s14,31076,8,2,4,W-00077|W-00078|W-00079|W-00080
main/base/deepseek-v4-flash/ingress/s14,33227,9,1,1,W-00081
main/base/deepseek-v4-flash/ingress/s14,34013,9,1,5,W-00082|W-00083|W-00084|W-00085|W-00086
main/base/deepseek-v4-flash/ingress/s14,35434,9,2,3,W-00087|W-00088|W-00089
main/base/deepseek-v4-flash/ingress/s14,35983,9,2,1,W-00090
main/base/deepseek-v4-flash/ingress/s14,36379,10,1,2,W-00091|W-00092
main/base/deepseek-v4-flash/ingress/s14,37899,10,2,4,W-00093|W-00094|W-00095|W-00096
main/base/deepseek-v4-flash/ingress/s14,39747,10,3,2,W-00097|W-00098
main/base/deepseek-v4-flash/ingress/s14,39913,10,3,2,W-00099|W-00100
main/base/deepseek-v4-flash/ingress/s14,41012,11,1,2,W-00101|W-00102
main/base/deepseek-v4-flash/ingress/s14,42021,11,1,2,W-00103|W-00104
main/base/deepseek-v4-flash/ingress/s14,42271,11,3,6,W-00105|W-00106|W-00107|W-00108|W-00109|W-00110
main/base/deepseek-v4-flash/ingress/s14,44133,12,1,4,W-00111|W-00112|W-00113|W-00114
main/base/deepseek-v4-flash/ingress/s14,45354,12,2,3,W-00115|W-00116|W-00117
main/base/deepseek-v4-flash/ingress/s14,46539,12,3,3,W-00118|W-00119|W-00120
main/base/deepseek-v4-flash/ingress/s14,47262,13,1,3,W-00121|W-00122|W-00123
main/base/deepseek-v4-flash/ingress/s14,49385,13,2,5,W-00124|W-00125|W-00126|W-00127|W-00128
main/base/deepseek-v4-flash/ingress/s14,51322,13,3,2,W-00129|W-00130
main/base/deepseek-v4-flash/ingress/s14,52586,14,1,2,W-00131|W-00132
main/base/deepseek-v4-flash/ingress/s14,54548,14,1,1,W-00133
main/base/deepseek-v4-flash/ingress/s14,54734,14,2,3,W-00134|W-00135|W-00136
main/base/deepseek-v4-flash/ingress/s14,55631,14,3,4,W-00137|W-00138|W-00139|W-00140
main/base/deepseek-v4-flash/ingress/s14,56763,15,1,4,W-00141|W-00142|W-00143|W-00144
main/base/deepseek-v4-flash/ingress/s14,59062,15,2,2,W-00145|W-00146
main/base/deepseek-v4-flash/ingress/s14,59406,15,3,1,W-00147
main/base/deepseek-v4-flash/ingress/s14,60036,15,3,3,W-00148|W-00149|W-00150
main/base/deepseek-v4-flash/routing/s12,136,1,1,1,W-00001
main/base/deepseek-v4-flash/routing/s12,290,1,1,1,W-00002
main/base/deepseek-v4-flash/routing/s12,809,1,1,6,W-00003|W-00004|W-00005|W-00006|W-00007|W-00008
main/base/deepseek-v4-flash/routing/s12,4694,1,2,2,W-00009|W-00010
main/base/deepseek-v4-flash/routing/s12,5772,2,1,3,W-00011|W-00012|W-00013
main/base/deepseek-v4-flash/routing/s12,7030,2,2,4,W-00014|W-00015|W-00016|W-00017
main/base/deepseek-v4-flash/routing/s12,7775,2,3,3,W-00018|W-00019|W-00020
main/base/deepseek-v4-flash/routing/s12,8830,3,1,2,W-00021|W-00022
main/base/deepseek-v4-flash/routing/s12,9633,3,1,1,W-00023
main/base/deepseek-v4-flash/routing/s12,10567,3,1,1,W-00024
main/base/deepseek-v4-flash/routing/s12,10668,3,2,1,W-00025
main/base/deepseek-v4-flash/routing/s12,11223,3,2,1,W-00026
main/base/deepseek-v4-flash/routing/s12,11704,3,3,4,W-00027|W-00028|W-00029|W-00030
main/base/deepseek-v4-flash/routing/s12,12667,4,1,2,W-00031|W-00032
main/base/deepseek-v4-flash/routing/s12,13329,4,1,1,W-00033
main/base/deepseek-v4-flash/routing/s12,13605,4,2,3,W-00034|W-00035|W-00036
main/base/deepseek-v4-flash/routing/s12,14637,4,3,2,W-00037|W-00038
main/base/deepseek-v4-flash/routing/s12,15306,4,3,2,W-00039|W-00040
main/base/deepseek-v4-flash/routing/s12,16053,5,1,2,W-00041|W-00042
main/base/deepseek-v4-flash/routing/s12,17122,5,2,3,W-00043|W-00044|W-00045
main/base/deepseek-v4-flash/routing/s12,18079,5,2,1,W-00046
main/base/deepseek-v4-flash/routing/s12,18282,5,3,4,W-00047|W-00048|W-00049|W-00050
main/base/deepseek-v4-flash/routing/s12,19970,6,1,1,W-00051
main/base/deepseek-v4-flash/routing/s12,20403,6,2,2,W-00052|W-00053
main/base/deepseek-v4-flash/routing/s12,21006,6,3,1,W-00054
main/base/deepseek-v4-flash/routing/s12,21091,6,3,3,W-00055|W-00056|W-00057
main/base/deepseek-v4-flash/routing/s12,22026,6,3,3,W-00058|W-00059|W-00060
main/base/deepseek-v4-flash/routing/s12,22893,7,1,2,W-00061|W-00062
main/base/deepseek-v4-flash/routing/s12,23318,7,1,1,W-00063
main/base/deepseek-v4-flash/routing/s12,23785,7,2,3,W-00064|W-00065|W-00066
main/base/deepseek-v4-flash/routing/s12,24309,7,2,1,W-00067
main/base/deepseek-v4-flash/routing/s12,24881,7,3,3,W-00068|W-00069|W-00070
main/base/deepseek-v4-flash/routing/s12,25720,8,1,1,W-00071
main/base/deepseek-v4-flash/routing/s12,26732,8,1,2,W-00072|W-00073
main/base/deepseek-v4-flash/routing/s12,27180,8,2,3,W-00074|W-00075|W-00076
main/base/deepseek-v4-flash/routing/s12,27924,8,3,4,W-00077|W-00078|W-00079|W-00080
main/base/deepseek-v4-flash/routing/s12,29355,9,1,2,W-00081|W-00082
main/base/deepseek-v4-flash/routing/s12,30380,9,1,1,W-00083
main/base/deepseek-v4-flash/routing/s12,30687,9,2,4,W-00084|W-00085|W-00086|W-00087
main/base/deepseek-v4-flash/routing/s12,31935,9,3,3,W-00088|W-00089|W-00090
main/base/deepseek-v4-flash/routing/s12,33515,10,1,3,W-00091|W-00092|W-00093
main/base/deepseek-v4-flash/routing/s12,34446,10,2,3,W-00094|W-00095|W-00096
main/base/deepseek-v4-flash/routing/s12,34919,10,2,2,W-00097|W-00098
main/base/deepseek-v4-flash/routing/s12,36013,10,3,1,W-00099
main/base/deepseek-v4-flash/routing/s12,36226,10,3,1,W-00100
main/base/deepseek-v4-flash/routing/s12,36581,11,1,2,W-00101|W-00102
main/base/deepseek-v4-flash/routing/s12,38196,11,2,3,W-00103|W-00104|W-00105
main/base/deepseek-v4-flash/routing/s12,38970,11,2,1,W-00106
main/base/deepseek-v4-flash/routing/s12,39196,11,2,2,W-00107|W-00108
main/base/deepseek-v4-flash/routing/s12,39487,11,3,2,W-00109|W-00110
main/base/deepseek-v4-flash/routing/s12,41469,12,1,2,W-00111|W-00112
main/base/deepseek-v4-flash/routing/s12,42070,12,1,2,W-00113|W-00114
main/base/deepseek-v4-flash/routing/s12,42707,12,2,2,W-00115|W-00116
main/base/deepseek-v4-flash/routing/s12,43183,12,3,2,W-00117|W-00118
main/base/deepseek-v4-flash/routing/s12,43384,12,3,2,W-00119|W-00120
main/base/deepseek-v4-flash/routing/s12,44060,13,1,2,W-00121|W-00122
main/base/deepseek-v4-flash/routing/s12,45620,13,1,3,W-00123|W-00124|W-00125
main/base/deepseek-v4-flash/routing/s12,46400,13,2,2,W-00126|W-00127
main/base/deepseek-v4-flash/routing/s12,46837,13,3,1,W-00128
main/base/deepseek-v4-flash/routing/s12,46922,13,3,1,W-00129
main/base/deepseek-v4-flash/routing/s12,47674,13,3,1,W-00130
main/base/deepseek-v4-flash/routing/s12,48002,14,1,1,W-00131
main/base/deepseek-v4-flash/routing/s12,48550,14,2,3,W-00132|W-00133|W-00134
main/base/deepseek-v4-flash/routing/s12,49343,14,3,2,W-00135|W-00136
main/base/deepseek-v4-flash/routing/s12,49839,14,3,1,W-00137
main/base/deepseek-v4-flash/routing/s12,50509,14,3,2,W-00138|W-00139
main/base/deepseek-v4-flash/routing/s12,50696,14,3,1,W-00140
main/base/deepseek-v4-flash/routing/s12,51272,15,1,2,W-00141|W-00142
main/base/deepseek-v4-flash/routing/s12,52172,15,1,1,W-00143
main/base/deepseek-v4-flash/routing/s12,52444,15,2,5,W-00144|W-00145|W-00146|W-00147|W-00148
main/base/deepseek-v4-flash/routing/s12,53712,15,3,2,W-00149|W-00150
main/base/deepseek-v4-flash/routing/s13,100,1,1,1,W-00001
main/base/deepseek-v4-flash/routing/s13,1077,1,2,6,W-00002|W-00003|W-00004|W-00005|W-00006|W-00007
main/base/deepseek-v4-flash/routing/s13,3893,1,3,3,W-00008|W-00009|W-00010
main/base/deepseek-v4-flash/routing/s13,5145,2,1,5,W-00011|W-00012|W-00013|W-00014|W-00015
main/base/deepseek-v4-flash/routing/s13,7787,2,2,2,W-00016|W-00017
main/base/deepseek-v4-flash/routing/s13,7964,2,2,1,W-00018
main/base/deepseek-v4-flash/routing/s13,8592,2,3,2,W-00019|W-00020
main/base/deepseek-v4-flash/routing/s13,9746,3,1,4,W-00021|W-00022|W-00023|W-00024
main/base/deepseek-v4-flash/routing/s13,11972,3,2,1,W-00025
main/base/deepseek-v4-flash/routing/s13,12127,3,2,3,W-00026|W-00027|W-00028
main/base/deepseek-v4-flash/routing/s13,12788,3,3,1,W-00029
main/base/deepseek-v4-flash/routing/s13,12861,3,3,1,W-00030
main/base/deepseek-v4-flash/routing/s13,13051,4,1,2,W-00031|W-00032
main/base/deepseek-v4-flash/routing/s13,14559,4,2,2,W-00033|W-00034
main/base/deepseek-v4-flash/routing/s13,15201,4,2,1,W-00035
main/base/deepseek-v4-flash/routing/s13,15612,4,3,1,W-00036
main/base/deepseek-v4-flash/routing/s13,16099,4,3,4,W-00037|W-00038|W-00039|W-00040
main/base/deepseek-v4-flash/routing/s13,17025,5,1,2,W-00041|W-00042
main/base/deepseek-v4-flash/routing/s13,18316,5,2,4,W-00043|W-00044|W-00045|W-00046
main/base/deepseek-v4-flash/routing/s13,19763,5,3,1,W-00047
main/base/deepseek-v4-flash/routing/s13,20268,5,3,3,W-00048|W-00049|W-00050
main/base/deepseek-v4-flash/routing/s13,20802,6,1,1,W-00051
main/base/deepseek-v4-flash/routing/s13,21052,6,1,1,W-00052
main/base/deepseek-v4-flash/routing/s13,21514,6,1,1,W-00053
main/base/deepseek-v4-flash/routing/s13,21603,6,1,2,W-00054|W-00055
main/base/deepseek-v4-flash/routing/s13,22035,6,2,2,W-00056|W-00057
main/base/deepseek-v4-flash/routing/s13,22314,6,3,1,W-00058
main/base/deepseek-v4-flash/routing/s13,22379,6,3,1,W-00059
main/base/deepseek-v4-flash/routing/s13,22895,6,3,1,W-00060
main/base/deepseek-v4-flash/routing/s13,23486,7,1,4,W-00061|W-00062|W-00063|W-00064
main/base/deepseek-v4-flash/routing/s13,24170,7,2,2,W-00065|W-00066
main/base/deepseek-v4-flash/routing/s13,24863,7,3,2,W-00067|W-00068
main/base/deepseek-v4-flash/routing/s13,25879,7,3,2,W-00069|W-00070
main/base/deepseek-v4-flash/routing/s13,26459,8,1,5,W-00071|W-00072|W-00073|W-00074|W-00075
main/base/deepseek-v4-flash/routing/s13,27643,8,2,2,W-00076|W-00077
main/base/deepseek-v4-flash/routing/s13,28207,8,2,1,W-00078
main/base/deepseek-v4-flash/routing/s13,28931,8,3,2,W-00079|W-00080
main/base/deepseek-v4-flash/routing/s13,29605,9,1,1,W-00081
main/base/deepseek-v4-flash/routing/s13,29830,9,1,1,W-00082
main/base/deepseek-v4-flash/routing/s13,30405,9,1,2,W-00083|W-00084
main/base/deepseek-v4-flash/routing/s13,31205,9,2,1,W-00085
main/base/deepseek-v4-flash/routing/s13,31513,9,3,1,W-00086
main/base/deepseek-v4-flash/routing/s13,31651,9,3,2,W-00087|W-00088
main/base/deepseek-v4-flash/routing/s13,32220,9,3,1,W-00089
main/base/deepseek-v4-flash/routing/s13,32521,9,3,1,W-00090
main/base/deepseek-v4-flash/routing/s13,32776,10,1,1,W-00091
main/base/deepseek-v4-flash/routing/s13,32901,10,1,1,W-00092
main/base/deepseek-v4-flash/routing/s13,33603,10,1,2,W-00093|W-00094
main/base/deepseek-v4-flash/routing/s13,34945,10,2,3,W-00095|W-00096|W-00097
main/base/deepseek-v4-flash/routing/s13,36451,10,3,3,W-00098|W-00099|W-00100
main/base/deepseek-v4-flash/routing/s13,37307,11,2,1,W-00101
main/base/deepseek-v4-flash/routing/s13,38742,11,2,1,W-00102
main/base/deepseek-v4-flash/routing/s13,40157,11,2,4,W-00103|W-00104|W-00105|W-00106
main/base/deepseek-v4-flash/routing/s13,43350,11,3,4,W-00107|W-00108|W-00109|W-00110
main/base/deepseek-v4-flash/routing/s13,44185,12,1,1,W-00111
main/base/deepseek-v4-flash/routing/s13,44313,12,1,2,W-00112|W-00113
main/base/deepseek-v4-flash/routing/s13,44967,12,2,2,W-00114|W-00115
main/base/deepseek-v4-flash/routing/s13,46089,12,3,1,W-00116
main/base/deepseek-v4-flash/routing/s13,46298,12,3,1,W-00117
main/base/deepseek-v4-flash/routing/s13,46333,12,3,3,W-00118|W-00119|W-00120
main/base/deepseek-v4-flash/routing/s13,46963,13,1,4,W-00121|W-00122|W-00123|W-00124
main/base/deepseek-v4-flash/routing/s13,47948,13,1,2,W-00125|W-00126
main/base/deepseek-v4-flash/routing/s13,49054,13,2,2,W-00127|W-00128
main/base/deepseek-v4-flash/routing/s13,49948,13,3,2,W-00129|W-00130
main/base/deepseek-v4-flash/routing/s13,50472,14,1,1,W-00131
main/base/deepseek-v4-flash/routing/s13,51761,14,2,3,W-00132|W-00133|W-00134
main/base/deepseek-v4-flash/routing/s13,52496,14,2,2,W-00135|W-00136
main/base/deepseek-v4-flash/routing/s13,52975,14,3,1,W-00137
main/base/deepseek-v4-flash/routing/s13,53771,14,3,3,W-00138|W-00139|W-00140
main/base/deepseek-v4-flash/routing/s13,54294,15,1,3,W-00141|W-00142|W-00143
main/base/deepseek-v4-flash/routing/s13,55379,15,1,2,W-00144|W-00145
main/base/deepseek-v4-flash/routing/s13,55619,15,2,2,W-00146|W-00147
main/base/deepseek-v4-flash/routing/s13,56247,15,3,3,W-00148|W-00149|W-00150
main/base/deepseek-v4-flash/routing/s14,125,1,1,1,W-00001
main/base/deepseek-v4-flash/routing/s14,699,1,1,1,W-00002
main/base/deepseek-v4-flash/routing/s14,798,1,1,2,W-00003|W-00004
main/base/deepseek-v4-flash/routing/s14,1006,1,1,1,W-00005
main/base/deepseek-v4-flash/routing/s14,2041,1,2,3,W-00006|W-00007|W-00008
main/base/deepseek-v4-flash/routing/s14,3815,1,3,2,W-00009|W-00010
main/base/deepseek-v4-flash/routing/s14,4562,2,1,4,W-00011|W-00012|W-00013|W-00014
main/base/deepseek-v4-flash/routing/s14,7972,2,2,1,W-00015
main/base/deepseek-v4-flash/routing/s14,8022,2,2,1,W-00016
main/base/deepseek-v4-flash/routing/s14,8756,2,3,4,W-00017|W-00018|W-00019|W-00020
main/base/deepseek-v4-flash/routing/s14,9605,3,1,2,W-00021|W-00022
main/base/deepseek-v4-flash/routing/s14,10230,3,2,1,W-00023
main/base/deepseek-v4-flash/routing/s14,10777,3,2,3,W-00024|W-00025|W-00026
main/base/deepseek-v4-flash/routing/s14,11837,3,3,2,W-00027|W-00028
main/base/deepseek-v4-flash/routing/s14,12351,3,3,1,W-00029
main/base/deepseek-v4-flash/routing/s14,12402,3,3,1,W-00030
main/base/deepseek-v4-flash/routing/s14,13155,4,1,4,W-00031|W-00032|W-00033|W-00034
main/base/deepseek-v4-flash/routing/s14,14980,4,2,2,W-00035|W-00036
main/base/deepseek-v4-flash/routing/s14,15395,4,3,2,W-00037|W-00038
main/base/deepseek-v4-flash/routing/s14,15757,4,3,2,W-00039|W-00040
main/base/deepseek-v4-flash/routing/s14,16144,5,1,2,W-00041|W-00042
main/base/deepseek-v4-flash/routing/s14,16997,5,1,1,W-00043
main/base/deepseek-v4-flash/routing/s14,17458,5,2,3,W-00044|W-00045|W-00046
main/base/deepseek-v4-flash/routing/s14,17973,5,3,2,W-00047|W-00048
main/base/deepseek-v4-flash/routing/s14,18435,5,3,1,W-00049
main/base/deepseek-v4-flash/routing/s14,18867,5,3,1,W-00050
main/base/deepseek-v4-flash/routing/s14,19131,6,1,1,W-00051
main/base/deepseek-v4-flash/routing/s14,19308,6,2,1,W-00052
main/base/deepseek-v4-flash/routing/s14,19581,6,2,3,W-00053|W-00054|W-00055
main/base/deepseek-v4-flash/routing/s14,20173,6,2,1,W-00056
main/base/deepseek-v4-flash/routing/s14,20274,6,3,1,W-00057
main/base/deepseek-v4-flash/routing/s14,20295,6,3,1,W-00058
main/base/deepseek-v4-flash/routing/s14,20627,6,3,1,W-00059
main/base/deepseek-v4-flash/routing/s14,20781,6,3,1,W-00060
main/base/deepseek-v4-flash/routing/s14,21149,7,1,3,W-00061|W-00062|W-00063
main/base/deepseek-v4-flash/routing/s14,22734,7,2,2,W-00064|W-00065
main/base/deepseek-v4-flash/routing/s14,23212,7,2,2,W-00066|W-00067
main/base/deepseek-v4-flash/routing/s14,23726,7,3,3,W-00068|W-00069|W-00070
main/base/deepseek-v4-flash/routing/s14,24083,8,1,3,W-00071|W-00072|W-00073
main/base/deepseek-v4-flash/routing/s14,25964,8,2,1,W-00074
main/base/deepseek-v4-flash/routing/s14,26153,8,2,2,W-00075|W-00076
main/base/deepseek-v4-flash/routing/s14,26512,8,2,4,W-00077|W-00078|W-00079|W-00080
main/base/deepseek-v4-flash/routing/s14,28638,9,1,1,W-00081
main/base/deepseek-v4-flash/routing/s14,28968,9,1,5,W-00082|W-00083|W-00084|W-00085|W-00086
main/base/deepseek-v4-flash/routing/s14,30111,9,2,3,W-00087|W-00088|W-00089
main/base/deepseek-v4-flash/routing/s14,30686,9,2,1,W-00090
main/base/deepseek-v4-flash/routing/s14,31033,10,1,2,W-00091|W-00092
main/base/deepseek-v4-flash/routing/s14,31831,10,2,4,W-00093|W-00094|W-00095|W-00096
main/base/deepseek-v4-flash/routing/s14,32866,10,3,2,W-00097|W-00098
main/base/deepseek-v4-flash/routing/s14,33226,10,3,2,W-00099|W-00100
main/base/deepseek-v4-flash/routing/s14,33895,11,1,2,W-00101|W-00102
main/base/deepseek-v4-flash/routing/s14,34633,11,1,2,W-00103|W-00104
main/base/deepseek-v4-flash/routing/s14,34992,11,3,6,W-00105|W-00106|W-00107|W-00108|W-00109|W-00110
main/base/deepseek-v4-flash/routing/s14,36369,12,1,4,W-00111|W-00112|W-00113|W-00114
main/base/deepseek-v4-flash/routing/s14,37340,12,2,3,W-00115|W-00116|W-00117
main/base/deepseek-v4-flash/routing/s14,37995,12,3,3,W-00118|W-00119|W-00120
main/base/deepseek-v4-flash/routing/s14,38672,13,1,3,W-00121|W-00122|W-00123
main/base/deepseek-v4-flash/routing/s14,40050,13,2,5,W-00124|W-00125|W-00126|W-00127|W-00128
main/base/deepseek-v4-flash/routing/s14,41605,13,3,2,W-00129|W-00130
main/base/deepseek-v4-flash/routing/s14,42291,14,1,2,W-00131|W-00132
main/base/deepseek-v4-flash/routing/s14,42931,14,1,1,W-00133
main/base/deepseek-v4-flash/routing/s14,43206,14,2,3,W-00134|W-00135|W-00136
main/base/deepseek-v4-flash/routing/s14,44266,14,3,4,W-00137|W-00138|W-00139|W-00140
main/base/deepseek-v4-flash/routing/s14,45025,15,1,4,W-00141|W-00142|W-00143|W-00144
main/base/deepseek-v4-flash/routing/s14,46386,15,2,2,W-00145|W-00146
main/base/deepseek-v4-flash/routing/s14,46684,15,3,1,W-00147
main/base/deepseek-v4-flash/routing/s14,47070,15,3,3,W-00148|W-00149|W-00150
main/base/qwen3.5-27b/direct/s12,136,1,1,1,W-00001
main/base/qwen3.5-27b/direct/s12,174,1,1,1,W-00002
main/base/qwen3.5-27b/direct/s12,250,1,1,6,W-00003|W-00004|W-00005|W-00006|W-00007|W-00008
main/base/qwen3.5-27b/direct/s12,682,1,2,2,W-00009|W-00010
main/base/qwen3.5-27b/direct/s12,965,2,1,3,W-00011|W-00012|W-00013
main/base/qwen3.5-27b/direct/s12,1325,2,2,4,W-00014|W-00015|W-00016|W-00017
main/base/qwen3.5-27b/direct/s12,1553,2,3,3,W-00018|W-00019|W-00020
main/base/qwen3.5-27b/direct/s12,1913,3,1,2,W-00021|W-00022
main/base/qwen3.5-27b/direct/s12,2058,3,1,1,W-00023
main/base/qwen3.5-27b/direct/s12,2135,3,1,1,W-00024
main/base/qwen3.5-27b/direct/s12,2207,3,2,1,W-00025
main/base/qwen3.5-27b/direct/s12,2275,3,2,1,W-00026
main/base/qwen3.5-27b/direct/s12,2421,3,3,4,W-00027|W-00028|W-00029|W-00030
main/base/qwen3.5-27b/direct/s12,2775,4,1,2,W-00031|W-00032
main/base/qwen3.5-27b/direct/s12,2865,4,1,1,W-00033
main/base/qwen3.5-27b/direct/s12,3006,4,2,3,W-00034|W-00035|W-00036
main/base/qwen3.5-27b/direct/s12,3423,4,3,2,W-00037|W-00038
main/base/qwen3.5-27b/direct/s12,3561,4,3,2,W-00039|W-00040
main/base/qwen3.5-27b/direct/s12,3971,5,1,2,W-00041|W-00042
main/base/qwen3.5-27b/direct/s12,4192,5,2,3,W-00043|W-00044|W-00045
main/base/qwen3.5-27b/direct/s12,4407,5,2,1,W-00046
main/base/qwen3.5-27b/direct/s12,4556,5,3,4,W-00047|W-00048|W-00049|W-00050
main/base/qwen3.5-27b/direct/s12,5022,6,1,1,W-00051
main/base/qwen3.5-27b/direct/s12,5171,6,2,2,W-00052|W-00053
main/base/qwen3.5-27b/direct/s12,5322,6,3,1,W-00054
main/base/qwen3.5-27b/direct/s12,5339,6,3,3,W-00055|W-00056|W-00057
main/base/qwen3.5-27b/direct/s12,5526,6,3,3,W-00058|W-00059|W-00060
main/base/qwen3.5-27b/direct/s12,5852,7,1,2,W-00061|W-00062
main/base/qwen3.5-27b/direct/s12,5934,7,1,1,W-00063
main/base/qwen3.5-27b/direct/s12,6102,7,2,3,W-00064|W-00065|W-00066
main/base/qwen3.5-27b/direct/s12,6245,7,2,1,W-00067
main/base/qwen3.5-27b/direct/s12,6435,7,3,3,W-00068|W-00069|W-00070
main/base/qwen3.5-27b/direct/s12,6785,8,1,1,W-00071
main/base/qwen3.5-27b/direct/s12,7053,8,1,2,W-00072|W-00073
main/base/qwen3.5-27b/direct/s12,7248,8,2,3,W-00074|W-00075|W-00076
main/base/qwen3.5-27b/direct/s12,7421,8,3,4,W-00077|W-00078|W-00079|W-00080
main/base/qwen3.5-27b/direct/s12,7839,9,1,2,W-00081|W-00082
main/base/qwen3.5-27b/direct/s12,7878,9,1,1,W-00083
main/base/qwen3.5-27b/direct/s12,8018,9,2,4,W-00084|W-00085|W-00086|W-00087
main/base/qwen3.5-27b/direct/s12,8509,9,3,3,W-00088|W-00089|W-00090
main/base/qwen3.5-27b/direct/s12,8837,10,1,3,W-00091|W-00092|W-00093
main/base/qwen3.5-27b/direct/s12,9179,10,2,3,W-00094|W-00095|W-00096
main/base/qwen3.5-27b/direct/s12,9350,10,2,2,W-00097|W-00098
main/base/qwen3.5-27b/direct/s12,9625,10,3,1,W-00099
main/base/qwen3.5-27b/direct/s12,9674,10,3,1,W-00100
main/base/qwen3.5-27b/direct/s12,9890,11,1,2,W-00101|W-00102
main/base/qwen3.5-27b/direct/s12,10326,11,2,3,W-00103|W-00104|W-00105
main/base/qwen3.5-27b/direct/s12,10543,11,2,1,W-00106
main/base/qwen3.5-27b/direct/s12,10620,11,2,2,W-00107|W-00108
main/base/qwen3.5-27b/direct/s12,10776,11,3,2,W-00109|W-00110
main/base/qwen3.5-27b/direct/s12,11024,12,1,2,W-00111|W-00112
main/base/qwen3.5-27b/direct/s12,11252,12,1,2,W-00113|W-00114
main/base/qwen3.5-27b/direct/s12,11425,12,2,2,W-00115|W-00116
main/base/qwen3.5-27b/direct/s12,11542,12,3,2,W-00117|W-00118
main/base/qwen3.5-27b/direct/s12,11590,12,3,2,W-00119|W-00120
main/base/qwen3.5-27b/direct/s12,11916,13,1,2,W-00121|W-00122
main/base/qwen3.5-27b/direct/s12,12158,13,1,3,W-00123|W-00124|W-00125
main/base/qwen3.5-27b/direct/s12,12415,13,2,2,W-00126|W-00127
main/base/qwen3.5-27b/direct/s12,12579,13,3,1,W-00128
main/base/qwen3.5-27b/direct/s12,12603,13,3,1,W-00129
main/base/qwen3.5-27b/direct/s12,12744,13,3,1,W-00130
main/base/qwen3.5-27b/direct/s12,12978,14,1,1,W-00131
main/base/qwen3.5-27b/direct/s12,13161,14,2,3,W-00132|W-00133|W-00134
main/base/qwen3.5-27b/direct/s12,13536,14,3,2,W-00135|W-00136
main/base/qwen3.5-27b/direct/s12,13635,14,3,1,W-00137
main/base/qwen3.5-27b/direct/s12,13938,14,3,2,W-00138|W-00139
main/base/qwen3.5-27b/direct/s12,13982,14,3,1,W-00140
main/base/qwen3.5-27b/direct/s12,14244,15,1,2,W-00141|W-00142
main/base/qwen3.5-27b/direct/s12,14376,15,1,1,W-00143
main/base/qwen3.5-27b/direct/s12,14550,15,2,5,W-00144|W-00145|W-00146|W-00147|W-00148
main/base/qwen3.5-27b/direct/s12,15108,15,3,2,W-00149|W-00150
main/base/qwen3.5-27b/direct/s12,15495,16,1,2,W-00151|W-00152
main/base/qwen3.5-27b/direct/s12,15851,16,2,1,W-00153
main/base/qwen3.5-27b/direct/s12,16231,16,2,1,W-00154
main/base/qwen3.5-27b/direct/s12,16317,16,3,6,W-00155|W-00156|W-00157|W-00158|W-00159|W-00160
main/base/qwen3.5-27b/direct/s12,16816,17,1,1,W-00161
main/base/qwen3.5-27b/direct/s12,16841,17,1,1,W-00162
main/base/qwen3.5-27b/direct/s12,17072,17,2,1,W-00163
main/base/qwen3.5-27b/direct/s12,17131,17,2,3,W-00164|W-00165|W-00166
main/base/qwen3.5-27b/direct/s12,17468,17,3,3,W-00167|W-00168|W-00169
main/base/qwen3.5-27b/direct/s12,17733,17,3,1,W-00170
main/base/qwen3.5-27b/direct/s12,17936,18,1,3,W-00171|W-00172|W-00173
main/base/qwen3.5-27b/direct/s12,18284,18,2,3,W-00174|W-00175|W-00176
main/base/qwen3.5-27b/direct/s12,18605,18,2,2,W-00177|W-00178
main/base/qwen3.5-27b/direct/s12,18812,18,2,2,W-00179|W-00180
main/base/qwen3.5-27b/direct/s12,19240,19,1,1,W-00181
main/base/qwen3.5-27b/direct/s12,19378,19,1,2,W-00182|W-00183
main/base/qwen3.5-27b/direct/s12,19668,19,2,5,W-00184|W-00185|W-00186|W-00187|W-00188
main/base/qwen3.5-27b/direct/s12,20171,19,3,2,W-00189|W-00190
main/base/qwen3.5-27b/direct/s12,20469,20,1,1,W-00191
main/base/qwen3.5-27b/direct/s12,20494,20,1,3,W-00192|W-00193|W-00194
main/base/qwen3.5-27b/direct/s12,20693,20,2,4,W-00195|W-00196|W-00197|W-00198
main/base/qwen3.5-27b/direct/s12,21018,20,3,2,W-00199|W-00200
main/base/qwen3.5-27b/direct/s12,21345,21,1,2,W-00201|W-00202
main/base/qwen3.5-27b/direct/s12,21655,21,2,2,W-00203|W-00204
main/base/qwen3.5-27b/direct/s12,21846,21,3,1,W-00205
main/base/qwen3.5-27b/direct/s12,21893,21,3,2,W-00206|W-00207
main/base/qwen3.5-27b/direct/s12,22041,21,3,3,W-00208|W-00209|W-00210
main/base/qwen3.5-27b/direct/s12,22260,22,1,2,W-00211|W-00212
main/base/qwen3.5-27b/direct/s12,22581,22,2,4,W-00213|W-00214|W-00215|W-00216
main/base/qwen3.5-27b/direct/s12,23092,22,2,1,W-00217
main/base/qwen3.5-27b/direct/s12,23280,22,3,2,W-00218|W-00219
main/base/qwen3.5-27b/direct/s12,23492,22,3,1,W-00220
main/base/qwen3.5-27b/direct/s12,23703,23,1,2,W-00221|W-00222
main/base/qwen3.5-27b/direct/s12,23790,23,1,3,W-00223|W-00224|W-00225
main/base/qwen3.5-27b/direct/s12,24081,23,2,3,W-00226|W-00227|W-00228
main/base/qwen3.5-27b/direct/s12,24286,23,3,2,W-00229|W-00230
main/base/qwen3.5-27b/direct/s12,24726,24,1,2,W-00231|W-00232
main/base/qwen3.5-27b/direct/s12,24892,24,1,1,W-00233
main/base/qwen3.5-27b/direct/s12,25094,24,2,1,W-00234
main/base/qwen3.5-27b/direct/s12,25167,24,2,1,W-00235
main/base/qwen3.5-27b/direct/s12,25296,24,3,1,W-00236
main/base/qwen3.5-27b/direct/s12,25342,24,3,4,W-00237|W-00238|W-00239|W-00240
main/base/qwen3.5-27b/direct/s12,25644,25,1,2,W-00241|W-00242
main/base/qwen3.5-27b/direct/s12,25923,25,2,2,W-00243|W-00244
main/base/qwen3.5-27b/direct/s12,26083,25,3,6,W-00245|W-00246|W-00247|W-00248|W-00249|W-00250
main/base/qwen3.5-27b/direct/s12,26435,26,1,3,W-00251|W-00252|W-00253
main/base/qwen3.5-27b/direct/s12,26755,26,2,2,W-00254|W-00255
main/base/qwen3.5-27b/direct/s12,26823,26,2,1,W-00256
main/base/qwen3.5-27b/direct/s12,26990,26,2,1,W-00257
main/base/qwen3.5-27b/direct/s12,27380,26,3,1,W-00258
main/base/qwen3.5-27b/direct/s12,27536,26,3,2,W-00259|W-00260
main/base/qwen3.5-27b/direct/s12,27824,27,1,6,W-00261|W-00262|W-00263|W-00264|W-00265|W-00266
main/base/qwen3.5-27b/direct/s12,28258,27,2,3,W-00267|W-00268|W-00269
main/base/qwen3.5-27b/direct/s12,28543,27,3,1,W-00270
main/base/qwen3.5-27b/direct/s12,28706,28,1,5,W-00271|W-00272|W-00273|W-00274|W-00275
main/base/qwen3.5-27b/direct/s12,29054,28,2,1,W-00276
main/base/qwen3.5-27b/direct/s12,29163,28,3,4,W-00277|W-00278|W-00279|W-00280
main/base/qwen3.5-27b/direct/s12,29515,29,1,1,W-00281
main/base/qwen3.5-27b/direct/s12,29782,29,1,4,W-00282|W-00283|W-00284|W-00285
main/base/qwen3.5-27b/direct/s12,29993,29,1,1,W-00286
main/base/qwen3.5-27b/direct/s12,30357,29,2,1,W-00287
main/base/qwen3.5-27b/direct/s12,30501,29,3,1,W-00288
main/base/qwen3.5-27b/direct/s12,30682,29,3,1,W-00289
main/base/qwen3.5-27b/direct/s12,30710,29,3,1,W-00290
main/base/qwen3.5-27b/direct/s12,30950,30,1,1,W-00291
main/base/qwen3.5-27b/direct/s12,31034,30,1,1,W-00292
main/base/qwen3.5-27b/direct/s12,31396,30,1,1,W-00293
main/base/qwen3.5-27b/direct/s12,31538,30,2,4,W-00294|W-00295|W-00296|W-00297
main/base/qwen3.5-27b/direct/s12,31704,30,2,2,W-00298|W-00299
main/base/qwen3.5-27b/direct/s12,31974,30,3,1,W-00300
main/base/qwen3.5-27b/direct/s13,100,1,1,1,W-00001
main/base/qwen3.5-27b/direct/s13,327,1,2,6,W-00002|W-00003|W-00004|W-00005|W-00006|W-00007
main/base/qwen3.5-27b/direct/s13,746,1,3,3,W-00008|W-00009|W-00010
main/base/qwen3.5-27b/direct/s13,1070,2,1,5,W-00011|W-00012|W-00013|W-00014|W-00015
main/base/qwen3.5-27b/direct/s13,1488,2,2,2,W-00016|W-00017
main/base/qwen3.5-27b/direct/s13,1567,2,2,1,W-00018
main/base/qwen3.5-27b/direct/s13,1718,2,3,2,W-00019|W-00020
main/base/qwen3.5-27b/direct/s13,1927,3,1,4,W-00021|W-00022|W-00023|W-00024
main/base/qwen3.5-27b/direct/s13,2359,3,2,1,W-00025
main/base/qwen3.5-27b/direct/s13,2390,3,2,3,W-00026|W-00027|W-00028
main/base/qwen3.5-27b/direct/s13,2580,3,3,1,W-00029
main/base/qwen3.5-27b/direct/s13,2606,3,3,1,W-00030
main/base/qwen3.5-27b/direct/s13,2770,4,1,2,W-00031|W-00032
main/base/qwen3.5-27b/direct/s13,2965,4,2,2,W-00033|W-00034
main/base/qwen3.5-27b/direct/s13,3064,4,2,1,W-00035
main/base/qwen3.5-27b/direct/s13,3182,4,3,1,W-00036
main/base/qwen3.5-27b/direct/s13,3272,4,3,4,W-00037|W-00038|W-00039|W-00040
main/base/qwen3.5-27b/direct/s13,3606,5,1,2,W-00041|W-00042
main/base/qwen3.5-27b/direct/s13,3867,5,2,4,W-00043|W-00044|W-00045|W-00046
main/base/qwen3.5-27b/direct/s13,4237,5,3,1,W-00047
main/base/qwen3.5-27b/direct/s13,4422,5,3,3,W-00048|W-00049|W-00050
main/base/qwen3.5-27b/direct/s13,4653,6,1,1,W-00051
main/base/qwen3.5-27b/direct/s13,4690,6,1,1,W-00052
main/base/qwen3.5-27b/direct/s13,4758,6,1,1,W-00053
main/base/qwen3.5-27b/direct/s13,4785,6,1,2,W-00054|W-00055
main/base/qwen3.5-27b/direct/s13,4971,6,2,2,W-00056|W-00057
main/base/qwen3.5-27b/direct/s13,5193,6,3,1,W-00058
main/base/qwen3.5-27b/direct/s13,5235,6,3,1,W-00059
main/base/qwen3.5-27b/direct/s13,5373,6,3,1,W-00060
main/base/qwen3.5-27b/direct/s13,5658,7,1,4,W-00061|W-00062|W-00063|W-00064
main/base/qwen3.5-27b/direct/s13,5986,7,2,2,W-00065|W-00066
main/base/qwen3.5-27b/direct/s13,6288,7,3,2,W-00067|W-00068
main/base/qwen3.5-27b/direct/s13,6529,7,3,2,W-00069|W-00070
main/base/qwen3.5-27b/direct/s13,6743,8,1,5,W-00071|W-00072|W-00073|W-00074|W-00075
main/base/qwen3.5-27b/direct/s13,7186,8,2,2,W-00076|W-00077
main/base/qwen3.5-27b/direct/s13,7316,8,2,1,W-00078
main/base/qwen3.5-27b/direct/s13,7435,8,3,2,W-00079|W-00080
main/base/qwen3.5-27b/direct/s13,7648,9,1,1,W-00081
main/base/qwen3.5-27b/direct/s13,7716,9,1,1,W-00082
main/base/qwen3.5-27b/direct/s13,7744,9,1,2,W-00083|W-00084
main/base/qwen3.5-27b/direct/s13,8060,9,2,1,W-00085
main/base/qwen3.5-27b/direct/s13,8180,9,3,1,W-00086
main/base/qwen3.5-27b/direct/s13,8218,9,3,2,W-00087|W-00088
main/base/qwen3.5-27b/direct/s13,8415,9,3,1,W-00089
main/base/qwen3.5-27b/direct/s13,8440,9,3,1,W-00090
main/base/qwen3.5-27b/direct/s13,8604,10,1,1,W-00091
main/base/qwen3.5-27b/direct/s13,8621,10,1,1,W-00092
main/base/qwen3.5-27b/direct/s13,8652,10,1,2,W-00093|W-00094
main/base/qwen3.5-27b/direct/s13,8939,10,2,3,W-00095|W-00096|W-00097
main/base/qwen3.5-27b/direct/s13,9380,10,3,3,W-00098|W-00099|W-00100
main/base/qwen3.5-27b/direct/s13,9681,11,2,1,W-00101
main/base/qwen3.5-27b/direct/s13,9958,11,2,1,W-00102
main/base/qwen3.5-27b/direct/s13,10342,11,2,4,W-00103|W-00104|W-00105|W-00106
main/base/qwen3.5-27b/direct/s13,10806,11,3,4,W-00107|W-00108|W-00109|W-00110
main/base/qwen3.5-27b/direct/s13,11145,12,1,1,W-00111
main/base/qwen3.5-27b/direct/s13,11205,12,1,2,W-00112|W-00113
main/base/qwen3.5-27b/direct/s13,11442,12,2,2,W-00114|W-00115
main/base/qwen3.5-27b/direct/s13,11721,12,3,1,W-00116
main/base/qwen3.5-27b/direct/s13,11746,12,3,1,W-00117
main/base/qwen3.5-27b/direct/s13,11763,12,3,3,W-00118|W-00119|W-00120
main/base/qwen3.5-27b/direct/s13,12101,13,1,4,W-00121|W-00122|W-00123|W-00124
main/base/qwen3.5-27b/direct/s13,12407,13,1,2,W-00125|W-00126
main/base/qwen3.5-27b/direct/s13,12693,13,2,2,W-00127|W-00128
main/base/qwen3.5-27b/direct/s13,12882,13,3,2,W-00129|W-00130
main/base/qwen3.5-27b/direct/s13,13174,14,1,1,W-00131
main/base/qwen3.5-27b/direct/s13,13378,14,2,3,W-00132|W-00133|W-00134
main/base/qwen3.5-27b/direct/s13,13542,14,2,2,W-00135|W-00136
main/base/qwen3.5-27b/direct/s13,13706,14,3,1,W-00137
main/base/qwen3.5-27b/direct/s13,13746,14,3,3,W-00138|W-00139|W-00140
main/base/qwen3.5-27b/direct/s13,14085,15,1,3,W-00141|W-00142|W-00143
main/base/qwen3.5-27b/direct/s13,14327,15,1,2,W-00144|W-00145
main/base/qwen3.5-27b/direct/s13,14516,15,2,2,W-00146|W-00147
main/base/qwen3.5-27b/direct/s13,14769,15,3,3,W-00148|W-00149|W-00150
main/base/qwen3.5-27b/direct/s13,15112,16,1,5,W-00151|W-00152|W-00153|W-00154|W-00155
main/base/qwen3.5-27b/direct/s13,15505,16,2,2,W-00156|W-00157
main/base/qwen3.5-27b/direct/s13,15608,16,2,2,W-00158|W-00159
main/base/qwen3.5-27b/direct/s13,15803,16,3,1,W-00160
main/base/qwen3.5-27b/direct/s13,16064,17,1,3,W-00161|W-00162|W-00163
main/base/qwen3.5-27b/direct/s13,16181,17,1,1,W-00164
main/base/qwen3.5-27b/direct/s13,16474,17,2,1,W-00165
main/base/qwen3.5-27b/direct/s13,16587,17,3,5,W-00166|W-00167|W-00168|W-00169|W-00170
main/base/qwen3.5-27b/direct/s13,17004,18,1,5,W-00171|W-00172|W-00173|W-00174|W-00175
main/base/qwen3.5-27b/direct/s13,17505,18,2,4,W-00176|W-00177|W-00178|W-00179
main/base/qwen3.5-27b/direct/s13,17821,18,3,1,W-00180
main/base/qwen3.5-27b/direct/s13,17994,19,1,6,W-00181|W-00182|W-00183|W-00184|W-00185|W-00186
main/base/qwen3.5-27b/direct/s13,18589,19,2,1,W-00187
main/base/qwen3.5-27b/direct/s13,18640,19,2,1,W-00188
main/base/qwen3.5-27b/direct/s13,18797,19,3,1,W-00189
main/base/qwen3.5-27b/direct/s13,18868,19,3,1,W-00190
main/base/qwen3.5-27b/direct/s13,19053,20,1,1,W-00191
main/base/qwen3.5-27b/direct/s13,19157,20,1,2,W-00192|W-00193
main/base/qwen3.5-27b/direct/s13,19381,20,2,5,W-00194|W-00195|W-00196|W-00197|W-00198
main/base/qwen3.5-27b/direct/s13,19745,20,2,1,W-00199
main/base/qwen3.5-27b/direct/s13,19861,20,3,1,W-00200
main/base/qwen3.5-27b/direct/s13,20114,21,1,2,W-00201|W-00202
main/base/qwen3.5-27b/direct/s13,20362,21,1,1,W-00203
main/base/qwen3.5-27b/direct/s13,20406,21,1,3,W-00204|W-00205|W-00206
main/base/qwen3.5-27b/direct/s13,20761,21,2,2,W-00207|W-00208
main/base/qwen3.5-27b/direct/s13,20857,21,3,2,W-00209|W-00210
main/base/qwen3.5-27b/direct/s13,21122,22,1,3,W-00211|W-00212|W-00213
main/base/qwen3.5-27b/direct/s13,21507,22,2,1,W-00214
main/base/qwen3.5-27b/direct/s13,21557,22,2,1,W-00215
main/base/qwen3.5-27b/direct/s13,21701,22,3,5,W-00216|W-00217|W-00218|W-00219|W-00220
main/base/qwen3.5-27b/direct/s13,22053,23,1,2,W-00221|W-00222
main/base/qwen3.5-27b/direct/s13,22298,23,2,2,W-00223|W-00224
main/base/qwen3.5-27b/direct/s13,22461,23,3,5,W-00225|W-00226|W-00227|W-00228|W-00229
main/base/qwen3.5-27b/direct/s13,22881,23,3,1,W-00230
main/base/qwen3.5-27b/direct/s13,23077,24,1,1,W-00231
main/base/qwen3.5-27b/direct/s13,23116,24,1,3,W-00232|W-00233|W-00234
main/base/qwen3.5-27b/direct/s13,23497,24,2,2,W-00235|W-00236
main/base/qwen3.5-27b/direct/s13,23828,24,3,1,W-00237
main/base/qwen3.5-27b/direct/s13,23885,24,3,3,W-00238|W-00239|W-00240
main/base/qwen3.5-27b/direct/s13,24109,25,1,3,W-00241|W-00242|W-00243
main/base/qwen3.5-27b/direct/s13,24269,25,1,1,W-00244
main/base/qwen3.5-27b/direct/s13,24538,25,2,3,W-00245|W-00246|W-00247
main/base/qwen3.5-27b/direct/s13,24752,25,2,1,W-00248
main/base/qwen3.5-27b/direct/s13,24779,25,2,1,W-00249
main/base/qwen3.5-27b/direct/s13,25029,25,3,1,W-00250
main/base/qwen3.5-27b/direct/s13,25185,26,1,2,W-00251|W-00252
main/base/qwen3.5-27b/direct/s13,25333,26,2,1,W-00253
main/base/qwen3.5-27b/direct/s13,25393,26,2,1,W-00254
main/base/qwen3.5-27b/direct/s13,25703,26,2,2,W-00255|W-00256
main/base/qwen3.5-27b/direct/s13,25808,26,2,1,W-00257
main/base/qwen3.5-27b/direct/s13,26154,26,3,3,W-00258|W-00259|W-00260
main/base/qwen3.5-27b/direct/s13,26459,27,1,1,W-00261
main/base/qwen3.5-27b/direct/s13,26710,27,1,1,W-00262
main/base/qwen3.5-27b/direct/s13,26906,27,2,5,W-00263|W-00264|W-00265|W-00266|W-00267
main/base/qwen3.5-27b/direct/s13,27101,27,2,2,W-00268|W-00269
main/base/qwen3.5-27b/direct/s13,27238,27,3,1,W-00270
main/base/qwen3.5-27b/direct/s13,27378,28,1,1,W-00271
main/base/qwen3.5-27b/direct/s13,27735,28,2,1,W-00272
main/base/qwen3.5-27b/direct/s13,27792,28,2,1,W-00273
main/base/qwen3.5-27b/direct/s13,27819,28,2,2,W-00274|W-00275
main/base/qwen3.5-27b/direct/s13,28210,28,3,1,W-00276
main/base/qwen3.5-27b/direct/s13,28283,28,3,2,W-00277|W-00278
main/base/qwen3.5-27b/direct/s13,28431,28,3,2,W-00279|W-00280
main/base/qwen3.5-27b/direct/s13,28699,29,1,6,W-00281|W-00282|W-00283|W-00284|W-00285|W-00286
main/base/qwen3.5-27b/direct/s13,29128,29,2,2,W-00287|W-00288
main/base/qwen3.5-27b/direct/s13,29247,29,3,2,W-00289|W-00290
main/base/qwen3.5-27b/direct/s13,29733,30,1,1,W-00291
main/base/qwen3.5-27b/direct/s13,30009,30,2,2,W-00292|W-00293
main/base/qwen3.5-27b/direct/s13,30147,30,2,2,W-00294|W-00295
main/base/qwen3.5-27b/direct/s13,30344,30,3,3,W-00296|W-00297|W-00298
main/base/qwen3.5-27b/direct/s13,30576,30,3,1,W-00299
main/base/qwen3.5-27b/direct/s13,30715,30,3,1,W-00300
main/base/qwen3.5-27b/direct/s14,125,1,1,1,W-00001
main/base/qwen3.5-27b/direct/s14,295,1,1,1,W-00002
main/base/qwen3.5-27b/direct/s14,327,1,1,2,W-00003|W-00004
main/base/qwen3.5-27b/direct/s14,406,1,1,1,W-00005
main/base/qwen3.5-27b/direct/s14,609,1,2,3,W-00006|W-00007|W-00008
main/base/qwen3.5-27b/direct/s14,1062,1,3,2,W-00009|W-00010
main/base/qwen3.5-27b/direct/s14,1211,2,1,4,W-00011|W-00012|W-00013|W-00014
main/base/qwen3.5-27b/direct/s14,1935,2,2,1,W-00015
main/base/qwen3.5-27b/direct/s14,1988,2,2,1,W-00016
main/base/qwen3.5-27b/direct/s14,2148,2,3,4,W-00017|W-00018|W-00019|W-00020
main/base/qwen3.5-27b/direct/s14,2445,3,1,2,W-00021|W-00022
main/base/qwen3.5-27b/direct/s14,2737,3,2,1,W-00023
main/base/qwen3.5-27b/direct/s14,2828,3,2,3,W-00024|W-00025|W-00026
main/base/qwen3.5-27b/direct/s14,3080,3,3,2,W-00027|W-00028
main/base/qwen3.5-27b/direct/s14,3301,3,3,1,W-00029
main/base/qwen3.5-27b/direct/s14,3321,3,3,1,W-00030
main/base/qwen3.5-27b/direct/s14,3554,4,1,4,W-00031|W-00032|W-00033|W-00034
main/base/qwen3.5-27b/direct/s14,4157,4,2,2,W-00035|W-00036
main/base/qwen3.5-27b/direct/s14,4346,4,3,2,W-00037|W-00038
main/base/qwen3.5-27b/direct/s14,4429,4,3,2,W-00039|W-00040
main/base/qwen3.5-27b/direct/s14,4658,5,1,2,W-00041|W-00042
main/base/qwen3.5-27b/direct/s14,4765,5,1,1,W-00043
main/base/qwen3.5-27b/direct/s14,4968,5,2,3,W-00044|W-00045|W-00046
main/base/qwen3.5-27b/direct/s14,5208,5,3,2,W-00047|W-00048
main/base/qwen3.5-27b/direct/s14,5287,5,3,1,W-00049
main/base/qwen3.5-27b/direct/s14,5436,5,3,1,W-00050
main/base/qwen3.5-27b/direct/s14,5643,6,1,1,W-00051
main/base/qwen3.5-27b/direct/s14,5778,6,2,1,W-00052
main/base/qwen3.5-27b/direct/s14,5833,6,2,3,W-00053|W-00054|W-00055
main/base/qwen3.5-27b/direct/s14,6132,6,2,1,W-00056
main/base/qwen3.5-27b/direct/s14,6213,6,3,1,W-00057
main/base/qwen3.5-27b/direct/s14,6229,6,3,1,W-00058
main/base/qwen3.5-27b/direct/s14,6320,6,3,1,W-00059
main/base/qwen3.5-27b/direct/s14,6390,6,3,1,W-00060
main/base/qwen3.5-27b/direct/s14,6625,7,1,3,W-00061|W-00062|W-00063
main/base/qwen3.5-27b/direct/s14,6952,7,2,2,W-00064|W-00065
main/base/qwen3.5-27b/direct/s14,7162,7,2,2,W-00066|W-00067
main/base/qwen3.5-27b/direct/s14,7346,7,3,3,W-00068|W-00069|W-00070
main/base/qwen3.5-27b/direct/s14,7572,8,1,3,W-00071|W-00072|W-00073
main/base/qwen3.5-27b/direct/s14,8158,8,2,1,W-00074
main/base/qwen3.5-27b/direct/s14,8218,8,2,2,W-00075|W-00076
main/base/qwen3.5-27b/direct/s14,8340,8,2,4,W-00077|W-00078|W-00079|W-00080
main/base/qwen3.5-27b/direct/s14,8813,9,1,1,W-00081
main/base/qwen3.5-27b/direct/s14,8938,9,1,5,W-00082|W-00083|W-00084|W-00085|W-00086
main/base/qwen3.5-27b/direct/s14,9361,9,2,3,W-00087|W-00088|W-00089
main/base/qwen3.5-27b/direct/s14,9508,9,2,1,W-00090
main/base/qwen3.5-27b/direct/s14,9760,10,1,2,W-00091|W-00092
main/base/qwen3.5-27b/direct/s14,10119,10,2,4,W-00093|W-00094|W-00095|W-00096
main/base/qwen3.5-27b/direct/s14,10434,10,3,2,W-00097|W-00098
main/base/qwen3.5-27b/direct/s14,10518,10,3,2,W-00099|W-00100
main/base/qwen3.5-27b/direct/s14,10830,11,1,2,W-00101|W-00102
main/base/qwen3.5-27b/direct/s14,11025,11,1,2,W-00103|W-00104
main/base/qwen3.5-27b/direct/s14,11260,11,3,6,W-00105|W-00106|W-00107|W-00108|W-00109|W-00110
main/base/qwen3.5-27b/direct/s14,11777,12,1,4,W-00111|W-00112|W-00113|W-00114
main/base/qwen3.5-27b/direct/s14,12073,12,2,3,W-00115|W-00116|W-00117
main/base/qwen3.5-27b/direct/s14,12354,12,3,3,W-00118|W-00119|W-00120
main/base/qwen3.5-27b/direct/s14,12585,13,1,3,W-00121|W-00122|W-00123
main/base/qwen3.5-27b/direct/s14,13071,13,2,5,W-00124|W-00125|W-00126|W-00127|W-00128
main/base/qwen3.5-27b/direct/s14,13561,13,3,2,W-00129|W-00130
main/base/qwen3.5-27b/direct/s14,13879,14,1,2,W-00131|W-00132
main/base/qwen3.5-27b/direct/s14,14083,14,1,1,W-00133
main/base/qwen3.5-27b/direct/s14,14206,14,2,3,W-00134|W-00135|W-00136
main/base/qwen3.5-27b/direct/s14,14441,14,3,4,W-00137|W-00138|W-00139|W-00140
main/base/qwen3.5-27b/direct/s14,14786,15,1,4,W-00141|W-00142|W-00143|W-00144
main/base/qwen3.5-27b/direct/s14,15146,15,2,2,W-00145|W-00146
main/base/qwen3.5-27b/direct/s14,15289,15,3,1,W-00147
main/base/qwen3.5-27b/direct/s14,15331,15,3,3,W-00148|W-00149|W-00150
main/base/qwen3.5-27b/direct/s14,15852,16,1,4,W-00151|W-00152|W-00153|W-00154
main/base/qwen3.5-27b/direct/s14,16225,16,2,6,W-00155|W-00156|W-00157|W-00158|W-00159|W-00160
main/base/qwen3.5-27b/direct/s14,16755,17,1,3,W-00161|W-00162|W-00163
main/base/qwen3.5-27b/direct/s14,16955,17,2,1,W-00164
main/base/qwen3.5-27b/direct/s14,16968,17,2,2,W-00165|W-00166
main/base/qwen3.5-27b/direct/s14,17259,17,3,1,W-00167
main/base/qwen3.5-27b/direct/s14,17323,17,3,1,W-00168
main/base/qwen3.5-27b/direct/s14,17343,17,3,1,W-00169
main/base/qwen3.5-27b/direct/s14,17395,17,3,1,W-00170
main/base/qwen3.5-27b/direct/s14,17617,18,1,3,W-00171|W-00172|W-00173
main/base/qwen3.5-27b/direct/s14,18165,18,2,2,W-00174|W-00175
main/base/qwen3.5-27b/direct/s14,18310,18,2,1,W-00176
main/base/qwen3.5-27b/direct/s14,18413,18,3,1,W-00177
main/base/qwen3.5-27b/direct/s14,18477,18,3,2,W-00178|W-00179
main/base/qwen3.5-27b/direct/s14,18732,18,3,1,W-00180
main/base/qwen3.5-27b/direct/s14,18933,19,1,5,W-00181|W-00182|W-00183|W-00184|W-00185
main/base/qwen3.5-27b/direct/s14,19308,19,2,1,W-00186
main/base/qwen3.5-27b/direct/s14,19353,19,2,1,W-00187
main/base/qwen3.5-27b/direct/s14,19478,19,2,1,W-00188
main/base/qwen3.5-27b/direct/s14,19603,19,3,2,W-00189|W-00190
main/base/qwen3.5-27b/direct/s14,19822,20,1,4,W-00191|W-00192|W-00193|W-00194
main/base/qwen3.5-27b/direct/s14,19944,20,1,1,W-00195
main/base/qwen3.5-27b/direct/s14,20260,20,2,1,W-00196
main/base/qwen3.5-27b/direct/s14,20348,20,3,2,W-00197|W-00198
main/base/qwen3.5-27b/direct/s14,20583,20,3,2,W-00199|W-00200
main/base/qwen3.5-27b/direct/s14,20865,21,1,2,W-00201|W-00202
main/base/qwen3.5-27b/direct/s14,21327,21,1,2,W-00203|W-00204
main/base/qwen3.5-27b/direct/s14,21568,21,2,4,W-00205|W-00206|W-00207|W-00208
main/base/qwen3.5-27b/direct/s14,21773,21,3,2,W-00209|W-00210
main/base/qwen3.5-27b/direct/s14,22157,22,1,4,W-00211|W-00212|W-00213|W-00214
main/base/qwen3.5-27b/direct/s14,22545,22,2,2,W-00215|W-00216
main/base/qwen3.5-27b/direct/s14,22677,22,3,2,W-00217|W-00218
main/base/qwen3.5-27b/direct/s14,22789,22,3,2,W-00219|W-00220
main/base/qwen3.5-27b/direct/s14,23178,23,1,4,W-00221|W-00222|W-00223|W-00224
main/base/qwen3.5-27b/direct/s14,23468,23,2,2,W-00225|W-00226
main/base/qwen3.5-27b/direct/s14,23761,23,3,1,W-00227
main/base/qwen3.5-27b/direct/s14,23777,23,3,3,W-00228|W-00229|W-00230
main/base/qwen3.5-27b/direct/s14,24114,24,1,1,W-00231
main/base/qwen3.5-27b/direct/s14,24303,24,1,2,W-00232|W-00233
main/base/qwen3.5-27b/direct/s14,24477,24,2,4,W-00234|W-00235|W-00236|W-00237
main/base/qwen3.5-27b/direct/s14,24803,24,2,3,W-00238|W-00239|W-00240
main/base/qwen3.5-27b/direct/s14,25098,25,1,3,W-00241|W-00242|W-00243
main/base/qwen3.5-27b/direct/s14,25378,25,2,4,W-00244|W-00245|W-00246|W-00247
main/base/qwen3.5-27b/direct/s14,25700,25,2,1,W-00248
main/base/qwen3.5-27b/direct/s14,25772,25,3,2,W-00249|W-00250
main/base/qwen3.5-27b/direct/s14,26014,26,1,2,W-00251|W-00252
main/base/qwen3.5-27b/direct/s14,26227,26,2,2,W-00253|W-00254
main/base/qwen3.5-27b/direct/s14,26388,26,3,1,W-00255
main/base/qwen3.5-27b/direct/s14,26448,26,3,5,W-00256|W-00257|W-00258|W-00259|W-00260
main/base/qwen3.5-27b/direct/s14,26825,27,1,6,W-00261|W-00262|W-00263|W-00264|W-00265|W-00266
main/base/qwen3.5-27b/direct/s14,27184,27,1,1,W-00267
main/base/qwen3.5-27b/direct/s14,27349,27,2,2,W-00268|W-00269
main/base/qwen3.5-27b/direct/s14,27494,27,3,1,W-00270
main/base/qwen3.5-27b/direct/s14,27700,28,1,3,W-00271|W-00272|W-00273
main/base/qwen3.5-27b/direct/s14,27988,28,2,4,W-00274|W-00275|W-00276|W-00277
main/base/qwen3.5-27b/direct/s14,28517,28,2,1,W-00278
main/base/qwen3.5-27b/direct/s14,28642,28,3,1,W-00279
main/base/qwen3.5-27b/direct/s14,28663,28,3,1,W-00280
main/base/qwen3.5-27b/direct/s14,28912,29,1,3,W-00281|W-00282|W-00283
main/base/qwen3.5-27b/direct/s14,29149,29,2,2,W-00284|W-00285
main/base/qwen3.5-27b/direct/s14,29289,29,2,2,W-00286|W-00287
main/base/qwen3.5-27b/direct/s14,29500,29,2,1,W-00288
main/base/qwen3.5-27b/direct/s14,29679,29,3,2,W-00289|W-00290
main/base/qwen3.5-27b/direct/s14,30046,30,1,1,W-00291
main/base/qwen3.5-27b/direct/s14,30103,30,1,1,W-00292
main/base/qwen3.5-27b/direct/s14,30168,30,1,2,W-00293|W-00294
main/base/qwen3.5-27b/direct/s14,30508,30,2,1,W-00295
main/base/qwen3.5-27b/direct/s14,30555,30,2,1,W-00296
main/base/qwen3.5-27b/direct/s14,30678,30,2,1,W-00297
main/base/qwen3.5-27b/direct/s14,30818,30,3,3,W-00298|W-00299|W-00300
main/base/qwen3.5-27b/full_load/s12,136,1,1,1,W-00001
main/base/qwen3.5-27b/full_load/s12,167,1,1,1,W-00002
main/base/qwen3.5-27b/full_load/s12,226,1,1,6,W-00003|W-00004|W-00005|W-00006|W-00007|W-00008
main/base/qwen3.5-27b/full_load/s12,482,1,2,2,W-00009|W-00010
main/base/qwen3.5-27b/full_load/s12,714,2,1,3,W-00011|W-00012|W-00013
main/base/qwen3.5-27b/full_load/s12,915,2,2,4,W-00014|W-00015|W-00016|W-00017
main/base/qwen3.5-27b/full_load/s12,1060,2,3,3,W-00018|W-00019|W-00020
main/base/qwen3.5-27b/full_load/s12,1293,3,1,2,W-00021|W-00022
main/base/qwen3.5-27b/full_load/s12,1323,3,1,1,W-00023
main/base/qwen3.5-27b/full_load/s12,1388,3,1,1,W-00024
main/base/qwen3.5-27b/full_load/s12,1453,3,2,1,W-00025
main/base/qwen3.5-27b/full_load/s12,1499,3,2,1,W-00026
main/base/qwen3.5-27b/full_load/s12,1614,3,3,4,W-00027|W-00028|W-00029|W-00030
main/base/qwen3.5-27b/full_load/s12,1824,4,1,2,W-00031|W-00032
main/base/qwen3.5-27b/full_load/s12,1881,4,1,1,W-00033
main/base/qwen3.5-27b/full_load/s12,1990,4,2,3,W-00034|W-00035|W-00036
main/base/qwen3.5-27b/full_load/s12,2165,4,3,2,W-00037|W-00038
main/base/qwen3.5-27b/full_load/s12,2211,4,3,2,W-00039|W-00040
main/base/qwen3.5-27b/full_load/s12,2377,5,1,2,W-00041|W-00042
main/base/qwen3.5-27b/full_load/s12,2521,5,2,3,W-00043|W-00044|W-00045
main/base/qwen3.5-27b/full_load/s12,2578,5,2,1,W-00046
main/base/qwen3.5-27b/full_load/s12,2671,5,3,4,W-00047|W-00048|W-00049|W-00050
main/base/qwen3.5-27b/full_load/s12,2951,6,1,1,W-00051
main/base/qwen3.5-27b/full_load/s12,3124,6,2,2,W-00052|W-00053
main/base/qwen3.5-27b/full_load/s12,3278,6,3,1,W-00054
main/base/qwen3.5-27b/full_load/s12,3288,6,3,3,W-00055|W-00056|W-00057
main/base/qwen3.5-27b/full_load/s12,3384,6,3,3,W-00058|W-00059|W-00060
main/base/qwen3.5-27b/full_load/s12,3601,7,1,2,W-00061|W-00062
main/base/qwen3.5-27b/full_load/s12,3632,7,1,1,W-00063
main/base/qwen3.5-27b/full_load/s12,3765,7,2,3,W-00064|W-00065|W-00066
main/base/qwen3.5-27b/full_load/s12,3827,7,2,1,W-00067
main/base/qwen3.5-27b/full_load/s12,3909,7,3,3,W-00068|W-00069|W-00070
main/base/qwen3.5-27b/full_load/s12,4118,8,1,1,W-00071
main/base/qwen3.5-27b/full_load/s12,4181,8,1,2,W-00072|W-00073
main/base/qwen3.5-27b/full_load/s12,4337,8,2,3,W-00074|W-00075|W-00076
main/base/qwen3.5-27b/full_load/s12,4471,8,3,4,W-00077|W-00078|W-00079|W-00080
main/base/qwen3.5-27b/full_load/s12,4725,9,1,2,W-00081|W-00082
main/base/qwen3.5-27b/full_load/s12,4753,9,1,1,W-00083
main/base/qwen3.5-27b/full_load/s12,4870,9,2,4,W-00084|W-00085|W-00086|W-00087
main/base/qwen3.5-27b/full_load/s12,5111,9,3,3,W-00088|W-00089|W-00090
main/base/qwen3.5-27b/full_load/s12,5372,10,1,3,W-00091|W-00092|W-00093
main/base/qwen3.5-27b/full_load/s12,5517,10,2,3,W-00094|W-00095|W-00096
main/base/qwen3.5-27b/full_load/s12,5575,10,2,2,W-00097|W-00098
main/base/qwen3.5-27b/full_load/s12,5748,10,3,1,W-00099
main/base/qwen3.5-27b/full_load/s12,5770,10,3,1,W-00100
main/base/qwen3.5-27b/full_load/s12,5958,11,1,2,W-00101|W-00102
main/base/qwen3.5-27b/full_load/s12,6124,11,2,3,W-00103|W-00104|W-00105
main/base/qwen3.5-27b/full_load/s12,6192,11,2,1,W-00106
main/base/qwen3.5-27b/full_load/s12,6204,11,2,2,W-00107|W-00108
main/base/qwen3.5-27b/full_load/s12,6325,11,3,2,W-00109|W-00110
main/base/qwen3.5-27b/full_load/s12,6521,12,1,2,W-00111|W-00112
main/base/qwen3.5-27b/full_load/s12,6568,12,1,2,W-00113|W-00114
main/base/qwen3.5-27b/full_load/s12,6714,12,2,2,W-00115|W-00116
main/base/qwen3.5-27b/full_load/s12,6849,12,3,2,W-00117|W-00118
main/base/qwen3.5-27b/full_load/s12,6880,12,3,2,W-00119|W-00120
main/base/qwen3.5-27b/full_load/s12,7089,13,1,2,W-00121|W-00122
main/base/qwen3.5-27b/full_load/s12,7124,13,1,3,W-00123|W-00124|W-00125
main/base/qwen3.5-27b/full_load/s12,7282,13,2,2,W-00126|W-00127
main/base/qwen3.5-27b/full_load/s12,7394,13,3,1,W-00128
main/base/qwen3.5-27b/full_load/s12,7404,13,3,1,W-00129
main/base/qwen3.5-27b/full_load/s12,7463,13,3,1,W-00130
main/base/qwen3.5-27b/full_load/s12,7633,14,1,1,W-00131
main/base/qwen3.5-27b/full_load/s12,7806,14,2,3,W-00132|W-00133|W-00134
main/base/qwen3.5-27b/full_load/s12,7981,14,3,2,W-00135|W-00136
main/base/qwen3.5-27b/full_load/s12,8013,14,3,1,W-00137
main/base/qwen3.5-27b/full_load/s12,8045,14,3,2,W-00138|W-00139
main/base/qwen3.5-27b/full_load/s12,8082,14,3,1,W-00140
main/base/qwen3.5-27b/full_load/s12,8305,15,1,2,W-00141|W-00142
main/base/qwen3.5-27b/full_load/s12,8333,15,1,1,W-00143
main/base/qwen3.5-27b/full_load/s12,8475,15,2,5,W-00144|W-00145|W-00146|W-00147|W-00148
main/base/qwen3.5-27b/full_load/s12,8697,15,3,2,W-00149|W-00150
main/base/qwen3.5-27b/full_load/s12,9000,16,1,2,W-00151|W-00152
main/base/qwen3.5-27b/full_load/s12,9185,16,2,1,W-00153
main/base/qwen3.5-27b/full_load/s12,9231,16,2,1,W-00154
main/base/qwen3.5-27b/full_load/s12,9310,16,3,6,W-00155|W-00156|W-00157|W-00158|W-00159|W-00160
main/base/qwen3.5-27b/full_load/s12,9646,17,1,1,W-00161
main/base/qwen3.5-27b/full_load/s12,9668,17,1,1,W-00162
main/base/qwen3.5-27b/full_load/s12,9817,17,2,1,W-00163
main/base/qwen3.5-27b/full_load/s12,9836,17,2,3,W-00164|W-00165|W-00166
main/base/qwen3.5-27b/full_load/s12,9992,17,3,3,W-00167|W-00168|W-00169
main/base/qwen3.5-27b/full_load/s12,10059,17,3,1,W-00170
main/base/qwen3.5-27b/full_load/s12,10253,18,1,3,W-00171|W-00172|W-00173
main/base/qwen3.5-27b/full_load/s12,10466,18,2,3,W-00174|W-00175|W-00176
main/base/qwen3.5-27b/full_load/s12,10539,18,2,2,W-00177|W-00178
main/base/qwen3.5-27b/full_load/s12,10662,18,2,2,W-00179|W-00180
main/base/qwen3.5-27b/full_load/s12,10990,19,1,1,W-00181
main/base/qwen3.5-27b/full_load/s12,11012,19,1,2,W-00182|W-00183
main/base/qwen3.5-27b/full_load/s12,11170,19,2,5,W-00184|W-00185|W-00186|W-00187|W-00188
main/base/qwen3.5-27b/full_load/s12,11377,19,3,2,W-00189|W-00190
main/base/qwen3.5-27b/full_load/s12,11538,20,1,1,W-00191
main/base/qwen3.5-27b/full_load/s12,11571,20,1,3,W-00192|W-00193|W-00194
main/base/qwen3.5-27b/full_load/s12,11737,20,2,4,W-00195|W-00196|W-00197|W-00198
main/base/qwen3.5-27b/full_load/s12,11892,20,3,2,W-00199|W-00200
main/base/qwen3.5-27b/full_load/s12,12092,21,1,2,W-00201|W-00202
main/base/qwen3.5-27b/full_load/s12,12310,21,2,2,W-00203|W-00204
main/base/qwen3.5-27b/full_load/s12,12390,21,3,1,W-00205
main/base/qwen3.5-27b/full_load/s12,12408,21,3,2,W-00206|W-00207
main/base/qwen3.5-27b/full_load/s12,12450,21,3,3,W-00208|W-00209|W-00210
main/base/qwen3.5-27b/full_load/s12,12611,22,1,2,W-00211|W-00212
main/base/qwen3.5-27b/full_load/s12,12785,22,2,4,W-00213|W-00214|W-00215|W-00216
main/base/qwen3.5-27b/full_load/s12,12907,22,2,1,W-00217
main/base/qwen3.5-27b/full_load/s12,13006,22,3,2,W-00218|W-00219
main/base/qwen3.5-27b/full_load/s12,13093,22,3,1,W-00220
main/base/qwen3.5-27b/full_load/s12,13273,23,1,2,W-00221|W-00222
main/base/qwen3.5-27b/full_load/s12,13307,23,1,3,W-00223|W-00224|W-00225
main/base/qwen3.5-27b/full_load/s12,13489,23,2,3,W-00226|W-00227|W-00228
main/base/qwen3.5-27b/full_load/s12,13640,23,3,2,W-00229|W-00230
main/base/qwen3.5-27b/full_load/s12,13905,24,1,2,W-00231|W-00232
main/base/qwen3.5-27b/full_load/s12,13972,24,1,1,W-00233
main/base/qwen3.5-27b/full_load/s12,14167,24,2,1,W-00234
main/base/qwen3.5-27b/full_load/s12,14201,24,2,1,W-00235
main/base/qwen3.5-27b/full_load/s12,14296,24,3,1,W-00236
main/base/qwen3.5-27b/full_load/s12,14318,24,3,4,W-00237|W-00238|W-00239|W-00240
main/base/qwen3.5-27b/full_load/s12,14523,25,1,2,W-00241|W-00242
main/base/qwen3.5-27b/full_load/s12,14704,25,2,2,W-00243|W-00244
main/base/qwen3.5-27b/full_load/s12,14831,25,3,6,W-00245|W-00246|W-00247|W-00248|W-00249|W-00250
main/base/qwen3.5-27b/full_load/s12,15074,26,1,3,W-00251|W-00252|W-00253
main/base/qwen3.5-27b/full_load/s12,15244,26,2,2,W-00254|W-00255
main/base/qwen3.5-27b/full_load/s12,15290,26,2,1,W-00256
main/base/qwen3.5-27b/full_load/s12,15316,26,2,1,W-00257
main/base/qwen3.5-27b/full_load/s12,15421,26,3,1,W-00258
main/base/qwen3.5-27b/full_load/s12,15459,26,3,2,W-00259|W-00260
main/base/qwen3.5-27b/full_load/s12,15617,27,1,6,W-00261|W-00262|W-00263|W-00264|W-00265|W-00266
main/base/qwen3.5-27b/full_load/s12,15846,27,2,3,W-00267|W-00268|W-00269
main/base/qwen3.5-27b/full_load/s12,16031,27,3,1,W-00270
main/base/qwen3.5-27b/full_load/s12,16175,28,1,5,W-00271|W-00272|W-00273|W-00274|W-00275
main/base/qwen3.5-27b/full_load/s12,16421,28,2,1,W-00276
main/base/qwen3.5-27b/full_load/s12,16525,28,3,4,W-00277|W-00278|W-00279|W-00280
main/base/qwen3.5-27b/full_load/s12,16735,29,1,1,W-00281
main/base/qwen3.5-27b/full_load/s12,16784,29,1,4,W-00282|W-00283|W-00284|W-00285
main/base/qwen3.5-27b/full_load/s12,16890,29,1,1,W-00286
main/base/qwen3.5-27b/full_load/s12,17022,29,2,1,W-00287
main/base/qwen3.5-27b/full_load/s12,17121,29,3,1,W-00288
main/base/qwen3.5-27b/full_load/s12,17153,29,3,1,W-00289
main/base/qwen3.5-27b/full_load/s12,17172,29,3,1,W-00290
main/base/qwen3.5-27b/full_load/s13,100,1,1,1,W-00001
main/base/qwen3.5-27b/full_load/s13,283,1,2,6,W-00002|W-00003|W-00004|W-00005|W-00006|W-00007
main/base/qwen3.5-27b/full_load/s13,518,1,3,3,W-00008|W-00009|W-00010
main/base/qwen3.5-27b/full_load/s13,722,2,1,5,W-00011|W-00012|W-00013|W-00014|W-00015
main/base/qwen3.5-27b/full_load/s13,1008,2,2,2,W-00016|W-00017
main/base/qwen3.5-27b/full_load/s13,1033,2,2,1,W-00018
main/base/qwen3.5-27b/full_load/s13,1145,2,3,2,W-00019|W-00020
main/base/qwen3.5-27b/full_load/s13,1312,3,1,4,W-00021|W-00022|W-00023|W-00024
main/base/qwen3.5-27b/full_load/s13,1567,3,2,1,W-00025
main/base/qwen3.5-27b/full_load/s13,1580,3,2,3,W-00026|W-00027|W-00028
main/base/qwen3.5-27b/full_load/s13,1711,3,3,1,W-00029
main/base/qwen3.5-27b/full_load/s13,1721,3,3,1,W-00030
main/base/qwen3.5-27b/full_load/s13,1884,4,1,2,W-00031|W-00032
main/base/qwen3.5-27b/full_load/s13,2067,4,2,2,W-00033|W-00034
main/base/qwen3.5-27b/full_load/s13,2151,4,2,1,W-00035
main/base/qwen3.5-27b/full_load/s13,2243,4,3,1,W-00036
main/base/qwen3.5-27b/full_load/s13,2284,4,3,4,W-00037|W-00038|W-00039|W-00040
main/base/qwen3.5-27b/full_load/s13,2501,5,1,2,W-00041|W-00042
main/base/qwen3.5-27b/full_load/s13,2712,5,2,4,W-00043|W-00044|W-00045|W-00046
main/base/qwen3.5-27b/full_load/s13,2910,5,3,1,W-00047
main/base/qwen3.5-27b/full_load/s13,2991,5,3,3,W-00048|W-00049|W-00050
main/base/qwen3.5-27b/full_load/s13,3165,6,1,1,W-00051
main/base/qwen3.5-27b/full_load/s13,3184,6,1,1,W-00052
main/base/qwen3.5-27b/full_load/s13,3205,6,1,1,W-00053
main/base/qwen3.5-27b/full_load/s13,3215,6,1,2,W-00054|W-00055
main/base/qwen3.5-27b/full_load/s13,3359,6,2,2,W-00056|W-00057
main/base/qwen3.5-27b/full_load/s13,3466,6,3,1,W-00058
main/base/qwen3.5-27b/full_load/s13,3485,6,3,1,W-00059
main/base/qwen3.5-27b/full_load/s13,3510,6,3,1,W-00060
main/base/qwen3.5-27b/full_load/s13,3776,7,1,4,W-00061|W-00062|W-00063|W-00064
main/base/qwen3.5-27b/full_load/s13,3939,7,2,2,W-00065|W-00066
main/base/qwen3.5-27b/full_load/s13,4072,7,3,2,W-00067|W-00068
main/base/qwen3.5-27b/full_load/s13,4224,7,3,2,W-00069|W-00070
main/base/qwen3.5-27b/full_load/s13,4380,8,1,5,W-00071|W-00072|W-00073|W-00074|W-00075
main/base/qwen3.5-27b/full_load/s13,4634,8,2,2,W-00076|W-00077
main/base/qwen3.5-27b/full_load/s13,4701,8,2,1,W-00078
main/base/qwen3.5-27b/full_load/s13,4815,8,3,2,W-00079|W-00080
main/base/qwen3.5-27b/full_load/s13,4969,9,1,1,W-00081
main/base/qwen3.5-27b/full_load/s13,4999,9,1,1,W-00082
main/base/qwen3.5-27b/full_load/s13,5018,9,1,2,W-00083|W-00084
main/base/qwen3.5-27b/full_load/s13,5244,9,2,1,W-00085
main/base/qwen3.5-27b/full_load/s13,5357,9,3,1,W-00086
main/base/qwen3.5-27b/full_load/s13,5391,9,3,2,W-00087|W-00088
main/base/qwen3.5-27b/full_load/s13,5423,9,3,1,W-00089
main/base/qwen3.5-27b/full_load/s13,5437,9,3,1,W-00090
main/base/qwen3.5-27b/full_load/s13,5587,10,1,1,W-00091
main/base/qwen3.5-27b/full_load/s13,5606,10,1,1,W-00092
main/base/qwen3.5-27b/full_load/s13,5634,10,1,2,W-00093|W-00094
main/base/qwen3.5-27b/full_load/s13,5798,10,2,3,W-00095|W-00096|W-00097
main/base/qwen3.5-27b/full_load/s13,5981,10,3,3,W-00098|W-00099|W-00100
main/base/qwen3.5-27b/full_load/s13,6228,11,2,1,W-00101
main/base/qwen3.5-27b/full_load/s13,6313,11,2,1,W-00102
main/base/qwen3.5-27b/full_load/s13,6378,11,2,4,W-00103|W-00104|W-00105|W-00106
main/base/qwen3.5-27b/full_load/s13,6541,11,3,4,W-00107|W-00108|W-00109|W-00110
main/base/qwen3.5-27b/full_load/s13,6744,12,1,1,W-00111
main/base/qwen3.5-27b/full_load/s13,6759,12,1,2,W-00112|W-00113
main/base/qwen3.5-27b/full_load/s13,6955,12,2,2,W-00114|W-00115
main/base/qwen3.5-27b/full_load/s13,7074,12,3,1,W-00116
main/base/qwen3.5-27b/full_load/s13,7093,12,3,1,W-00117
main/base/qwen3.5-27b/full_load/s13,7103,12,3,3,W-00118|W-00119|W-00120
main/base/qwen3.5-27b/full_load/s13,7323,13,1,4,W-00121|W-00122|W-00123|W-00124
main/base/qwen3.5-27b/full_load/s13,7420,13,1,2,W-00125|W-00126
main/base/qwen3.5-27b/full_load/s13,7617,13,2,2,W-00127|W-00128
main/base/qwen3.5-27b/full_load/s13,7717,13,3,2,W-00129|W-00130
main/base/qwen3.5-27b/full_load/s13,7925,14,1,1,W-00131
main/base/qwen3.5-27b/full_load/s13,8038,14,2,3,W-00132|W-00133|W-00134
main/base/qwen3.5-27b/full_load/s13,8127,14,2,2,W-00135|W-00136
main/base/qwen3.5-27b/full_load/s13,8238,14,3,1,W-00137
main/base/qwen3.5-27b/full_load/s13,8266,14,3,3,W-00138|W-00139|W-00140
main/base/qwen3.5-27b/full_load/s13,8456,15,1,3,W-00141|W-00142|W-00143
main/base/qwen3.5-27b/full_load/s13,8593,15,1,2,W-00144|W-00145
main/base/qwen3.5-27b/full_load/s13,8750,15,2,2,W-00146|W-00147
main/base/qwen3.5-27b/full_load/s13,8919,15,3,3,W-00148|W-00149|W-00150
main/base/qwen3.5-27b/full_load/s13,9202,16,1,5,W-00151|W-00152|W-00153|W-00154|W-00155
main/base/qwen3.5-27b/full_load/s13,9416,16,2,2,W-00156|W-00157
main/base/qwen3.5-27b/full_load/s13,9447,16,2,2,W-00158|W-00159
main/base/qwen3.5-27b/full_load/s13,9575,16,3,1,W-00160
main/base/qwen3.5-27b/full_load/s13,9863,17,1,3,W-00161|W-00162|W-00163
main/base/qwen3.5-27b/full_load/s13,9919,17,1,1,W-00164
main/base/qwen3.5-27b/full_load/s13,10056,17,2,1,W-00165
main/base/qwen3.5-27b/full_load/s13,10133,17,3,5,W-00166|W-00167|W-00168|W-00169|W-00170
main/base/qwen3.5-27b/full_load/s13,10345,18,1,5,W-00171|W-00172|W-00173|W-00174|W-00175
main/base/qwen3.5-27b/full_load/s13,10618,18,2,4,W-00176|W-00177|W-00178|W-00179
main/base/qwen3.5-27b/full_load/s13,10797,18,3,1,W-00180
main/base/qwen3.5-27b/full_load/s13,10975,19,1,6,W-00181|W-00182|W-00183|W-00184|W-00185|W-00186
main/base/qwen3.5-27b/full_load/s13,11221,19,2,1,W-00187
main/base/qwen3.5-27b/full_load/s13,11270,19,2,1,W-00188
main/base/qwen3.5-27b/full_load/s13,11368,19,3,1,W-00189
main/base/qwen3.5-27b/full_load/s13,11393,19,3,1,W-00190
main/base/qwen3.5-27b/full_load/s13,11530,20,1,1,W-00191
main/base/qwen3.5-27b/full_load/s13,11596,20,1,2,W-00192|W-00193
main/base/qwen3.5-27b/full_load/s13,11763,20,2,5,W-00194|W-00195|W-00196|W-00197|W-00198
main/base/qwen3.5-27b/full_load/s13,11904,20,2,1,W-00199
main/base/qwen3.5-27b/full_load/s13,12008,20,3,1,W-00200
main/base/qwen3.5-27b/full_load/s13,12184,21,1,2,W-00201|W-00202
main/base/qwen3.5-27b/full_load/s13,12285,21,1,1,W-00203
main/base/qwen3.5-27b/full_load/s13,12298,21,1,3,W-00204|W-00205|W-00206
main/base/qwen3.5-27b/full_load/s13,12458,21,2,2,W-00207|W-00208
main/base/qwen3.5-27b/full_load/s13,12526,21,3,2,W-00209|W-00210
main/base/qwen3.5-27b/full_load/s13,12690,22,1,3,W-00211|W-00212|W-00213
main/base/qwen3.5-27b/full_load/s13,12947,22,2,1,W-00214
main/base/qwen3.5-27b/full_load/s13,12984,22,2,1,W-00215
main/base/qwen3.5-27b/full_load/s13,13090,22,3,5,W-00216|W-00217|W-00218|W-00219|W-00220
main/base/qwen3.5-27b/full_load/s13,13345,23,1,2,W-00221|W-00222
main/base/qwen3.5-27b/full_load/s13,13470,23,2,2,W-00223|W-00224
main/base/qwen3.5-27b/full_load/s13,13611,23,3,5,W-00225|W-00226|W-00227|W-00228|W-00229
main/base/qwen3.5-27b/full_load/s13,13683,23,3,1,W-00230
main/base/qwen3.5-27b/full_load/s13,13817,24,1,1,W-00231
main/base/qwen3.5-27b/full_load/s13,13831,24,1,3,W-00232|W-00233|W-00234
main/base/qwen3.5-27b/full_load/s13,13994,24,2,2,W-00235|W-00236
main/base/qwen3.5-27b/full_load/s13,14172,24,3,1,W-00237
main/base/qwen3.5-27b/full_load/s13,14197,24,3,3,W-00238|W-00239|W-00240
main/base/qwen3.5-27b/full_load/s13,14356,25,1,3,W-00241|W-00242|W-00243
main/base/qwen3.5-27b/full_load/s13,14441,25,1,1,W-00244
main/base/qwen3.5-27b/full_load/s13,14622,25,2,3,W-00245|W-00246|W-00247
main/base/qwen3.5-27b/full_load/s13,14714,25,2,1,W-00248
main/base/qwen3.5-27b/full_load/s13,14724,25,2,1,W-00249
main/base/qwen3.5-27b/full_load/s13,14842,25,3,1,W-00250
main/base/qwen3.5-27b/full_load/s13,14988,26,1,2,W-00251|W-00252
main/base/qwen3.5-27b/full_load/s13,15116,26,2,1,W-00253
main/base/qwen3.5-27b/full_load/s13,15138,26,2,1,W-00254
main/base/qwen3.5-27b/full_load/s13,15166,26,2,2,W-00255|W-00256
main/base/qwen3.5-27b/full_load/s13,15199,26,2,1,W-00257
main/base/qwen3.5-27b/full_load/s13,15368,26,3,3,W-00258|W-00259|W-00260
main/base/qwen3.5-27b/full_load/s13,15597,27,1,1,W-00261
main/base/qwen3.5-27b/full_load/s13,15640,27,1,1,W-00262
main/base/qwen3.5-27b/full_load/s13,15816,27,2,5,W-00263|W-00264|W-00265|W-00266|W-00267
main/base/qwen3.5-27b/full_load/s13,15918,27,2,2,W-00268|W-00269
main/base/qwen3.5-27b/full_load/s13,16008,27,3,1,W-00270
main/base/qwen3.5-27b/full_load/s13,16115,28,1,1,W-00271
main/base/qwen3.5-27b/full_load/s13,16304,28,2,1,W-00272
main/base/qwen3.5-27b/full_load/s13,16326,28,2,1,W-00273
main/base/qwen3.5-27b/full_load/s13,16336,28,2,2,W-00274|W-00275
main/base/qwen3.5-27b/full_load/s13,16471,28,3,1,W-00276
main/base/qwen3.5-27b/full_load/s13,16493,28,3,2,W-00277|W-00278
main/base/qwen3.5-27b/full_load/s13,16564,28,3,2,W-00279|W-00280
main/base/qwen3.5-27b/full_load/s13,16744,29,1,6,W-00281|W-00282|W-00283|W-00284|W-00285|W-00286
main/base/qwen3.5-27b/full_load/s13,17010,29,2,2,W-00287|W-00288
main/base/qwen3.5-27b/full_load/s13,17095,29,3,2,W-00289|W-00290
main/base/qwen3.5-27b/full_load/s13,17376,30,1,1,W-00291
main/base/qwen3.5-27b/full_load/s13,17463,30,2,2,W-00292|W-00293
main/base/qwen3.5-27b/full_load/s13,17507,30,2,2,W-00294|W-00295
main/base/qwen3.5-27b/full_load/s13,17622,30,3,3,W-00296|W-00297|W-00298
main/base/qwen3.5-27b/full_load/s13,17758,30,3,1,W-00299
main/base/qwen3.5-27b/full_load/s13,17776,30,3,1,W-00300
main/base/qwen3.5-27b/full_load/s14,125,1,1,1,W-00001
main/base/qwen3.5-27b/full_load/s14,165,1,1,1,W-00002
main/base/qwen3.5-27b/full_load/s14,184,1,1,2,W-00003|W-00004
main/base/qwen3.5-27b/full_load/s14,215,1,1,1,W-00005
main/base/qwen3.5-27b/full_load/s14,349,1,2,3,W-00006|W-00007|W-00008
main/base/qwen3.5-27b/full_load/s14,539,1,3,2,W-00009|W-00010
main/base/qwen3.5-27b/full_load/s14,697,2,1,4,W-00011|W-00012|W-00013|W-00014
main/base/qwen3.5-27b/full_load/s14,997,2,2,1,W-00015
main/base/qwen3.5-27b/full_load/s14,1022,2,2,1,W-00016
main/base/qwen3.5-27b/full_load/s14,1122,2,3,4,W-00017|W-00018|W-00019|W-00020
main/base/qwen3.5-27b/full_load/s14,1312,3,1,2,W-00021|W-00022
main/base/qwen3.5-27b/full_load/s14,1474,3,2,1,W-00023
main/base/qwen3.5-27b/full_load/s14,1552,3,2,3,W-00024|W-00025|W-00026
main/base/qwen3.5-27b/full_load/s14,1643,3,3,2,W-00027|W-00028
main/base/qwen3.5-27b/full_load/s14,1730,3,3,1,W-00029
main/base/qwen3.5-27b/full_load/s14,1752,3,3,1,W-00030
main/base/qwen3.5-27b/full_load/s14,1911,4,1,4,W-00031|W-00032|W-00033|W-00034
main/base/qwen3.5-27b/full_load/s14,2107,4,2,2,W-00035|W-00036
main/base/qwen3.5-27b/full_load/s14,2235,4,3,2,W-00037|W-00038
main/base/qwen3.5-27b/full_load/s14,2260,4,3,2,W-00039|W-00040
main/base/qwen3.5-27b/full_load/s14,2438,5,1,2,W-00041|W-00042
main/base/qwen3.5-27b/full_load/s14,2494,5,1,1,W-00043
main/base/qwen3.5-27b/full_load/s14,2647,5,2,3,W-00044|W-00045|W-00046
main/base/qwen3.5-27b/full_load/s14,2800,5,3,2,W-00047|W-00048
main/base/qwen3.5-27b/full_load/s14,2833,5,3,1,W-00049
main/base/qwen3.5-27b/full_load/s14,2886,5,3,1,W-00050
main/base/qwen3.5-27b/full_load/s14,3057,6,1,1,W-00051
main/base/qwen3.5-27b/full_load/s14,3174,6,2,1,W-00052
main/base/qwen3.5-27b/full_load/s14,3194,6,2,3,W-00053|W-00054|W-00055
main/base/qwen3.5-27b/full_load/s14,3283,6,2,1,W-00056
main/base/qwen3.5-27b/full_load/s14,3351,6,3,1,W-00057
main/base/qwen3.5-27b/full_load/s14,3371,6,3,1,W-00058
main/base/qwen3.5-27b/full_load/s14,3414,6,3,1,W-00059
main/base/qwen3.5-27b/full_load/s14,3431,6,3,1,W-00060
main/base/qwen3.5-27b/full_load/s14,3611,7,1,3,W-00061|W-00062|W-00063
main/base/qwen3.5-27b/full_load/s14,3830,7,2,2,W-00064|W-00065
main/base/qwen3.5-27b/full_load/s14,3910,7,2,2,W-00066|W-00067
main/base/qwen3.5-27b/full_load/s14,4068,7,3,3,W-00068|W-00069|W-00070
main/base/qwen3.5-27b/full_load/s14,4261,8,1,3,W-00071|W-00072|W-00073
main/base/qwen3.5-27b/full_load/s14,4482,8,2,1,W-00074
main/base/qwen3.5-27b/full_load/s14,4497,8,2,2,W-00075|W-00076
main/base/qwen3.5-27b/full_load/s14,4554,8,2,4,W-00077|W-00078|W-00079|W-00080
main/base/qwen3.5-27b/full_load/s14,4870,9,1,1,W-00081
main/base/qwen3.5-27b/full_load/s14,4892,9,1,5,W-00082|W-00083|W-00084|W-00085|W-00086
main/base/qwen3.5-27b/full_load/s14,5130,9,2,3,W-00087|W-00088|W-00089
main/base/qwen3.5-27b/full_load/s14,5176,9,2,1,W-00090
main/base/qwen3.5-27b/full_load/s14,5394,10,1,2,W-00091|W-00092
main/base/qwen3.5-27b/full_load/s14,5581,10,2,4,W-00093|W-00094|W-00095|W-00096
main/base/qwen3.5-27b/full_load/s14,5731,10,3,2,W-00097|W-00098
main/base/qwen3.5-27b/full_load/s14,5758,10,3,2,W-00099|W-00100
main/base/qwen3.5-27b/full_load/s14,5972,11,1,2,W-00101|W-00102
main/base/qwen3.5-27b/full_load/s14,6016,11,1,2,W-00103|W-00104
main/base/qwen3.5-27b/full_load/s14,6197,11,3,6,W-00105|W-00106|W-00107|W-00108|W-00109|W-00110
main/base/qwen3.5-27b/full_load/s14,6469,12,1,4,W-00111|W-00112|W-00113|W-00114
main/base/qwen3.5-27b/full_load/s14,6638,12,2,3,W-00115|W-00116|W-00117
main/base/qwen3.5-27b/full_load/s14,6798,12,3,3,W-00118|W-00119|W-00120
main/base/qwen3.5-27b/full_load/s14,6955,13,1,3,W-00121|W-00122|W-00123
main/base/qwen3.5-27b/full_load/s14,7159,13,2,5,W-00124|W-00125|W-00126|W-00127|W-00128
main/base/qwen3.5-27b/full_load/s14,7335,13,3,2,W-00129|W-00130
main/base/qwen3.5-27b/full_load/s14,7533,14,1,2,W-00131|W-00132
main/base/qwen3.5-27b/full_load/s14,7637,14,1,1,W-00133
main/base/qwen3.5-27b/full_load/s14,7761,14,2,3,W-00134|W-00135|W-00136
main/base/qwen3.5-27b/full_load/s14,7878,14,3,4,W-00137|W-00138|W-00139|W-00140
main/base/qwen3.5-27b/full_load/s14,8081,15,1,4,W-00141|W-00142|W-00143|W-00144
main/base/qwen3.5-27b/full_load/s14,8321,15,2,2,W-00145|W-00146
main/base/qwen3.5-27b/full_load/s14,8425,15,3,1,W-00147
main/base/qwen3.5-27b/full_load/s14,8451,15,3,3,W-00148|W-00149|W-00150
main/base/qwen3.5-27b/full_load/s14,8723,16,1,4,W-00151|W-00152|W-00153|W-00154
main/base/qwen3.5-27b/full_load/s14,8995,16,2,6,W-00155|W-00156|W-00157|W-00158|W-00159|W-00160
main/base/qwen3.5-27b/full_load/s14,9431,17,1,3,W-00161|W-00162|W-00163
main/base/qwen3.5-27b/full_load/s14,9594,17,2,1,W-00164
main/base/qwen3.5-27b/full_load/s14,9607,17,2,2,W-00165|W-00166
main/base/qwen3.5-27b/full_load/s14,9728,17,3,1,W-00167
main/base/qwen3.5-27b/full_load/s14,9738,17,3,1,W-00168
main/base/qwen3.5-27b/full_load/s14,9748,17,3,1,W-00169
main/base/qwen3.5-27b/full_load/s14,9763,17,3,1,W-00170
main/base/qwen3.5-27b/full_load/s14,9922,18,1,3,W-00171|W-00172|W-00173
main/base/qwen3.5-27b/full_load/s14,10121,18,2,2,W-00174|W-00175
main/base/qwen3.5-27b/full_load/s14,10164,18,2,1,W-00176
main/base/qwen3.5-27b/full_load/s14,10252,18,3,1,W-00177
main/base/qwen3.5-27b/full_load/s14,10280,18,3,2,W-00178|W-00179
main/base/qwen3.5-27b/full_load/s14,10379,18,3,1,W-00180
main/base/qwen3.5-27b/full_load/s14,10555,19,1,5,W-00181|W-00182|W-00183|W-00184|W-00185
main/base/qwen3.5-27b/full_load/s14,10795,19,2,1,W-00186
main/base/qwen3.5-27b/full_load/s14,10814,19,2,1,W-00187
main/base/qwen3.5-27b/full_load/s14,10852,19,2,1,W-00188
main/base/qwen3.5-27b/full_load/s14,11019,19,3,2,W-00189|W-00190
main/base/qwen3.5-27b/full_load/s14,11179,20,1,4,W-00191|W-00192|W-00193|W-00194
main/base/qwen3.5-27b/full_load/s14,11308,20,1,1,W-00195
main/base/qwen3.5-27b/full_load/s14,11491,20,2,1,W-00196
main/base/qwen3.5-27b/full_load/s14,11574,20,3,2,W-00197|W-00198
main/base/qwen3.5-27b/full_load/s14,11648,20,3,2,W-00199|W-00200
main/base/qwen3.5-27b/full_load/s14,11880,21,1,2,W-00201|W-00202
main/base/qwen3.5-27b/full_load/s14,11979,21,1,2,W-00203|W-00204
main/base/qwen3.5-27b/full_load/s14,12097,21,2,4,W-00205|W-00206|W-00207|W-00208
main/base/qwen3.5-27b/full_load/s14,12228,21,3,2,W-00209|W-00210
main/base/qwen3.5-27b/full_load/s14,12432,22,1,4,W-00211|W-00212|W-00213|W-00214
main/base/qwen3.5-27b/full_load/s14,12644,22,2,2,W-00215|W-00216
main/base/qwen3.5-27b/full_load/s14,12746,22,3,2,W-00217|W-00218
main/base/qwen3.5-27b/full_load/s14,12778,22,3,2,W-00219|W-00220
main/base/qwen3.5-27b/full_load/s14,12978,23,1,4,W-00221|W-00222|W-00223|W-00224
main/base/qwen3.5-27b/full_load/s14,13157,23,2,2,W-00225|W-00226
main/base/qwen3.5-27b/full_load/s14,13292,23,3,1,W-00227
main/base/qwen3.5-27b/full_load/s14,13317,23,3,3,W-00228|W-00229|W-00230
main/base/qwen3.5-27b/full_load/s14,13535,24,1,1,W-00231
main/base/qwen3.5-27b/full_load/s14,13623,24,1,2,W-00232|W-00233
main/base/qwen3.5-27b/full_load/s14,13769,24,2,4,W-00234|W-00235|W-00236|W-00237
main/base/qwen3.5-27b/full_load/s14,13836,24,2,3,W-00238|W-00239|W-00240
main/base/qwen3.5-27b/full_load/s14,14104,25,1,3,W-00241|W-00242|W-00243
main/base/qwen3.5-27b/full_load/s14,14302,25,2,4,W-00244|W-00245|W-00246|W-00247
main/base/qwen3.5-27b/full_load/s14,14430,25,2,1,W-00248
main/base/qwen3.5-27b/full_load/s14,14496,25,3,2,W-00249|W-00250
main/base/qwen3.5-27b/full_load/s14,14681,26,1,2,W-00251|W-00252
main/base/qwen3.5-27b/full_load/s14,14829,26,2,2,W-00253|W-00254
main/base/qwen3.5-27b/full_load/s14,14951,26,3,1,W-00255
main/base/qwen3.5-27b/full_load/s14,14982,26,3,5,W-00256|W-00257|W-00258|W-00259|W-00260
main/base/qwen3.5-27b/full_load/s14,15216,27,1,6,W-00261|W-00262|W-00263|W-00264|W-00265|W-00266
main/base/qwen3.5-27b/full_load/s14,15386,27,1,1,W-00267
main/base/qwen3.5-27b/full_load/s14,15525,27,2,2,W-00268|W-00269
main/base/qwen3.5-27b/full_load/s14,15656,27,3,1,W-00270
main/base/qwen3.5-27b/full_load/s14,15793,28,1,3,W-00271|W-00272|W-00273
main/base/qwen3.5-27b/full_load/s14,15964,28,2,4,W-00274|W-00275|W-00276|W-00277
main/base/qwen3.5-27b/full_load/s14,16185,28,2,1,W-00278
main/base/qwen3.5-27b/full_load/s14,16279,28,3,1,W-00279
main/base/qwen3.5-27b/full_load/s14,16289,28,3,1,W-00280
main/base/qwen3.5-27b/full_load/s14,16463,29,1,3,W-00281|W-00282|W-00283
main/base/qwen3.5-27b/full_load/s14,16613,29,2,2,W-00284|W-00285
main/base/qwen3.5-27b/full_load/s14,16654,29,2,2,W-00286|W-00287
main/base/qwen3.5-27b/full_load/s14,16693,29,2,1,W-00288
main/base/qwen3.5-27b/full_load/s14,16789,29,3,2,W-00289|W-00290
main/base/qwen3.5-27b/ingress/s12,136,1,1,1,W-00001
main/base/qwen3.5-27b/ingress/s12,230,1,1,1,W-00002
main/base/qwen3.5-27b/ingress/s12,420,1,1,6,W-00003|W-00004|W-00005|W-00006|W-00007|W-00008
main/base/qwen3.5-27b/ingress/s12,1289,1,2,2,W-00009|W-00010
main/base/qwen3.5-27b/ingress/s12,1558,2,1,3,W-00011|W-00012|W-00013
main/base/qwen3.5-27b/ingress/s12,2451,2,2,4,W-00014|W-00015|W-00016|W-00017
main/base/qwen3.5-27b/ingress/s12,2899,2,3,3,W-00018|W-00019|W-00020
main/base/qwen3.5-27b/ingress/s12,3640,3,1,2,W-00021|W-00022
main/base/qwen3.5-27b/ingress/s12,3910,3,1,1,W-00023
main/base/qwen3.5-27b/ingress/s12,4175,3,1,1,W-00024
main/base/qwen3.5-27b/ingress/s12,4336,3,2,1,W-00025
main/base/qwen3.5-27b/ingress/s12,4632,3,2,1,W-00026
main/base/qwen3.5-27b/ingress/s12,4841,3,3,4,W-00027|W-00028|W-00029|W-00030
main/base/qwen3.5-27b/ingress/s12,6051,4,1,2,W-00031|W-00032
main/base/qwen3.5-27b/ingress/s12,6248,4,1,1,W-00033
main/base/qwen3.5-27b/ingress/s12,6491,4,2,3,W-00034|W-00035|W-00036
main/base/qwen3.5-27b/ingress/s12,6943,4,3,2,W-00037|W-00038
main/base/qwen3.5-27b/ingress/s12,7201,4,3,2,W-00039|W-00040
main/base/qwen3.5-27b/ingress/s12,7733,5,1,2,W-00041|W-00042
main/base/qwen3.5-27b/ingress/s12,8285,5,2,3,W-00043|W-00044|W-00045
main/base/qwen3.5-27b/ingress/s12,8984,5,2,1,W-00046
main/base/qwen3.5-27b/ingress/s12,9146,5,3,4,W-00047|W-00048|W-00049|W-00050
main/base/qwen3.5-27b/ingress/s12,10167,6,1,1,W-00051
main/base/qwen3.5-27b/ingress/s12,10317,6,2,2,W-00052|W-00053
main/base/qwen3.5-27b/ingress/s12,10653,6,3,1,W-00054
main/base/qwen3.5-27b/ingress/s12,10786,6,3,3,W-00055|W-00056|W-00057
main/base/qwen3.5-27b/ingress/s12,11440,6,3,3,W-00058|W-00059|W-00060
main/base/qwen3.5-27b/ingress/s12,11921,7,1,2,W-00061|W-00062
main/base/qwen3.5-27b/ingress/s12,12239,7,1,1,W-00063
main/base/qwen3.5-27b/ingress/s12,12485,7,2,3,W-00064|W-00065|W-00066
main/base/qwen3.5-27b/ingress/s12,12987,7,2,1,W-00067
main/base/qwen3.5-27b/ingress/s12,13415,7,3,3,W-00068|W-00069|W-00070
main/base/qwen3.5-27b/ingress/s12,14254,8,1,1,W-00071
main/base/qwen3.5-27b/ingress/s12,14758,8,1,2,W-00072|W-00073
main/base/qwen3.5-27b/ingress/s12,15058,8,2,3,W-00074|W-00075|W-00076
main/base/qwen3.5-27b/ingress/s12,15602,8,3,4,W-00077|W-00078|W-00079|W-00080
main/base/qwen3.5-27b/ingress/s12,16458,9,1,2,W-00081|W-00082
main/base/qwen3.5-27b/ingress/s12,16534,9,1,1,W-00083
main/base/qwen3.5-27b/ingress/s12,16727,9,2,4,W-00084|W-00085|W-00086|W-00087
main/base/qwen3.5-27b/ingress/s12,17533,9,3,3,W-00088|W-00089|W-00090
main/base/qwen3.5-27b/ingress/s12,18399,10,1,3,W-00091|W-00092|W-00093
main/base/qwen3.5-27b/ingress/s12,18993,10,2,3,W-00094|W-00095|W-00096
main/base/qwen3.5-27b/ingress/s12,19369,10,2,2,W-00097|W-00098
main/base/qwen3.5-27b/ingress/s12,20100,10,3,1,W-00099
main/base/qwen3.5-27b/ingress/s12,20246,10,3,1,W-00100
main/base/qwen3.5-27b/ingress/s12,20642,11,1,2,W-00101|W-00102
main/base/qwen3.5-27b/ingress/s12,21345,11,2,3,W-00103|W-00104|W-00105
main/base/qwen3.5-27b/ingress/s12,21838,11,2,1,W-00106
main/base/qwen3.5-27b/ingress/s12,21930,11,2,2,W-00107|W-00108
main/base/qwen3.5-27b/ingress/s12,22161,11,3,2,W-00109|W-00110
main/base/qwen3.5-27b/ingress/s12,22953,12,1,2,W-00111|W-00112
main/base/qwen3.5-27b/ingress/s12,23385,12,1,2,W-00113|W-00114
main/base/qwen3.5-27b/ingress/s12,23741,12,2,2,W-00115|W-00116
main/base/qwen3.5-27b/ingress/s12,23988,12,3,2,W-00117|W-00118
main/base/qwen3.5-27b/ingress/s12,24115,12,3,2,W-00119|W-00120
main/base/qwen3.5-27b/ingress/s12,24724,13,1,2,W-00121|W-00122
main/base/qwen3.5-27b/ingress/s12,25073,13,1,3,W-00123|W-00124|W-00125
main/base/qwen3.5-27b/ingress/s12,25766,13,2,2,W-00126|W-00127
main/base/qwen3.5-27b/ingress/s12,26124,13,3,1,W-00128
main/base/qwen3.5-27b/ingress/s12,26185,13,3,1,W-00129
main/base/qwen3.5-27b/ingress/s12,26538,13,3,1,W-00130
main/base/qwen3.5-27b/ingress/s12,26965,14,1,1,W-00131
main/base/qwen3.5-27b/ingress/s12,27462,14,2,3,W-00132|W-00133|W-00134
main/base/qwen3.5-27b/ingress/s12,27922,14,3,2,W-00135|W-00136
main/base/qwen3.5-27b/ingress/s12,28307,14,3,1,W-00137
main/base/qwen3.5-27b/ingress/s12,29141,14,3,2,W-00138|W-00139
main/base/qwen3.5-27b/ingress/s12,29277,14,3,1,W-00140
main/base/qwen3.5-27b/ingress/s12,29778,15,1,2,W-00141|W-00142
main/base/qwen3.5-27b/ingress/s12,29964,15,1,1,W-00143
main/base/qwen3.5-27b/ingress/s12,30182,15,2,5,W-00144|W-00145|W-00146|W-00147|W-00148
main/base/qwen3.5-27b/ingress/s12,31048,15,3,2,W-00149|W-00150
main/base/qwen3.5-27b/ingress/s13,100,1,1,1,W-00001
main/base/qwen3.5-27b/ingress/s13,313,1,2,6,W-00002|W-00003|W-00004|W-00005|W-00006|W-00007
main/base/qwen3.5-27b/ingress/s13,1255,1,3,3,W-00008|W-00009|W-00010
main/base/qwen3.5-27b/ingress/s13,2290,2,1,5,W-00011|W-00012|W-00013|W-00014|W-00015
main/base/qwen3.5-27b/ingress/s13,3045,2,2,2,W-00016|W-00017
main/base/qwen3.5-27b/ingress/s13,3130,2,2,1,W-00018
main/base/qwen3.5-27b/ingress/s13,3302,2,3,2,W-00019|W-00020
main/base/qwen3.5-27b/ingress/s13,3677,3,1,4,W-00021|W-00022|W-00023|W-00024
main/base/qwen3.5-27b/ingress/s13,4788,3,2,1,W-00025
main/base/qwen3.5-27b/ingress/s13,4818,3,2,3,W-00026|W-00027|W-00028
main/base/qwen3.5-27b/ingress/s13,5453,3,3,1,W-00029
main/base/qwen3.5-27b/ingress/s13,5524,3,3,1,W-00030
main/base/qwen3.5-27b/ingress/s13,5757,4,1,2,W-00031|W-00032
main/base/qwen3.5-27b/ingress/s13,6153,4,2,2,W-00033|W-00034
main/base/qwen3.5-27b/ingress/s13,6301,4,2,1,W-00035
main/base/qwen3.5-27b/ingress/s13,6488,4,3,1,W-00036
main/base/qwen3.5-27b/ingress/s13,6645,4,3,4,W-00037|W-00038|W-00039|W-00040
main/base/qwen3.5-27b/ingress/s13,7443,5,1,2,W-00041|W-00042
main/base/qwen3.5-27b/ingress/s13,8195,5,2,4,W-00043|W-00044|W-00045|W-00046
main/base/qwen3.5-27b/ingress/s13,9067,5,3,1,W-00047
main/base/qwen3.5-27b/ingress/s13,9413,5,3,3,W-00048|W-00049|W-00050
main/base/qwen3.5-27b/ingress/s13,9805,6,1,1,W-00051
main/base/qwen3.5-27b/ingress/s13,9949,6,1,1,W-00052
main/base/qwen3.5-27b/ingress/s13,10109,6,1,1,W-00053
main/base/qwen3.5-27b/ingress/s13,10162,6,1,2,W-00054|W-00055
main/base/qwen3.5-27b/ingress/s13,10729,6,2,2,W-00056|W-00057
main/base/qwen3.5-27b/ingress/s13,10953,6,3,1,W-00058
main/base/qwen3.5-27b/ingress/s13,11089,6,3,1,W-00059
main/base/qwen3.5-27b/ingress/s13,11596,6,3,1,W-00060
main/base/qwen3.5-27b/ingress/s13,11940,7,1,4,W-00061|W-00062|W-00063|W-00064
main/base/qwen3.5-27b/ingress/s13,12401,7,2,2,W-00065|W-00066
main/base/qwen3.5-27b/ingress/s13,12812,7,3,2,W-00067|W-00068
main/base/qwen3.5-27b/ingress/s13,13362,7,3,2,W-00069|W-00070
main/base/qwen3.5-27b/ingress/s13,13746,8,1,5,W-00071|W-00072|W-00073|W-00074|W-00075
main/base/qwen3.5-27b/ingress/s13,14736,8,2,2,W-00076|W-00077
main/base/qwen3.5-27b/ingress/s13,15221,8,2,1,W-00078
main/base/qwen3.5-27b/ingress/s13,15378,8,3,2,W-00079|W-00080
main/base/qwen3.5-27b/ingress/s13,15793,9,1,1,W-00081
main/base/qwen3.5-27b/ingress/s13,16058,9,1,1,W-00082
main/base/qwen3.5-27b/ingress/s13,16102,9,1,2,W-00083|W-00084
main/base/qwen3.5-27b/ingress/s13,16676,9,2,1,W-00085
main/base/qwen3.5-27b/ingress/s13,16938,9,3,1,W-00086
main/base/qwen3.5-27b/ingress/s13,17002,9,3,2,W-00087|W-00088
main/base/qwen3.5-27b/ingress/s13,17524,9,3,1,W-00089
main/base/qwen3.5-27b/ingress/s13,17559,9,3,1,W-00090
main/base/qwen3.5-27b/ingress/s13,17768,10,1,1,W-00091
main/base/qwen3.5-27b/ingress/s13,17901,10,1,1,W-00092
main/base/qwen3.5-27b/ingress/s13,17980,10,1,2,W-00093|W-00094
main/base/qwen3.5-27b/ingress/s13,18633,10,2,3,W-00095|W-00096|W-00097
main/base/qwen3.5-27b/ingress/s13,19377,10,3,3,W-00098|W-00099|W-00100
main/base/qwen3.5-27b/ingress/s13,19952,11,2,1,W-00101
main/base/qwen3.5-27b/ingress/s13,20470,11,2,1,W-00102
main/base/qwen3.5-27b/ingress/s13,20709,11,2,4,W-00103|W-00104|W-00105|W-00106
main/base/qwen3.5-27b/ingress/s13,21920,11,3,4,W-00107|W-00108|W-00109|W-00110
main/base/qwen3.5-27b/ingress/s13,22552,12,1,1,W-00111
main/base/qwen3.5-27b/ingress/s13,22689,12,1,2,W-00112|W-00113
main/base/qwen3.5-27b/ingress/s13,23325,12,2,2,W-00114|W-00115
main/base/qwen3.5-27b/ingress/s13,24022,12,3,1,W-00116
main/base/qwen3.5-27b/ingress/s13,24110,12,3,1,W-00117
main/base/qwen3.5-27b/ingress/s13,24193,12,3,3,W-00118|W-00119|W-00120
main/base/qwen3.5-27b/ingress/s13,24589,13,1,4,W-00121|W-00122|W-00123|W-00124
main/base/qwen3.5-27b/ingress/s13,25262,13,1,2,W-00125|W-00126
main/base/qwen3.5-27b/ingress/s13,25743,13,2,2,W-00127|W-00128
main/base/qwen3.5-27b/ingress/s13,26060,13,3,2,W-00129|W-00130
main/base/qwen3.5-27b/ingress/s13,26500,14,1,1,W-00131
main/base/qwen3.5-27b/ingress/s13,26814,14,2,3,W-00132|W-00133|W-00134
main/base/qwen3.5-27b/ingress/s13,27187,14,2,2,W-00135|W-00136
main/base/qwen3.5-27b/ingress/s13,27409,14,3,1,W-00137
main/base/qwen3.5-27b/ingress/s13,27681,14,3,3,W-00138|W-00139|W-00140
main/base/qwen3.5-27b/ingress/s13,28025,15,1,3,W-00141|W-00142|W-00143
main/base/qwen3.5-27b/ingress/s13,28630,15,1,2,W-00144|W-00145
main/base/qwen3.5-27b/ingress/s13,28976,15,2,2,W-00146|W-00147
main/base/qwen3.5-27b/ingress/s13,29510,15,3,3,W-00148|W-00149|W-00150
main/base/qwen3.5-27b/ingress/s14,125,1,1,1,W-00001
main/base/qwen3.5-27b/ingress/s14,392,1,1,1,W-00002
main/base/qwen3.5-27b/ingress/s14,487,1,1,2,W-00003|W-00004
main/base/qwen3.5-27b/ingress/s14,684,1,1,1,W-00005
main/base/qwen3.5-27b/ingress/s14,885,1,2,3,W-00006|W-00007|W-00008
main/base/qwen3.5-27b/ingress/s14,1954,1,3,2,W-00009|W-00010
main/base/qwen3.5-27b/ingress/s14,2367,2,1,4,W-00011|W-00012|W-00013|W-00014
main/base/qwen3.5-27b/ingress/s14,3555,2,2,1,W-00015
main/base/qwen3.5-27b/ingress/s14,3594,2,2,1,W-00016
main/base/qwen3.5-27b/ingress/s14,3850,2,3,4,W-00017|W-00018|W-00019|W-00020
main/base/qwen3.5-27b/ingress/s14,4464,3,1,2,W-00021|W-00022
main/base/qwen3.5-27b/ingress/s14,4711,3,2,1,W-00023
main/base/qwen3.5-27b/ingress/s14,5082,3,2,3,W-00024|W-00025|W-00026
main/base/qwen3.5-27b/ingress/s14,5467,3,3,2,W-00027|W-00028
main/base/qwen3.5-27b/ingress/s14,5934,3,3,1,W-00029
main/base/qwen3.5-27b/ingress/s14,6075,3,3,1,W-00030
main/base/qwen3.5-27b/ingress/s14,6454,4,1,4,W-00031|W-00032|W-00033|W-00034
main/base/qwen3.5-27b/ingress/s14,6964,4,2,2,W-00035|W-00036
main/base/qwen3.5-27b/ingress/s14,7420,4,3,2,W-00037|W-00038
main/base/qwen3.5-27b/ingress/s14,7577,4,3,2,W-00039|W-00040
main/base/qwen3.5-27b/ingress/s14,7962,5,1,2,W-00041|W-00042
main/base/qwen3.5-27b/ingress/s14,8304,5,1,1,W-00043
main/base/qwen3.5-27b/ingress/s14,8623,5,2,3,W-00044|W-00045|W-00046
main/base/qwen3.5-27b/ingress/s14,9100,5,3,2,W-00047|W-00048
main/base/qwen3.5-27b/ingress/s14,9308,5,3,1,W-00049
main/base/qwen3.5-27b/ingress/s14,9547,5,3,1,W-00050
main/base/qwen3.5-27b/ingress/s14,9737,6,1,1,W-00051
main/base/qwen3.5-27b/ingress/s14,9936,6,2,1,W-00052
main/base/qwen3.5-27b/ingress/s14,10122,6,2,3,W-00053|W-00054|W-00055
main/base/qwen3.5-27b/ingress/s14,10532,6,2,1,W-00056
main/base/qwen3.5-27b/ingress/s14,10641,6,3,1,W-00057
main/base/qwen3.5-27b/ingress/s14,10681,6,3,1,W-00058
main/base/qwen3.5-27b/ingress/s14,10834,6,3,1,W-00059
main/base/qwen3.5-27b/ingress/s14,10969,6,3,1,W-00060
main/base/qwen3.5-27b/ingress/s14,11394,7,1,3,W-00061|W-00062|W-00063
main/base/qwen3.5-27b/ingress/s14,11825,7,2,2,W-00064|W-00065
main/base/qwen3.5-27b/ingress/s14,12297,7,2,2,W-00066|W-00067
main/base/qwen3.5-27b/ingress/s14,12725,7,3,3,W-00068|W-00069|W-00070
main/base/qwen3.5-27b/ingress/s14,13011,8,1,3,W-00071|W-00072|W-00073
main/base/qwen3.5-27b/ingress/s14,13765,8,2,1,W-00074
main/base/qwen3.5-27b/ingress/s14,13981,8,2,2,W-00075|W-00076
main/base/qwen3.5-27b/ingress/s14,14436,8,2,4,W-00077|W-00078|W-00079|W-00080
main/base/qwen3.5-27b/ingress/s14,15037,9,1,1,W-00081
main/base/qwen3.5-27b/ingress/s14,15213,9,1,5,W-00082|W-00083|W-00084|W-00085|W-00086
main/base/qwen3.5-27b/ingress/s14,15944,9,2,3,W-00087|W-00088|W-00089
main/base/qwen3.5-27b/ingress/s14,16344,9,2,1,W-00090
main/base/qwen3.5-27b/ingress/s14,16679,10,1,2,W-00091|W-00092
main/base/qwen3.5-27b/ingress/s14,17496,10,2,4,W-00093|W-00094|W-00095|W-00096
main/base/qwen3.5-27b/ingress/s14,18162,10,3,2,W-00097|W-00098
main/base/qwen3.5-27b/ingress/s14,18382,10,3,2,W-00099|W-00100
main/base/qwen3.5-27b/ingress/s14,19140,11,1,2,W-00101|W-00102
main/base/qwen3.5-27b/ingress/s14,19691,11,1,2,W-00103|W-00104
main/base/qwen3.5-27b/ingress/s14,19987,11,3,6,W-00105|W-00106|W-00107|W-00108|W-00109|W-00110
main/base/qwen3.5-27b/ingress/s14,21242,12,1,4,W-00111|W-00112|W-00113|W-00114
main/base/qwen3.5-27b/ingress/s14,21930,12,2,3,W-00115|W-00116|W-00117
main/base/qwen3.5-27b/ingress/s14,22387,12,3,3,W-00118|W-00119|W-00120
main/base/qwen3.5-27b/ingress/s14,22808,13,1,3,W-00121|W-00122|W-00123
main/base/qwen3.5-27b/ingress/s14,23735,13,2,5,W-00124|W-00125|W-00126|W-00127|W-00128
main/base/qwen3.5-27b/ingress/s14,24620,13,3,2,W-00129|W-00130
main/base/qwen3.5-27b/ingress/s14,25343,14,1,2,W-00131|W-00132
main/base/qwen3.5-27b/ingress/s14,25830,14,1,1,W-00133
main/base/qwen3.5-27b/ingress/s14,26042,14,2,3,W-00134|W-00135|W-00136
main/base/qwen3.5-27b/ingress/s14,26717,14,3,4,W-00137|W-00138|W-00139|W-00140
main/base/qwen3.5-27b/ingress/s14,27135,15,1,4,W-00141|W-00142|W-00143|W-00144
main/base/qwen3.5-27b/ingress/s14,28051,15,2,2,W-00145|W-00146
main/base/qwen3.5-27b/ingress/s14,28351,15,3,1,W-00147
main/base/qwen3.5-27b/ingress/s14,28887,15,3,3,W-00148|W-00149|W-00150
main/base/qwen3.5-27b/routing/s12,136,1,1,1,W-00001
main/base/qwen3.5-27b/routing/s12,276,1,1,1,W-00002
main/base/qwen3.5-27b/routing/s12,439,1,1,6,W-00003|W-00004|W-00005|W-00006|W-00007|W-00008
main/base/qwen3.5-27b/routing/s12,1373,1,2,2,W-00009|W-00010
main/base/qwen3.5-27b/routing/s12,1717,2,1,3,W-00011|W-00012|W-00013
main/base/qwen3.5-27b/routing/s12,2171,2,2,4,W-00014|W-00015|W-00016|W-00017
main/base/qwen3.5-27b/routing/s12,2795,2,3,3,W-00018|W-00019|W-00020
main/base/qwen3.5-27b/routing/s12,3366,3,1,2,W-00021|W-00022
main/base/qwen3.5-27b/routing/s12,3531,3,1,1,W-00023
main/base/qwen3.5-27b/routing/s12,3638,3,1,1,W-00024
main/base/qwen3.5-27b/routing/s12,3782,3,2,1,W-00025
main/base/qwen3.5-27b/routing/s12,3945,3,2,1,W-00026
main/base/qwen3.5-27b/routing/s12,4137,3,3,4,W-00027|W-00028|W-00029|W-00030
main/base/qwen3.5-27b/routing/s12,4881,4,1,2,W-00031|W-00032
main/base/qwen3.5-27b/routing/s12,4995,4,1,1,W-00033
main/base/qwen3.5-27b/routing/s12,5188,4,2,3,W-00034|W-00035|W-00036
main/base/qwen3.5-27b/routing/s12,5606,4,3,2,W-00037|W-00038
main/base/qwen3.5-27b/routing/s12,5896,4,3,2,W-00039|W-00040
main/base/qwen3.5-27b/routing/s12,6385,5,1,2,W-00041|W-00042
main/base/qwen3.5-27b/routing/s12,6714,5,2,3,W-00043|W-00044|W-00045
main/base/qwen3.5-27b/routing/s12,7041,5,2,1,W-00046
main/base/qwen3.5-27b/routing/s12,7291,5,3,4,W-00047|W-00048|W-00049|W-00050
main/base/qwen3.5-27b/routing/s12,7841,6,1,1,W-00051
main/base/qwen3.5-27b/routing/s12,8064,6,2,2,W-00052|W-00053
main/base/qwen3.5-27b/routing/s12,8417,6,3,1,W-00054
main/base/qwen3.5-27b/routing/s12,8576,6,3,3,W-00055|W-00056|W-00057
main/base/qwen3.5-27b/routing/s12,8929,6,3,3,W-00058|W-00059|W-00060
main/base/qwen3.5-27b/routing/s12,9457,7,1,2,W-00061|W-00062
main/base/qwen3.5-27b/routing/s12,9720,7,1,1,W-00063
main/base/qwen3.5-27b/routing/s12,10100,7,2,3,W-00064|W-00065|W-00066
main/base/qwen3.5-27b/routing/s12,10374,7,2,1,W-00067
main/base/qwen3.5-27b/routing/s12,10611,7,3,3,W-00068|W-00069|W-00070
main/base/qwen3.5-27b/routing/s12,11112,8,1,1,W-00071
main/base/qwen3.5-27b/routing/s12,11322,8,1,2,W-00072|W-00073
main/base/qwen3.5-27b/routing/s12,11536,8,2,3,W-00074|W-00075|W-00076
main/base/qwen3.5-27b/routing/s12,11890,8,3,4,W-00077|W-00078|W-00079|W-00080
main/base/qwen3.5-27b/routing/s12,12547,9,1,2,W-00081|W-00082
main/base/qwen3.5-27b/routing/s12,12779,9,1,1,W-00083
main/base/qwen3.5-27b/routing/s12,12923,9,2,4,W-00084|W-00085|W-00086|W-00087
main/base/qwen3.5-27b/routing/s12,13382,9,3,3,W-00088|W-00089|W-00090
main/base/qwen3.5-27b/routing/s12,13927,10,1,3,W-00091|W-00092|W-00093
main/base/qwen3.5-27b/routing/s12,14638,10,2,3,W-00094|W-00095|W-00096
main/base/qwen3.5-27b/routing/s12,14997,10,2,2,W-00097|W-00098
main/base/qwen3.5-27b/routing/s12,15490,10,3,1,W-00099
main/base/qwen3.5-27b/routing/s12,15567,10,3,1,W-00100
main/base/qwen3.5-27b/routing/s12,15852,11,1,2,W-00101|W-00102
main/base/qwen3.5-27b/routing/s12,16434,11,2,3,W-00103|W-00104|W-00105
main/base/qwen3.5-27b/routing/s12,16843,11,2,1,W-00106
main/base/qwen3.5-27b/routing/s12,17043,11,2,2,W-00107|W-00108
main/base/qwen3.5-27b/routing/s12,17435,11,3,2,W-00109|W-00110
main/base/qwen3.5-27b/routing/s12,18026,12,1,2,W-00111|W-00112
main/base/qwen3.5-27b/routing/s12,18400,12,1,2,W-00113|W-00114
main/base/qwen3.5-27b/routing/s12,18723,12,2,2,W-00115|W-00116
main/base/qwen3.5-27b/routing/s12,18923,12,3,2,W-00117|W-00118
main/base/qwen3.5-27b/routing/s12,19071,12,3,2,W-00119|W-00120
main/base/qwen3.5-27b/routing/s12,19429,13,1,2,W-00121|W-00122
main/base/qwen3.5-27b/routing/s12,19669,13,1,3,W-00123|W-00124|W-00125
main/base/qwen3.5-27b/routing/s12,20088,13,2,2,W-00126|W-00127
main/base/qwen3.5-27b/routing/s12,20309,13,3,1,W-00128
main/base/qwen3.5-27b/routing/s12,20371,13,3,1,W-00129
main/base/qwen3.5-27b/routing/s12,20538,13,3,1,W-00130
main/base/qwen3.5-27b/routing/s12,20869,14,1,1,W-00131
main/base/qwen3.5-27b/routing/s12,21146,14,2,3,W-00132|W-00133|W-00134
main/base/qwen3.5-27b/routing/s12,21706,14,3,2,W-00135|W-00136
main/base/qwen3.5-27b/routing/s12,21937,14,3,1,W-00137
main/base/qwen3.5-27b/routing/s12,22575,14,3,2,W-00138|W-00139
main/base/qwen3.5-27b/routing/s12,22720,14,3,1,W-00140
main/base/qwen3.5-27b/routing/s12,23098,15,1,2,W-00141|W-00142
main/base/qwen3.5-27b/routing/s12,23240,15,1,1,W-00143
main/base/qwen3.5-27b/routing/s12,23467,15,2,5,W-00144|W-00145|W-00146|W-00147|W-00148
main/base/qwen3.5-27b/routing/s12,24337,15,3,2,W-00149|W-00150
main/base/qwen3.5-27b/routing/s13,100,1,1,1,W-00001
main/base/qwen3.5-27b/routing/s13,413,1,2,6,W-00002|W-00003|W-00004|W-00005|W-00006|W-00007
main/base/qwen3.5-27b/routing/s13,1415,1,3,3,W-00008|W-00009|W-00010
main/base/qwen3.5-27b/routing/s13,2089,2,1,5,W-00011|W-00012|W-00013|W-00014|W-00015
main/base/qwen3.5-27b/routing/s13,2893,2,2,2,W-00016|W-00017
main/base/qwen3.5-27b/routing/s13,2982,2,2,1,W-00018
main/base/qwen3.5-27b/routing/s13,3165,2,3,2,W-00019|W-00020
main/base/qwen3.5-27b/routing/s13,3563,3,1,4,W-00021|W-00022|W-00023|W-00024
main/base/qwen3.5-27b/routing/s13,4378,3,2,1,W-00025
main/base/qwen3.5-27b/routing/s13,4426,3,2,3,W-00026|W-00027|W-00028
main/base/qwen3.5-27b/routing/s13,4728,3,3,1,W-00029
main/base/qwen3.5-27b/routing/s13,4785,3,3,1,W-00030
main/base/qwen3.5-27b/routing/s13,5021,4,1,2,W-00031|W-00032
main/base/qwen3.5-27b/routing/s13,5299,4,2,2,W-00033|W-00034
main/base/qwen3.5-27b/routing/s13,5502,4,2,1,W-00035
main/base/qwen3.5-27b/routing/s13,5640,4,3,1,W-00036
main/base/qwen3.5-27b/routing/s13,5722,4,3,4,W-00037|W-00038|W-00039|W-00040
main/base/qwen3.5-27b/routing/s13,6254,5,1,2,W-00041|W-00042
main/base/qwen3.5-27b/routing/s13,6559,5,2,4,W-00043|W-00044|W-00045|W-00046
main/base/qwen3.5-27b/routing/s13,7315,5,3,1,W-00047
main/base/qwen3.5-27b/routing/s13,7629,5,3,3,W-00048|W-00049|W-00050
main/base/qwen3.5-27b/routing/s13,7973,6,1,1,W-00051
main/base/qwen3.5-27b/routing/s13,8109,6,1,1,W-00052
main/base/qwen3.5-27b/routing/s13,8359,6,1,1,W-00053
main/base/qwen3.5-27b/routing/s13,8423,6,1,2,W-00054|W-00055
main/base/qwen3.5-27b/routing/s13,8825,6,2,2,W-00056|W-00057
main/base/qwen3.5-27b/routing/s13,9089,6,3,1,W-00058
main/base/qwen3.5-27b/routing/s13,9179,6,3,1,W-00059
main/base/qwen3.5-27b/routing/s13,9434,6,3,1,W-00060
main/base/qwen3.5-27b/routing/s13,9907,7,1,4,W-00061|W-00062|W-00063|W-00064
main/base/qwen3.5-27b/routing/s13,10463,7,2,2,W-00065|W-00066
main/base/qwen3.5-27b/routing/s13,10723,7,3,2,W-00067|W-00068
main/base/qwen3.5-27b/routing/s13,11015,7,3,2,W-00069|W-00070
main/base/qwen3.5-27b/routing/s13,11352,8,1,5,W-00071|W-00072|W-00073|W-00074|W-00075
main/base/qwen3.5-27b/routing/s13,12132,8,2,2,W-00076|W-00077
main/base/qwen3.5-27b/routing/s13,12341,8,2,1,W-00078
main/base/qwen3.5-27b/routing/s13,12495,8,3,2,W-00079|W-00080
main/base/qwen3.5-27b/routing/s13,12899,9,1,1,W-00081
main/base/qwen3.5-27b/routing/s13,12964,9,1,1,W-00082
main/base/qwen3.5-27b/routing/s13,13028,9,1,2,W-00083|W-00084
main/base/qwen3.5-27b/routing/s13,13495,9,2,1,W-00085
main/base/qwen3.5-27b/routing/s13,13635,9,3,1,W-00086
main/base/qwen3.5-27b/routing/s13,13741,9,3,2,W-00087|W-00088
main/base/qwen3.5-27b/routing/s13,14216,9,3,1,W-00089
main/base/qwen3.5-27b/routing/s13,14257,9,3,1,W-00090
main/base/qwen3.5-27b/routing/s13,14474,10,1,1,W-00091
main/base/qwen3.5-27b/routing/s13,14537,10,1,1,W-00092
main/base/qwen3.5-27b/routing/s13,14828,10,1,2,W-00093|W-00094
main/base/qwen3.5-27b/routing/s13,15363,10,2,3,W-00095|W-00096|W-00097
main/base/qwen3.5-27b/routing/s13,16079,10,3,3,W-00098|W-00099|W-00100
main/base/qwen3.5-27b/routing/s13,16508,11,2,1,W-00101
main/base/qwen3.5-27b/routing/s13,16921,11,2,1,W-00102
main/base/qwen3.5-27b/routing/s13,17467,11,2,4,W-00103|W-00104|W-00105|W-00106
main/base/qwen3.5-27b/routing/s13,17941,11,3,4,W-00107|W-00108|W-00109|W-00110
main/base/qwen3.5-27b/routing/s13,18572,12,1,1,W-00111
main/base/qwen3.5-27b/routing/s13,18691,12,1,2,W-00112|W-00113
main/base/qwen3.5-27b/routing/s13,19047,12,2,2,W-00114|W-00115
main/base/qwen3.5-27b/routing/s13,19452,12,3,1,W-00116
main/base/qwen3.5-27b/routing/s13,19496,12,3,1,W-00117
main/base/qwen3.5-27b/routing/s13,19544,12,3,3,W-00118|W-00119|W-00120
main/base/qwen3.5-27b/routing/s13,20197,13,1,4,W-00121|W-00122|W-00123|W-00124
main/base/qwen3.5-27b/routing/s13,20603,13,1,2,W-00125|W-00126
main/base/qwen3.5-27b/routing/s13,21188,13,2,2,W-00127|W-00128
main/base/qwen3.5-27b/routing/s13,21505,13,3,2,W-00129|W-00130
main/base/qwen3.5-27b/routing/s13,21875,14,1,1,W-00131
main/base/qwen3.5-27b/routing/s13,22194,14,2,3,W-00132|W-00133|W-00134
main/base/qwen3.5-27b/routing/s13,22592,14,2,2,W-00135|W-00136
main/base/qwen3.5-27b/routing/s13,22838,14,3,1,W-00137
main/base/qwen3.5-27b/routing/s13,23151,14,3,3,W-00138|W-00139|W-00140
main/base/qwen3.5-27b/routing/s13,23502,15,1,3,W-00141|W-00142|W-00143
main/base/qwen3.5-27b/routing/s13,24018,15,1,2,W-00144|W-00145
main/base/qwen3.5-27b/routing/s13,24336,15,2,2,W-00146|W-00147
main/base/qwen3.5-27b/routing/s13,24874,15,3,3,W-00148|W-00149|W-00150
main/base/qwen3.5-27b/routing/s14,125,1,1,1,W-00001
main/base/qwen3.5-27b/routing/s14,390,1,1,1,W-00002
main/base/qwen3.5-27b/routing/s14,496,1,1,2,W-00003|W-00004
main/base/qwen3.5-27b/routing/s14,691,1,1,1,W-00005
main/base/qwen3.5-27b/routing/s14,899,1,2,3,W-00006|W-00007|W-00008
main/base/qwen3.5-27b/routing/s14,1623,1,3,2,W-00009|W-00010
main/base/qwen3.5-27b/routing/s14,2009,2,1,4,W-00011|W-00012|W-00013|W-00014
main/base/qwen3.5-27b/routing/s14,2767,2,2,1,W-00015
main/base/qwen3.5-27b/routing/s14,2838,2,2,1,W-00016
main/base/qwen3.5-27b/routing/s14,3219,2,3,4,W-00017|W-00018|W-00019|W-00020
main/base/qwen3.5-27b/routing/s14,3857,3,1,2,W-00021|W-00022
main/base/qwen3.5-27b/routing/s14,4057,3,2,1,W-00023
main/base/qwen3.5-27b/routing/s14,4222,3,2,3,W-00024|W-00025|W-00026
main/base/qwen3.5-27b/routing/s14,4447,3,3,2,W-00027|W-00028
main/base/qwen3.5-27b/routing/s14,4849,3,3,1,W-00029
main/base/qwen3.5-27b/routing/s14,4924,3,3,1,W-00030
main/base/qwen3.5-27b/routing/s14,5511,4,1,4,W-00031|W-00032|W-00033|W-00034
main/base/qwen3.5-27b/routing/s14,5938,4,2,2,W-00035|W-00036
main/base/qwen3.5-27b/routing/s14,6110,4,3,2,W-00037|W-00038
main/base/qwen3.5-27b/routing/s14,6282,4,3,2,W-00039|W-00040
main/base/qwen3.5-27b/routing/s14,6542,5,1,2,W-00041|W-00042
main/base/qwen3.5-27b/routing/s14,6688,5,1,1,W-00043
main/base/qwen3.5-27b/routing/s14,7001,5,2,3,W-00044|W-00045|W-00046
main/base/qwen3.5-27b/routing/s14,7410,5,3,2,W-00047|W-00048
main/base/qwen3.5-27b/routing/s14,7674,5,3,1,W-00049
main/base/qwen3.5-27b/routing/s14,7825,5,3,1,W-00050
main/base/qwen3.5-27b/routing/s14,8119,6,1,1,W-00051
main/base/qwen3.5-27b/routing/s14,8311,6,2,1,W-00052
main/base/qwen3.5-27b/routing/s14,8496,6,2,3,W-00053|W-00054|W-00055
main/base/qwen3.5-27b/routing/s14,8817,6,2,1,W-00056
main/base/qwen3.5-27b/routing/s14,8922,6,3,1,W-00057
main/base/qwen3.5-27b/routing/s14,8944,6,3,1,W-00058
main/base/qwen3.5-27b/routing/s14,9127,6,3,1,W-00059
main/base/qwen3.5-27b/routing/s14,9364,6,3,1,W-00060
main/base/qwen3.5-27b/routing/s14,9648,7,1,3,W-00061|W-00062|W-00063
main/base/qwen3.5-27b/routing/s14,10035,7,2,2,W-00064|W-00065
main/base/qwen3.5-27b/routing/s14,10272,7,2,2,W-00066|W-00067
main/base/qwen3.5-27b/routing/s14,10573,7,3,3,W-00068|W-00069|W-00070
main/base/qwen3.5-27b/routing/s14,10899,8,1,3,W-00071|W-00072|W-00073
main/base/qwen3.5-27b/routing/s14,11567,8,2,1,W-00074
main/base/qwen3.5-27b/routing/s14,11763,8,2,2,W-00075|W-00076
main/base/qwen3.5-27b/routing/s14,11988,8,2,4,W-00077|W-00078|W-00079|W-00080
main/base/qwen3.5-27b/routing/s14,12660,9,1,1,W-00081
main/base/qwen3.5-27b/routing/s14,12821,9,1,5,W-00082|W-00083|W-00084|W-00085|W-00086
main/base/qwen3.5-27b/routing/s14,13525,9,2,3,W-00087|W-00088|W-00089
main/base/qwen3.5-27b/routing/s14,13802,9,2,1,W-00090
main/base/qwen3.5-27b/routing/s14,14137,10,1,2,W-00091|W-00092
main/base/qwen3.5-27b/routing/s14,14605,10,2,4,W-00093|W-00094|W-00095|W-00096
main/base/qwen3.5-27b/routing/s14,15052,10,3,2,W-00097|W-00098
main/base/qwen3.5-27b/routing/s14,15254,10,3,2,W-00099|W-00100
main/base/qwen3.5-27b/routing/s14,15727,11,1,2,W-00101|W-00102
main/base/qwen3.5-27b/routing/s14,16152,11,1,2,W-00103|W-00104
main/base/qwen3.5-27b/routing/s14,16452,11,3,6,W-00105|W-00106|W-00107|W-00108|W-00109|W-00110
main/base/qwen3.5-27b/routing/s14,17122,12,1,4,W-00111|W-00112|W-00113|W-00114
main/base/qwen3.5-27b/routing/s14,17611,12,2,3,W-00115|W-00116|W-00117
main/base/qwen3.5-27b/routing/s14,17995,12,3,3,W-00118|W-00119|W-00120
main/base/qwen3.5-27b/routing/s14,18307,13,1,3,W-00121|W-00122|W-00123
main/base/qwen3.5-27b/routing/s14,18767,13,2,5,W-00124|W-00125|W-00126|W-00127|W-00128
main/base/qwen3.5-27b/routing/s14,19458,13,3,2,W-00129|W-00130
main/base/qwen3.5-27b/routing/s14,19878,14,1,2,W-00131|W-00132
main/base/qwen3.5-27b/routing/s14,20254,14,1,1,W-00133
main/base/qwen3.5-27b/routing/s14,20456,14,2,3,W-00134|W-00135|W-00136
main/base/qwen3.5-27b/routing/s14,20903,14,3,4,W-00137|W-00138|W-00139|W-00140
main/base/qwen3.5-27b/routing/s14,21412,15,1,4,W-00141|W-00142|W-00143|W-00144
main/base/qwen3.5-27b/routing/s14,22000,15,2,2,W-00145|W-00146
main/base/qwen3.5-27b/routing/s14,22292,15,3,1,W-00147
main/base/qwen3.5-27b/routing/s14,22353,15,3,3,W-00148|W-00149|W-00150
main/base/qwen3.5-9b/direct/s12,136,1,1,1,W-00001
main/base/qwen3.5-9b/direct/s12,281,1,1,1,W-00002
main/base/qwen3.5-9b/direct/s12,429,1,1,6,W-00003|W-00004|W-00005|W-00006|W-00007|W-00008
main/base/qwen3.5-9b/direct/s12,1841,1,2,2,W-00009|W-00010
main/base/qwen3.5-9b/direct/s12,2166,2,1,3,W-00011|W-00012|W-00013
main/base/qwen3.5-9b/direct/s12,2737,2,2,4,W-00014|W-00015|W-00016|W-00017
main/base/qwen3.5-9b/direct/s12,3019,2,3,3,W-00018|W-00019|W-00020
main/base/qwen3.5-9b/direct/s12,3555,3,1,2,W-00021|W-00022
main/base/qwen3.5-9b/direct/s12,3776,3,1,1,W-00023
main/base/qwen3.5-9b/direct/s12,3823,3,1,1,W-00024
main/base/qwen3.5-9b/direct/s12,3902,3,2,1,W-00025
main/base/qwen3.5-9b/direct/s12,3969,3,2,1,W-00026
main/base/qwen3.5-9b/direct/s12,4151,3,3,4,W-00027|W-00028|W-00029|W-00030
main/base/qwen3.5-9b/direct/s12,4931,4,1,2,W-00031|W-00032
main/base/qwen3.5-9b/direct/s12,5069,4,1,1,W-00033
main/base/qwen3.5-9b/direct/s12,5172,4,2,3,W-00034|W-00035|W-00036
main/base/qwen3.5-9b/direct/s12,5581,4,3,2,W-00037|W-00038
main/base/qwen3.5-9b/direct/s12,5717,4,3,2,W-00039|W-00040
main/base/qwen3.5-9b/direct/s12,6079,5,1,2,W-00041|W-00042
main/base/qwen3.5-9b/direct/s12,7007,5,2,3,W-00043|W-00044|W-00045
main/base/qwen3.5-9b/direct/s12,7220,5,2,1,W-00046
main/base/qwen3.5-9b/direct/s12,7755,5,3,4,W-00047|W-00048|W-00049|W-00050
main/base/qwen3.5-9b/direct/s12,8606,6,1,1,W-00051
main/base/qwen3.5-9b/direct/s12,8761,6,2,2,W-00052|W-00053
main/base/qwen3.5-9b/direct/s12,9207,6,3,1,W-00054
main/base/qwen3.5-9b/direct/s12,9224,6,3,3,W-00055|W-00056|W-00057
main/base/qwen3.5-9b/direct/s12,10024,6,3,3,W-00058|W-00059|W-00060
main/base/qwen3.5-9b/direct/s12,10445,7,1,2,W-00061|W-00062
main/base/qwen3.5-9b/direct/s12,10632,7,1,1,W-00063
main/base/qwen3.5-9b/direct/s12,10945,7,2,3,W-00064|W-00065|W-00066
main/base/qwen3.5-9b/direct/s12,11062,7,2,1,W-00067
main/base/qwen3.5-9b/direct/s12,11214,7,3,3,W-00068|W-00069|W-00070
main/base/qwen3.5-9b/direct/s12,11504,8,1,1,W-00071
main/base/qwen3.5-9b/direct/s12,11574,8,1,2,W-00072|W-00073
main/base/qwen3.5-9b/direct/s12,11963,8,2,3,W-00074|W-00075|W-00076
main/base/qwen3.5-9b/direct/s12,12563,8,3,4,W-00077|W-00078|W-00079|W-00080
main/base/qwen3.5-9b/direct/s12,13321,9,1,2,W-00081|W-00082
main/base/qwen3.5-9b/direct/s12,13383,9,1,1,W-00083
main/base/qwen3.5-9b/direct/s12,13562,9,2,4,W-00084|W-00085|W-00086|W-00087
main/base/qwen3.5-9b/direct/s12,13911,9,3,3,W-00088|W-00089|W-00090
main/base/qwen3.5-9b/direct/s12,14676,10,1,3,W-00091|W-00092|W-00093
main/base/qwen3.5-9b/direct/s12,15684,10,2,3,W-00094|W-00095|W-00096
main/base/qwen3.5-9b/direct/s12,16261,10,2,2,W-00097|W-00098
main/base/qwen3.5-9b/direct/s12,17075,10,3,1,W-00099
main/base/qwen3.5-9b/direct/s12,17079,10,3,1,W-00100
main/base/qwen3.5-9b/direct/s12,17296,11,1,2,W-00101|W-00102
main/base/qwen3.5-9b/direct/s12,17770,11,2,3,W-00103|W-00104|W-00105
main/base/qwen3.5-9b/direct/s12,17965,11,2,1,W-00106
main/base/qwen3.5-9b/direct/s12,18110,11,2,2,W-00107|W-00108
main/base/qwen3.5-9b/direct/s12,18330,11,3,2,W-00109|W-00110
main/base/qwen3.5-9b/direct/s12,18645,12,1,2,W-00111|W-00112
main/base/qwen3.5-9b/direct/s12,18761,12,1,2,W-00113|W-00114
main/base/qwen3.5-9b/direct/s12,18959,12,2,2,W-00115|W-00116
main/base/qwen3.5-9b/direct/s12,19165,12,3,2,W-00117|W-00118
main/base/qwen3.5-9b/direct/s12,19222,12,3,2,W-00119|W-00120
main/base/qwen3.5-9b/direct/s12,19505,13,1,2,W-00121|W-00122
main/base/qwen3.5-9b/direct/s12,19698,13,1,3,W-00123|W-00124|W-00125
main/base/qwen3.5-9b/direct/s12,19961,13,2,2,W-00126|W-00127
main/base/qwen3.5-9b/direct/s12,20159,13,3,1,W-00128
main/base/qwen3.5-9b/direct/s12,20206,13,3,1,W-00129
main/base/qwen3.5-9b/direct/s12,20312,13,3,1,W-00130
main/base/qwen3.5-9b/direct/s12,20524,14,1,1,W-00131
main/base/qwen3.5-9b/direct/s12,20669,14,2,3,W-00132|W-00133|W-00134
main/base/qwen3.5-9b/direct/s12,21100,14,3,2,W-00135|W-00136
main/base/qwen3.5-9b/direct/s12,21207,14,3,1,W-00137
main/base/qwen3.5-9b/direct/s12,21407,14,3,2,W-00138|W-00139
main/base/qwen3.5-9b/direct/s12,21508,14,3,1,W-00140
main/base/qwen3.5-9b/direct/s12,21737,15,1,2,W-00141|W-00142
main/base/qwen3.5-9b/direct/s12,21825,15,1,1,W-00143
main/base/qwen3.5-9b/direct/s12,21991,15,2,5,W-00144|W-00145|W-00146|W-00147|W-00148
main/base/qwen3.5-9b/direct/s12,22834,15,3,2,W-00149|W-00150
main/base/qwen3.5-9b/direct/s13,100,1,1,1,W-00001
main/base/qwen3.5-9b/direct/s13,282,1,2,6,W-00002|W-00003|W-00004|W-00005|W-00006|W-00007
main/base/qwen3.5-9b/direct/s13,955,1,3,3,W-00008|W-00009|W-00010
main/base/qwen3.5-9b/direct/s13,1511,2,1,5,W-00011|W-00012|W-00013|W-00014|W-00015
main/base/qwen3.5-9b/direct/s13,2312,2,2,2,W-00016|W-00017
main/base/qwen3.5-9b/direct/s13,2650,2,2,1,W-00018
main/base/qwen3.5-9b/direct/s13,2901,2,3,2,W-00019|W-00020
main/base/qwen3.5-9b/direct/s13,3242,3,1,4,W-00021|W-00022|W-00023|W-00024
main/base/qwen3.5-9b/direct/s13,3938,3,2,1,W-00025
main/base/qwen3.5-9b/direct/s13,3973,3,2,3,W-00026|W-00027|W-00028
main/base/qwen3.5-9b/direct/s13,4218,3,3,1,W-00029
main/base/qwen3.5-9b/direct/s13,4264,3,3,1,W-00030
main/base/qwen3.5-9b/direct/s13,4428,4,1,2,W-00031|W-00032
main/base/qwen3.5-9b/direct/s13,4693,4,2,2,W-00033|W-00034
main/base/qwen3.5-9b/direct/s13,4838,4,2,1,W-00035
main/base/qwen3.5-9b/direct/s13,4955,4,3,1,W-00036
main/base/qwen3.5-9b/direct/s13,5066,4,3,4,W-00037|W-00038|W-00039|W-00040
main/base/qwen3.5-9b/direct/s13,5625,5,1,2,W-00041|W-00042
main/base/qwen3.5-9b/direct/s13,5888,5,2,4,W-00043|W-00044|W-00045|W-00046
main/base/qwen3.5-9b/direct/s13,6250,5,3,1,W-00047
main/base/qwen3.5-9b/direct/s13,6488,5,3,3,W-00048|W-00049|W-00050
main/base/qwen3.5-9b/direct/s13,6716,6,1,1,W-00051
main/base/qwen3.5-9b/direct/s13,6800,6,1,1,W-00052
main/base/qwen3.5-9b/direct/s13,6878,6,1,1,W-00053
main/base/qwen3.5-9b/direct/s13,6910,6,1,2,W-00054|W-00055
main/base/qwen3.5-9b/direct/s13,7175,6,2,2,W-00056|W-00057
main/base/qwen3.5-9b/direct/s13,7793,6,3,1,W-00058
main/base/qwen3.5-9b/direct/s13,7835,6,3,1,W-00059
main/base/qwen3.5-9b/direct/s13,8437,6,3,1,W-00060
main/base/qwen3.5-9b/direct/s13,9056,7,1,4,W-00061|W-00062|W-00063|W-00064
main/base/qwen3.5-9b/direct/s13,9425,7,2,2,W-00065|W-00066
main/base/qwen3.5-9b/direct/s13,9876,7,3,2,W-00067|W-00068
main/base/qwen3.5-9b/direct/s13,10061,7,3,2,W-00069|W-00070
main/base/qwen3.5-9b/direct/s13,10974,8,1,5,W-00071|W-00072|W-00073|W-00074|W-00075
main/base/qwen3.5-9b/direct/s13,12163,8,2,2,W-00076|W-00077
main/base/qwen3.5-9b/direct/s13,12497,8,2,1,W-00078
main/base/qwen3.5-9b/direct/s13,12790,8,3,2,W-00079|W-00080
main/base/qwen3.5-9b/direct/s13,12968,9,1,1,W-00081
main/base/qwen3.5-9b/direct/s13,13035,9,1,1,W-00082
main/base/qwen3.5-9b/direct/s13,13137,9,1,2,W-00083|W-00084
main/base/qwen3.5-9b/direct/s13,13452,9,2,1,W-00085
main/base/qwen3.5-9b/direct/s13,13581,9,3,1,W-00086
main/base/qwen3.5-9b/direct/s13,13648,9,3,2,W-00087|W-00088
main/base/qwen3.5-9b/direct/s13,13803,9,3,1,W-00089
main/base/qwen3.5-9b/direct/s13,14482,9,3,1,W-00090
main/base/qwen3.5-9b/direct/s13,14663,10,1,1,W-00091
main/base/qwen3.5-9b/direct/s13,14676,10,1,1,W-00092
main/base/qwen3.5-9b/direct/s13,14823,10,1,2,W-00093|W-00094
main/base/qwen3.5-9b/direct/s13,15135,10,2,3,W-00095|W-00096|W-00097
main/base/qwen3.5-9b/direct/s13,15895,10,3,3,W-00098|W-00099|W-00100
main/base/qwen3.5-9b/direct/s13,16192,11,2,1,W-00101
main/base/qwen3.5-9b/direct/s13,16417,11,2,1,W-00102
main/base/qwen3.5-9b/direct/s13,16590,11,2,4,W-00103|W-00104|W-00105|W-00106
main/base/qwen3.5-9b/direct/s13,17726,11,3,4,W-00107|W-00108|W-00109|W-00110
main/base/qwen3.5-9b/direct/s13,18464,12,1,1,W-00111
main/base/qwen3.5-9b/direct/s13,18562,12,1,2,W-00112|W-00113
main/base/qwen3.5-9b/direct/s13,19259,12,2,2,W-00114|W-00115
main/base/qwen3.5-9b/direct/s13,19460,12,3,1,W-00116
main/base/qwen3.5-9b/direct/s13,19509,12,3,1,W-00117
main/base/qwen3.5-9b/direct/s13,19519,12,3,3,W-00118|W-00119|W-00120
main/base/qwen3.5-9b/direct/s13,20944,13,1,4,W-00121|W-00122|W-00123|W-00124
main/base/qwen3.5-9b/direct/s13,21410,13,1,2,W-00125|W-00126
main/base/qwen3.5-9b/direct/s13,22289,13,2,2,W-00127|W-00128
main/base/qwen3.5-9b/direct/s13,22573,13,3,2,W-00129|W-00130
main/base/qwen3.5-9b/direct/s13,22832,14,1,1,W-00131
main/base/qwen3.5-9b/direct/s13,23036,14,2,3,W-00132|W-00133|W-00134
main/base/qwen3.5-9b/direct/s13,23335,14,2,2,W-00135|W-00136
main/base/qwen3.5-9b/direct/s13,23489,14,3,1,W-00137
main/base/qwen3.5-9b/direct/s13,23524,14,3,3,W-00138|W-00139|W-00140
main/base/qwen3.5-9b/direct/s13,24942,15,1,3,W-00141|W-00142|W-00143
main/base/qwen3.5-9b/direct/s13,25138,15,1,2,W-00144|W-00145
main/base/qwen3.5-9b/direct/s13,25393,15,2,2,W-00146|W-00147
main/base/qwen3.5-9b/direct/s13,25732,15,3,3,W-00148|W-00149|W-00150
main/base/qwen3.5-9b/direct/s14,125,1,1,1,W-00001
main/base/qwen3.5-9b/direct/s14,227,1,1,1,W-00002
main/base/qwen3.5-9b/direct/s14,366,1,1,2,W-00003|W-00004
main/base/qwen3.5-9b/direct/s14,489,1,1,1,W-00005
main/base/qwen3.5-9b/direct/s14,714,1,2,3,W-00006|W-00007|W-00008
main/base/qwen3.5-9b/direct/s14,1243,1,3,2,W-00009|W-00010
main/base/qwen3.5-9b/direct/s14,1548,2,1,4,W-00011|W-00012|W-00013|W-00014
main/base/qwen3.5-9b/direct/s14,2361,2,2,1,W-00015
main/base/qwen3.5-9b/direct/s14,2426,2,2,1,W-00016
main/base/qwen3.5-9b/direct/s14,3076,2,3,4,W-00017|W-00018|W-00019|W-00020
main/base/qwen3.5-9b/direct/s14,3397,3,1,2,W-00021|W-00022
main/base/qwen3.5-9b/direct/s14,3619,3,2,1,W-00023
main/base/qwen3.5-9b/direct/s14,4068,3,2,3,W-00024|W-00025|W-00026
main/base/qwen3.5-9b/direct/s14,4265,3,3,2,W-00027|W-00028
main/base/qwen3.5-9b/direct/s14,4461,3,3,1,W-00029
main/base/qwen3.5-9b/direct/s14,4512,3,3,1,W-00030
main/base/qwen3.5-9b/direct/s14,5056,4,1,4,W-00031|W-00032|W-00033|W-00034
main/base/qwen3.5-9b/direct/s14,5813,4,2,2,W-00035|W-00036
main/base/qwen3.5-9b/direct/s14,6089,4,3,2,W-00037|W-00038
main/base/qwen3.5-9b/direct/s14,6420,4,3,2,W-00039|W-00040
main/base/qwen3.5-9b/direct/s14,6673,5,1,2,W-00041|W-00042
main/base/qwen3.5-9b/direct/s14,6834,5,1,1,W-00043
main/base/qwen3.5-9b/direct/s14,7042,5,2,3,W-00044|W-00045|W-00046
main/base/qwen3.5-9b/direct/s14,7353,5,3,2,W-00047|W-00048
main/base/qwen3.5-9b/direct/s14,7509,5,3,1,W-00049
main/base/qwen3.5-9b/direct/s14,7636,5,3,1,W-00050
main/base/qwen3.5-9b/direct/s14,7869,6,1,1,W-00051
main/base/qwen3.5-9b/direct/s14,8538,6,2,1,W-00052
main/base/qwen3.5-9b/direct/s14,8679,6,2,3,W-00053|W-00054|W-00055
main/base/qwen3.5-9b/direct/s14,8940,6,2,1,W-00056
main/base/qwen3.5-9b/direct/s14,9021,6,3,1,W-00057
main/base/qwen3.5-9b/direct/s14,9041,6,3,1,W-00058
main/base/qwen3.5-9b/direct/s14,9138,6,3,1,W-00059
main/base/qwen3.5-9b/direct/s14,9254,6,3,1,W-00060
main/base/qwen3.5-9b/direct/s14,9485,7,1,3,W-00061|W-00062|W-00063
main/base/qwen3.5-9b/direct/s14,9940,7,2,2,W-00064|W-00065
main/base/qwen3.5-9b/direct/s14,10456,7,2,2,W-00066|W-00067
main/base/qwen3.5-9b/direct/s14,10679,7,3,3,W-00068|W-00069|W-00070
main/base/qwen3.5-9b/direct/s14,10978,8,1,3,W-00071|W-00072|W-00073
main/base/qwen3.5-9b/direct/s14,11921,8,2,1,W-00074
main/base/qwen3.5-9b/direct/s14,11954,8,2,2,W-00075|W-00076
main/base/qwen3.5-9b/direct/s14,12167,8,2,4,W-00077|W-00078|W-00079|W-00080
main/base/qwen3.5-9b/direct/s14,13505,9,1,1,W-00081
main/base/qwen3.5-9b/direct/s14,13530,9,1,5,W-00082|W-00083|W-00084|W-00085|W-00086
main/base/qwen3.5-9b/direct/s14,14046,9,2,3,W-00087|W-00088|W-00089
main/base/qwen3.5-9b/direct/s14,14491,9,2,1,W-00090
main/base/qwen3.5-9b/direct/s14,14899,10,1,2,W-00091|W-00092
main/base/qwen3.5-9b/direct/s14,15164,10,2,4,W-00093|W-00094|W-00095|W-00096
main/base/qwen3.5-9b/direct/s14,16201,10,3,2,W-00097|W-00098
main/base/qwen3.5-9b/direct/s14,16445,10,3,2,W-00099|W-00100
main/base/qwen3.5-9b/direct/s14,16872,11,1,2,W-00101|W-00102
main/base/qwen3.5-9b/direct/s14,17426,11,1,2,W-00103|W-00104
main/base/qwen3.5-9b/direct/s14,17621,11,3,6,W-00105|W-00106|W-00107|W-00108|W-00109|W-00110
main/base/qwen3.5-9b/direct/s14,18782,12,1,4,W-00111|W-00112|W-00113|W-00114
main/base/qwen3.5-9b/direct/s14,20789,12,2,3,W-00115|W-00116|W-00117
main/base/qwen3.5-9b/direct/s14,21667,12,3,3,W-00118|W-00119|W-00120
main/base/qwen3.5-9b/direct/s14,22272,13,1,3,W-00121|W-00122|W-00123
main/base/qwen3.5-9b/direct/s14,22828,13,2,5,W-00124|W-00125|W-00126|W-00127|W-00128
main/base/qwen3.5-9b/direct/s14,24001,13,3,2,W-00129|W-00130
main/base/qwen3.5-9b/direct/s14,24452,14,1,2,W-00131|W-00132
main/base/qwen3.5-9b/direct/s14,24957,14,1,1,W-00133
main/base/qwen3.5-9b/direct/s14,25218,14,2,3,W-00134|W-00135|W-00136
main/base/qwen3.5-9b/direct/s14,25679,14,3,4,W-00137|W-00138|W-00139|W-00140
main/base/qwen3.5-9b/direct/s14,26063,15,1,4,W-00141|W-00142|W-00143|W-00144
main/base/qwen3.5-9b/direct/s14,26354,15,2,2,W-00145|W-00146
main/base/qwen3.5-9b/direct/s14,26596,15,3,1,W-00147
main/base/qwen3.5-9b/direct/s14,26741,15,3,3,W-00148|W-00149|W-00150
main/base/qwen3.5-9b/full_load/s12,136,1,1,1,W-00001
main/base/qwen3.5-9b/full_load/s12,161,1,1,1,W-00002
main/base/qwen3.5-9b/full_load/s12,198,1,1,6,W-00003|W-00004|W-00005|W-00006|W-00007|W-00008
main/base/qwen3.5-9b/full_load/s12,490,1,2,2,W-00009|W-00010
main/base/qwen3.5-9b/full_load/s12,749,2,1,3,W-00011|W-00012|W-00013
main/base/qwen3.5-9b/full_load/s12,985,2,2,4,W-00014|W-00015|W-00016|W-00017
main/base/qwen3.5-9b/full_load/s12,1131,2,3,3,W-00018|W-00019|W-00020
main/base/qwen3.5-9b/full_load/s12,1340,3,1,2,W-00021|W-00022
main/base/qwen3.5-9b/full_load/s12,1371,3,1,1,W-00023
main/base/qwen3.5-9b/full_load/s12,1414,3,1,1,W-00024
main/base/qwen3.5-9b/full_load/s12,1479,3,2,1,W-00025
main/base/qwen3.5-9b/full_load/s12,1525,3,2,1,W-00026
main/base/qwen3.5-9b/full_load/s12,1640,3,3,4,W-00027|W-00028|W-00029|W-00030
main/base/qwen3.5-9b/full_load/s12,1872,4,1,2,W-00031|W-00032
main/base/qwen3.5-9b/full_load/s12,1934,4,1,1,W-00033
main/base/qwen3.5-9b/full_load/s12,2043,4,2,3,W-00034|W-00035|W-00036
main/base/qwen3.5-9b/full_load/s12,2227,4,3,2,W-00037|W-00038
main/base/qwen3.5-9b/full_load/s12,2269,4,3,2,W-00039|W-00040
main/base/qwen3.5-9b/full_load/s12,2453,5,1,2,W-00041|W-00042
main/base/qwen3.5-9b/full_load/s12,2603,5,2,3,W-00043|W-00044|W-00045
main/base/qwen3.5-9b/full_load/s12,2683,5,2,1,W-00046
main/base/qwen3.5-9b/full_load/s12,2770,5,3,4,W-00047|W-00048|W-00049|W-00050
main/base/qwen3.5-9b/full_load/s12,3050,6,1,1,W-00051
main/base/qwen3.5-9b/full_load/s12,3199,6,2,2,W-00052|W-00053
main/base/qwen3.5-9b/full_load/s12,3302,6,3,1,W-00054
main/base/qwen3.5-9b/full_load/s12,3309,6,3,3,W-00055|W-00056|W-00057
main/base/qwen3.5-9b/full_load/s12,3442,6,3,3,W-00058|W-00059|W-00060
main/base/qwen3.5-9b/full_load/s12,3695,7,1,2,W-00061|W-00062
main/base/qwen3.5-9b/full_load/s12,3738,7,1,1,W-00063
main/base/qwen3.5-9b/full_load/s12,3905,7,2,3,W-00064|W-00065|W-00066
main/base/qwen3.5-9b/full_load/s12,3962,7,2,1,W-00067
main/base/qwen3.5-9b/full_load/s12,4061,7,3,3,W-00068|W-00069|W-00070
main/base/qwen3.5-9b/full_load/s12,4287,8,1,1,W-00071
main/base/qwen3.5-9b/full_load/s12,4326,8,1,2,W-00072|W-00073
main/base/qwen3.5-9b/full_load/s12,4482,8,2,3,W-00074|W-00075|W-00076
main/base/qwen3.5-9b/full_load/s12,4606,8,3,4,W-00077|W-00078|W-00079|W-00080
main/base/qwen3.5-9b/full_load/s12,4857,9,1,2,W-00081|W-00082
main/base/qwen3.5-9b/full_load/s12,4908,9,1,1,W-00083
main/base/qwen3.5-9b/full_load/s12,5041,9,2,4,W-00084|W-00085|W-00086|W-00087
main/base/qwen3.5-9b/full_load/s12,5294,9,3,3,W-00088|W-00089|W-00090
main/base/qwen3.5-9b/full_load/s12,5618,10,1,3,W-00091|W-00092|W-00093
main/base/qwen3.5-9b/full_load/s12,5767,10,2,3,W-00094|W-00095|W-00096
main/base/qwen3.5-9b/full_load/s12,5841,10,2,2,W-00097|W-00098
main/base/qwen3.5-9b/full_load/s12,6015,10,3,1,W-00099
main/base/qwen3.5-9b/full_load/s12,6032,10,3,1,W-00100
main/base/qwen3.5-9b/full_load/s12,6216,11,1,2,W-00101|W-00102
main/base/qwen3.5-9b/full_load/s12,6404,11,2,3,W-00103|W-00104|W-00105
main/base/qwen3.5-9b/full_load/s12,6460,11,2,1,W-00106
main/base/qwen3.5-9b/full_load/s12,6472,11,2,2,W-00107|W-00108
main/base/qwen3.5-9b/full_load/s12,6604,11,3,2,W-00109|W-00110
main/base/qwen3.5-9b/full_load/s12,6801,12,1,2,W-00111|W-00112
main/base/qwen3.5-9b/full_load/s12,6830,12,1,2,W-00113|W-00114
main/base/qwen3.5-9b/full_load/s12,6992,12,2,2,W-00115|W-00116
main/base/qwen3.5-9b/full_load/s12,7126,12,3,2,W-00117|W-00118
main/base/qwen3.5-9b/full_load/s12,7155,12,3,2,W-00119|W-00120
main/base/qwen3.5-9b/full_load/s12,7373,13,1,2,W-00121|W-00122
main/base/qwen3.5-9b/full_load/s12,7410,13,1,3,W-00123|W-00124|W-00125
main/base/qwen3.5-9b/full_load/s12,7582,13,2,2,W-00126|W-00127
main/base/qwen3.5-9b/full_load/s12,7719,13,3,1,W-00128
main/base/qwen3.5-9b/full_load/s12,7734,13,3,1,W-00129
main/base/qwen3.5-9b/full_load/s12,7777,13,3,1,W-00130
main/base/qwen3.5-9b/full_load/s12,7950,14,1,1,W-00131
main/base/qwen3.5-9b/full_load/s12,8095,14,2,3,W-00132|W-00133|W-00134
main/base/qwen3.5-9b/full_load/s12,8264,14,3,2,W-00135|W-00136
main/base/qwen3.5-9b/full_load/s12,8319,14,3,1,W-00137
main/base/qwen3.5-9b/full_load/s12,8348,14,3,2,W-00138|W-00139
main/base/qwen3.5-9b/full_load/s12,8389,14,3,1,W-00140
main/base/qwen3.5-9b/full_load/s12,8601,15,1,2,W-00141|W-00142
main/base/qwen3.5-9b/full_load/s12,8667,15,1,1,W-00143
main/base/qwen3.5-9b/full_load/s12,8820,15,2,5,W-00144|W-00145|W-00146|W-00147|W-00148
main/base/qwen3.5-9b/full_load/s12,9070,15,3,2,W-00149|W-00150
main/base/qwen3.5-9b/full_load/s12,9357,16,1,2,W-00151|W-00152
main/base/qwen3.5-9b/full_load/s12,9576,16,2,1,W-00153
main/base/qwen3.5-9b/full_load/s12,9631,16,2,1,W-00154
main/base/qwen3.5-9b/full_load/s12,9710,16,3,6,W-00155|W-00156|W-00157|W-00158|W-00159|W-00160
main/base/qwen3.5-9b/full_load/s12,10055,17,1,1,W-00161
main/base/qwen3.5-9b/full_load/s12,10079,17,1,1,W-00162
main/base/qwen3.5-9b/full_load/s12,10222,17,2,1,W-00163
main/base/qwen3.5-9b/full_load/s12,10243,17,2,3,W-00164|W-00165|W-00166
main/base/qwen3.5-9b/full_load/s12,10478,17,3,3,W-00167|W-00168|W-00169
main/base/qwen3.5-9b/full_load/s12,10634,17,3,1,W-00170
main/base/qwen3.5-9b/full_load/s12,10830,18,1,3,W-00171|W-00172|W-00173
main/base/qwen3.5-9b/full_load/s12,11040,18,2,3,W-00174|W-00175|W-00176
main/base/qwen3.5-9b/full_load/s12,11152,18,2,2,W-00177|W-00178
main/base/qwen3.5-9b/full_load/s12,11231,18,2,2,W-00179|W-00180
main/base/qwen3.5-9b/full_load/s12,11518,19,1,1,W-00181
main/base/qwen3.5-9b/full_load/s12,11528,19,1,2,W-00182|W-00183
main/base/qwen3.5-9b/full_load/s12,11675,19,2,5,W-00184|W-00185|W-00186|W-00187|W-00188
main/base/qwen3.5-9b/full_load/s12,11868,19,3,2,W-00189|W-00190
main/base/qwen3.5-9b/full_load/s12,12039,20,1,1,W-00191
main/base/qwen3.5-9b/full_load/s12,12065,20,1,3,W-00192|W-00193|W-00194
main/base/qwen3.5-9b/full_load/s12,12237,20,2,4,W-00195|W-00196|W-00197|W-00198
main/base/qwen3.5-9b/full_load/s12,12399,20,3,2,W-00199|W-00200
main/base/qwen3.5-9b/full_load/s12,12609,21,1,2,W-00201|W-00202
main/base/qwen3.5-9b/full_load/s12,12788,21,2,2,W-00203|W-00204
main/base/qwen3.5-9b/full_load/s13,100,1,1,1,W-00001
main/base/qwen3.5-9b/full_load/s13,284,1,2,6,W-00002|W-00003|W-00004|W-00005|W-00006|W-00007
main/base/qwen3.5-9b/full_load/s13,560,1,3,3,W-00008|W-00009|W-00010
main/base/qwen3.5-9b/full_load/s13,774,2,1,5,W-00011|W-00012|W-00013|W-00014|W-00015
main/base/qwen3.5-9b/full_load/s13,1056,2,2,2,W-00016|W-00017
main/base/qwen3.5-9b/full_load/s13,1095,2,2,1,W-00018
main/base/qwen3.5-9b/full_load/s13,1213,2,3,2,W-00019|W-00020
main/base/qwen3.5-9b/full_load/s13,1370,3,1,4,W-00021|W-00022|W-00023|W-00024
main/base/qwen3.5-9b/full_load/s13,1641,3,2,1,W-00025
main/base/qwen3.5-9b/full_load/s13,1660,3,2,3,W-00026|W-00027|W-00028
main/base/qwen3.5-9b/full_load/s13,1793,3,3,1,W-00029
main/base/qwen3.5-9b/full_load/s13,1805,3,3,1,W-00030
main/base/qwen3.5-9b/full_load/s13,1962,4,1,2,W-00031|W-00032
main/base/qwen3.5-9b/full_load/s13,2124,4,2,2,W-00033|W-00034
main/base/qwen3.5-9b/full_load/s13,2198,4,2,1,W-00035
main/base/qwen3.5-9b/full_load/s13,2317,4,3,1,W-00036
main/base/qwen3.5-9b/full_load/s13,2356,4,3,4,W-00037|W-00038|W-00039|W-00040
main/base/qwen3.5-9b/full_load/s13,2587,5,1,2,W-00041|W-00042
main/base/qwen3.5-9b/full_load/s13,2771,5,2,4,W-00043|W-00044|W-00045|W-00046
main/base/qwen3.5-9b/full_load/s13,2979,5,3,1,W-00047
main/base/qwen3.5-9b/full_load/s13,3085,5,3,3,W-00048|W-00049|W-00050
main/base/qwen3.5-9b/full_load/s13,3264,6,1,1,W-00051
main/base/qwen3.5-9b/full_load/s13,3284,6,1,1,W-00052
main/base/qwen3.5-9b/full_load/s13,3324,6,1,1,W-00053
main/base/qwen3.5-9b/full_load/s13,3344,6,1,2,W-00054|W-00055
main/base/qwen3.5-9b/full_load/s13,3500,6,2,2,W-00056|W-00057
main/base/qwen3.5-9b/full_load/s13,3605,6,3,1,W-00058
main/base/qwen3.5-9b/full_load/s13,3620,6,3,1,W-00059
main/base/qwen3.5-9b/full_load/s13,3666,6,3,1,W-00060
main/base/qwen3.5-9b/full_load/s13,3920,7,1,4,W-00061|W-00062|W-00063|W-00064
main/base/qwen3.5-9b/full_load/s13,4108,7,2,2,W-00065|W-00066
main/base/qwen3.5-9b/full_load/s13,4265,7,3,2,W-00067|W-00068
main/base/qwen3.5-9b/full_load/s13,4348,7,3,2,W-00069|W-00070
main/base/qwen3.5-9b/full_load/s13,4577,8,1,5,W-00071|W-00072|W-00073|W-00074|W-00075
main/base/qwen3.5-9b/full_load/s13,4842,8,2,2,W-00076|W-00077
main/base/qwen3.5-9b/full_load/s13,4893,8,2,1,W-00078
main/base/qwen3.5-9b/full_load/s13,5005,8,3,2,W-00079|W-00080
main/base/qwen3.5-9b/full_load/s13,5162,9,1,1,W-00081
main/base/qwen3.5-9b/full_load/s13,5201,9,1,1,W-00082
main/base/qwen3.5-9b/full_load/s13,5233,9,1,2,W-00083|W-00084
main/base/qwen3.5-9b/full_load/s13,5474,9,2,1,W-00085
main/base/qwen3.5-9b/full_load/s13,5636,9,3,1,W-00086
main/base/qwen3.5-9b/full_load/s13,5674,9,3,2,W-00087|W-00088
main/base/qwen3.5-9b/full_load/s13,5725,9,3,1,W-00089
main/base/qwen3.5-9b/full_load/s13,5748,9,3,1,W-00090
main/base/qwen3.5-9b/full_load/s13,5904,10,1,1,W-00091
main/base/qwen3.5-9b/full_load/s13,5932,10,1,1,W-00092
main/base/qwen3.5-9b/full_load/s13,5945,10,1,2,W-00093|W-00094
main/base/qwen3.5-9b/full_load/s13,6112,10,2,3,W-00095|W-00096|W-00097
main/base/qwen3.5-9b/full_load/s13,6362,10,3,3,W-00098|W-00099|W-00100
main/base/qwen3.5-9b/full_load/s13,6628,11,2,1,W-00101
main/base/qwen3.5-9b/full_load/s13,6677,11,2,1,W-00102
main/base/qwen3.5-9b/full_load/s13,6718,11,2,4,W-00103|W-00104|W-00105|W-00106
main/base/qwen3.5-9b/full_load/s13,6983,11,3,4,W-00107|W-00108|W-00109|W-00110
main/base/qwen3.5-9b/full_load/s13,7194,12,1,1,W-00111
main/base/qwen3.5-9b/full_load/s13,7209,12,1,2,W-00112|W-00113
main/base/qwen3.5-9b/full_load/s13,7396,12,2,2,W-00114|W-00115
main/base/qwen3.5-9b/full_load/s13,7524,12,3,1,W-00116
main/base/qwen3.5-9b/full_load/s13,7543,12,3,1,W-00117
main/base/qwen3.5-9b/full_load/s13,7559,12,3,3,W-00118|W-00119|W-00120
main/base/qwen3.5-9b/full_load/s13,7800,13,1,4,W-00121|W-00122|W-00123|W-00124
main/base/qwen3.5-9b/full_load/s13,7931,13,1,2,W-00125|W-00126
main/base/qwen3.5-9b/full_load/s13,8164,13,2,2,W-00127|W-00128
main/base/qwen3.5-9b/full_load/s13,8275,13,3,2,W-00129|W-00130
main/base/qwen3.5-9b/full_load/s13,8518,14,1,1,W-00131
main/base/qwen3.5-9b/full_load/s13,8659,14,2,3,W-00132|W-00133|W-00134
main/base/qwen3.5-9b/full_load/s13,8765,14,2,2,W-00135|W-00136
main/base/qwen3.5-9b/full_load/s13,8890,14,3,1,W-00137
main/base/qwen3.5-9b/full_load/s13,8909,14,3,3,W-00138|W-00139|W-00140
main/base/qwen3.5-9b/full_load/s13,9133,15,1,3,W-00141|W-00142|W-00143
main/base/qwen3.5-9b/full_load/s13,9352,15,1,2,W-00144|W-00145
main/base/qwen3.5-9b/full_load/s13,9531,15,2,2,W-00146|W-00147
main/base/qwen3.5-9b/full_load/s13,9659,15,3,3,W-00148|W-00149|W-00150
main/base/qwen3.5-9b/full_load/s13,9962,16,1,5,W-00151|W-00152|W-00153|W-00154|W-00155
main/base/qwen3.5-9b/full_load/s13,10171,16,2,2,W-00156|W-00157
main/base/qwen3.5-9b/full_load/s13,10212,16,2,2,W-00158|W-00159
main/base/qwen3.5-9b/full_load/s13,10354,16,3,1,W-00160
main/base/qwen3.5-9b/full_load/s13,10585,17,1,3,W-00161|W-00162|W-00163
main/base/qwen3.5-9b/full_load/s13,10640,17,1,1,W-00164
main/base/qwen3.5-9b/full_load/s13,10780,17,2,1,W-00165
main/base/qwen3.5-9b/full_load/s13,10864,17,3,5,W-00166|W-00167|W-00168|W-00169|W-00170
main/base/qwen3.5-9b/full_load/s13,11134,18,1,5,W-00171|W-00172|W-00173|W-00174|W-00175
main/base/qwen3.5-9b/full_load/s13,11450,18,2,4,W-00176|W-00177|W-00178|W-00179
main/base/qwen3.5-9b/full_load/s13,11664,18,3,1,W-00180
main/base/qwen3.5-9b/full_load/s13,11844,19,1,6,W-00181|W-00182|W-00183|W-00184|W-00185|W-00186
main/base/qwen3.5-9b/full_load/s13,12114,19,2,1,W-00187
main/base/qwen3.5-9b/full_load/s13,12179,19,2,1,W-00188
main/base/qwen3.5-9b/full_load/s13,12275,19,3,1,W-00189
main/base/qwen3.5-9b/full_load/s13,12289,19,3,1,W-00190
main/base/qwen3.5-9b/full_load/s13,12426,20,1,1,W-00191
main/base/qwen3.5-9b/full_load/s13,12484,20,1,2,W-00192|W-00193
main/base/qwen3.5-9b/full_load/s13,12623,20,2,5,W-00194|W-00195|W-00196|W-00197|W-00198
main/base/qwen3.5-9b/full_load/s13,12747,20,2,1,W-00199
main/base/qwen3.5-9b/full_load/s13,12858,20,3,1,W-00200
main/base/qwen3.5-9b/full_load/s13,13030,21,1,2,W-00201|W-00202
main/base/qwen3.5-9b/full_load/s13,13066,21,1,1,W-00203
main/base/qwen3.5-9b/full_load/s13,13079,21,1,3,W-00204|W-00205|W-00206
main/base/qwen3.5-9b/full_load/s13,13224,21,2,2,W-00207|W-00208
main/base/qwen3.5-9b/full_load/s13,13305,21,3,2,W-00209|W-00210
main/base/qwen3.5-9b/full_load/s13,13480,22,1,3,W-00211|W-00212|W-00213
main/base/qwen3.5-9b/full_load/s13,13800,22,2,1,W-00214
main/base/qwen3.5-9b/full_load/s13,13838,22,2,1,W-00215
main/base/qwen3.5-9b/full_load/s14,125,1,1,1,W-00001
main/base/qwen3.5-9b/full_load/s14,164,1,1,1,W-00002
main/base/qwen3.5-9b/full_load/s14,186,1,1,2,W-00003|W-00004
main/base/qwen3.5-9b/full_load/s14,223,1,1,1,W-00005
main/base/qwen3.5-9b/full_load/s14,365,1,2,3,W-00006|W-00007|W-00008
main/base/qwen3.5-9b/full_load/s14,599,1,3,2,W-00009|W-00010
main/base/qwen3.5-9b/full_load/s14,764,2,1,4,W-00011|W-00012|W-00013|W-00014
main/base/qwen3.5-9b/full_load/s14,1045,2,2,1,W-00015
main/base/qwen3.5-9b/full_load/s14,1080,2,2,1,W-00016
main/base/qwen3.5-9b/full_load/s14,1216,2,3,4,W-00017|W-00018|W-00019|W-00020
main/base/qwen3.5-9b/full_load/s14,1401,3,1,2,W-00021|W-00022
main/base/qwen3.5-9b/full_load/s14,1571,3,2,1,W-00023
main/base/qwen3.5-9b/full_load/s14,1618,3,2,3,W-00024|W-00025|W-00026
main/base/qwen3.5-9b/full_load/s14,1731,3,3,2,W-00027|W-00028
main/base/qwen3.5-9b/full_load/s14,1836,3,3,1,W-00029
main/base/qwen3.5-9b/full_load/s14,1856,3,3,1,W-00030
main/base/qwen3.5-9b/full_load/s14,2017,4,1,4,W-00031|W-00032|W-00033|W-00034
main/base/qwen3.5-9b/full_load/s14,2184,4,2,2,W-00035|W-00036
main/base/qwen3.5-9b/full_load/s14,2322,4,3,2,W-00037|W-00038
main/base/qwen3.5-9b/full_load/s14,2380,4,3,2,W-00039|W-00040
main/base/qwen3.5-9b/full_load/s14,2573,5,1,2,W-00041|W-00042
main/base/qwen3.5-9b/full_load/s14,2640,5,1,1,W-00043
main/base/qwen3.5-9b/full_load/s14,2802,5,2,3,W-00044|W-00045|W-00046
main/base/qwen3.5-9b/full_load/s14,2936,5,3,2,W-00047|W-00048
main/base/qwen3.5-9b/full_load/s14,2971,5,3,1,W-00049
main/base/qwen3.5-9b/full_load/s14,3008,5,3,1,W-00050
main/base/qwen3.5-9b/full_load/s14,3170,6,1,1,W-00051
main/base/qwen3.5-9b/full_load/s14,3291,6,2,1,W-00052
main/base/qwen3.5-9b/full_load/s14,3343,6,2,3,W-00053|W-00054|W-00055
main/base/qwen3.5-9b/full_load/s14,3423,6,2,1,W-00056
main/base/qwen3.5-9b/full_load/s14,3493,6,3,1,W-00057
main/base/qwen3.5-9b/full_load/s14,3513,6,3,1,W-00058
main/base/qwen3.5-9b/full_load/s14,3562,6,3,1,W-00059
main/base/qwen3.5-9b/full_load/s14,3574,6,3,1,W-00060
main/base/qwen3.5-9b/full_load/s14,3755,7,1,3,W-00061|W-00062|W-00063
main/base/qwen3.5-9b/full_load/s14,3929,7,2,2,W-00064|W-00065
main/base/qwen3.5-9b/full_load/s14,4027,7,2,2,W-00066|W-00067
main/base/qwen3.5-9b/full_load/s14,4222,7,3,3,W-00068|W-00069|W-00070
main/base/qwen3.5-9b/full_load/s14,4429,8,1,3,W-00071|W-00072|W-00073
main/base/qwen3.5-9b/full_load/s14,4650,8,2,1,W-00074
main/base/qwen3.5-9b/full_load/s14,4660,8,2,2,W-00075|W-00076
main/base/qwen3.5-9b/full_load/s14,4731,8,2,4,W-00077|W-00078|W-00079|W-00080
main/base/qwen3.5-9b/full_load/s14,5085,9,1,1,W-00081
main/base/qwen3.5-9b/full_load/s14,5092,9,1,5,W-00082|W-00083|W-00084|W-00085|W-00086
main/base/qwen3.5-9b/full_load/s14,5321,9,2,3,W-00087|W-00088|W-00089
main/base/qwen3.5-9b/full_load/s14,5367,9,2,1,W-00090
main/base/qwen3.5-9b/full_load/s14,5595,10,1,2,W-00091|W-00092
main/base/qwen3.5-9b/full_load/s14,5744,10,2,4,W-00093|W-00094|W-00095|W-00096
main/base/qwen3.5-9b/full_load/s14,5925,10,3,2,W-00097|W-00098
main/base/qwen3.5-9b/full_load/s14,5960,10,3,2,W-00099|W-00100
main/base/qwen3.5-9b/full_load/s14,6188,11,1,2,W-00101|W-00102
main/base/qwen3.5-9b/full_load/s14,6247,11,1,2,W-00103|W-00104
main/base/qwen3.5-9b/full_load/s14,6430,11,3,6,W-00105|W-00106|W-00107|W-00108|W-00109|W-00110
main/base/qwen3.5-9b/full_load/s14,6738,12,1,4,W-00111|W-00112|W-00113|W-00114
main/base/qwen3.5-9b/full_load/s14,6912,12,2,3,W-00115|W-00116|W-00117
main/base/qwen3.5-9b/full_load/s14,7117,12,3,3,W-00118|W-00119|W-00120
main/base/qwen3.5-9b/full_load/s14,7267,13,1,3,W-00121|W-00122|W-00123
main/base/qwen3.5-9b/full_load/s14,7449,13,2,5,W-00124|W-00125|W-00126|W-00127|W-00128
main/base/qwen3.5-9b/full_load/s14,7650,13,3,2,W-00129|W-00130
main/base/qwen3.5-9b/full_load/s14,7887,14,1,2,W-00131|W-00132
main/base/qwen3.5-9b/full_load/s14,7998,14,1,1,W-00133
main/base/qwen3.5-9b/full_load/s14,8124,14,2,3,W-00134|W-00135|W-00136
main/base/qwen3.5-9b/full_load/s14,8261,14,3,4,W-00137|W-00138|W-00139|W-00140
main/base/qwen3.5-9b/full_load/s14,8453,15,1,4,W-00141|W-00142|W-00143|W-00144
main/base/qwen3.5-9b/full_load/s14,8821,15,2,2,W-00145|W-00146
main/base/qwen3.5-9b/full_load/s14,8924,15,3,1,W-00147
main/base/qwen3.5-9b/full_load/s14,8973,15,3,3,W-00148|W-00149|W-00150
main/base/qwen3.5-9b/full_load/s14,9232,16,1,4,W-00151|W-00152|W-00153|W-00154
main/base/qwen3.5-9b/full_load/s14,9480,16,2,6,W-00155|W-00156|W-00157|W-00158|W-00159|W-00160
main/base/qwen3.5-9b/full_load/s14,9914,17,1,3,W-00161|W-00162|W-00163
main/base/qwen3.5-9b/full_load/s14,10062,17,2,1,W-00164
main/base/qwen3.5-9b/full_load/s14,10079,17,2,2,W-00165|W-00166
main/base/qwen3.5-9b/full_load/s14,10203,17,3,1,W-00167
main/base/qwen3.5-9b/full_load/s14,10222,17,3,1,W-00168
main/base/qwen3.5-9b/full_load/s14,10234,17,3,1,W-00169
main/base/qwen3.5-9b/full_load/s14,10246,17,3,1,W-00170
main/base/qwen3.5-9b/full_load/s14,10419,18,1,3,W-00171|W-00172|W-00173
main/base/qwen3.5-9b/full_load/s14,10646,18,2,2,W-00174|W-00175
main/base/qwen3.5-9b/full_load/s14,10676,18,2,1,W-00176
main/base/qwen3.5-9b/full_load/s14,10766,18,3,1,W-00177
main/base/qwen3.5-9b/full_load/s14,10816,18,3,2,W-00178|W-00179
main/base/qwen3.5-9b/full_load/s14,11443,18,3,1,W-00180
main/base/qwen3.5-9b/full_load/s14,11619,19,1,5,W-00181|W-00182|W-00183|W-00184|W-00185
main/base/qwen3.5-9b/full_load/s14,11861,19,2,1,W-00186
main/base/qwen3.5-9b/full_load/s14,11886,19,2,1,W-00187
main/base/qwen3.5-9b/full_load/s14,11928,19,2,1,W-00188
main/base/qwen3.5-9b/full_load/s14,12061,19,3,2,W-00189|W-00190
main/base/qwen3.5-9b/full_load/s14,12217,20,1,4,W-00191|W-00192|W-00193|W-00194
main/base/qwen3.5-9b/full_load/s14,12349,20,1,1,W-00195
main/base/qwen3.5-9b/full_load/s14,12522,20,2,1,W-00196
main/base/qwen3.5-9b/full_load/s14,12602,20,3,2,W-00197|W-00198
main/base/qwen3.5-9b/full_load/s14,12689,20,3,2,W-00199|W-00200
main/base/qwen3.5-9b/full_load/s14,12944,21,1,2,W-00201|W-00202
main/base/qwen3.5-9b/full_load/s14,13062,21,1,2,W-00203|W-00204
main/base/qwen3.5-9b/full_load/s14,13187,21,2,4,W-00205|W-00206|W-00207|W-00208
main/base/qwen3.5-9b/full_load/s14,13365,21,3,2,W-00209|W-00210
main/base/qwen3.5-9b/ingress/s12,136,1,1,1,W-00001
main/base/qwen3.5-9b/ingress/s12,326,1,1,1,W-00002
main/base/qwen3.5-9b/ingress/s12,480,1,1,6,W-00003|W-00004|W-00005|W-00006|W-00007|W-00008
main/base/qwen3.5-9b/ingress/s12,2006,1,2,2,W-00009|W-00010
main/base/qwen3.5-9b/ingress/s12,2361,2,1,3,W-00011|W-00012|W-00013
main/base/qwen3.5-9b/ingress/s12,3232,2,2,4,W-00014|W-00015|W-00016|W-00017
main/base/qwen3.5-9b/ingress/s12,3617,2,3,3,W-00018|W-00019|W-00020
main/base/qwen3.5-9b/ingress/s12,4120,3,1,2,W-00021|W-00022
main/base/qwen3.5-9b/ingress/s12,4247,3,1,1,W-00023
main/base/qwen3.5-9b/ingress/s12,4339,3,1,1,W-00024
main/base/qwen3.5-9b/ingress/s12,4404,3,2,1,W-00025
main/base/qwen3.5-9b/ingress/s12,4755,3,2,1,W-00026
main/base/qwen3.5-9b/ingress/s12,4959,3,3,4,W-00027|W-00028|W-00029|W-00030
main/base/qwen3.5-9b/ingress/s12,6374,4,1,2,W-00031|W-00032
main/base/qwen3.5-9b/ingress/s12,6767,4,1,1,W-00033
main/base/qwen3.5-9b/ingress/s12,6912,4,2,3,W-00034|W-00035|W-00036
main/base/qwen3.5-9b/ingress/s12,7630,4,3,2,W-00037|W-00038
main/base/qwen3.5-9b/ingress/s12,7782,4,3,2,W-00039|W-00040
main/base/qwen3.5-9b/ingress/s12,8226,5,1,2,W-00041|W-00042
main/base/qwen3.5-9b/ingress/s12,9112,5,2,3,W-00043|W-00044|W-00045
main/base/qwen3.5-9b/ingress/s12,9681,5,2,1,W-00046
main/base/qwen3.5-9b/ingress/s12,9915,5,3,4,W-00047|W-00048|W-00049|W-00050
main/base/qwen3.5-9b/ingress/s12,10888,6,1,1,W-00051
main/base/qwen3.5-9b/ingress/s12,11037,6,2,2,W-00052|W-00053
main/base/qwen3.5-9b/ingress/s12,11376,6,3,1,W-00054
main/base/qwen3.5-9b/ingress/s12,11742,6,3,3,W-00055|W-00056|W-00057
main/base/qwen3.5-9b/ingress/s12,12298,6,3,3,W-00058|W-00059|W-00060
main/base/qwen3.5-9b/ingress/s12,13488,7,1,2,W-00061|W-00062
main/base/qwen3.5-9b/ingress/s12,13787,7,1,1,W-00063
main/base/qwen3.5-9b/ingress/s12,14168,7,2,3,W-00064|W-00065|W-00066
main/base/qwen3.5-9b/ingress/s12,14607,7,2,1,W-00067
main/base/qwen3.5-9b/ingress/s12,15083,7,3,3,W-00068|W-00069|W-00070
main/base/qwen3.5-9b/ingress/s12,15652,8,1,1,W-00071
main/base/qwen3.5-9b/ingress/s12,15797,8,1,2,W-00072|W-00073
main/base/qwen3.5-9b/ingress/s12,16063,8,2,3,W-00074|W-00075|W-00076
main/base/qwen3.5-9b/ingress/s12,16444,8,3,4,W-00077|W-00078|W-00079|W-00080
main/base/qwen3.5-9b/ingress/s12,17290,9,1,2,W-00081|W-00082
main/base/qwen3.5-9b/ingress/s12,17441,9,1,1,W-00083
main/base/qwen3.5-9b/ingress/s12,17738,9,2,4,W-00084|W-00085|W-00086|W-00087
main/base/qwen3.5-9b/ingress/s12,18287,9,3,3,W-00088|W-00089|W-00090
main/base/qwen3.5-9b/ingress/s12,19228,10,1,3,W-00091|W-00092|W-00093
main/base/qwen3.5-9b/ingress/s12,19746,10,2,3,W-00094|W-00095|W-00096
main/base/qwen3.5-9b/ingress/s12,21200,10,2,2,W-00097|W-00098
main/base/qwen3.5-9b/ingress/s12,22052,10,3,1,W-00099
main/base/qwen3.5-9b/ingress/s12,22212,10,3,1,W-00100
main/base/qwen3.5-9b/ingress/s12,22429,11,1,2,W-00101|W-00102
main/base/qwen3.5-9b/ingress/s12,23012,11,2,3,W-00103|W-00104|W-00105
main/base/qwen3.5-9b/ingress/s12,23767,11,2,1,W-00106
main/base/qwen3.5-9b/ingress/s12,23903,11,2,2,W-00107|W-00108
main/base/qwen3.5-9b/ingress/s12,24714,11,3,2,W-00109|W-00110
main/base/qwen3.5-9b/ingress/s12,25151,12,1,2,W-00111|W-00112
main/base/qwen3.5-9b/ingress/s12,25886,12,1,2,W-00113|W-00114
main/base/qwen3.5-9b/ingress/s12,26239,12,2,2,W-00115|W-00116
main/base/qwen3.5-9b/ingress/s12,26585,12,3,2,W-00117|W-00118
main/base/qwen3.5-9b/ingress/s12,26712,12,3,2,W-00119|W-00120
main/base/qwen3.5-9b/ingress/s12,27075,13,1,2,W-00121|W-00122
main/base/qwen3.5-9b/ingress/s12,27259,13,1,3,W-00123|W-00124|W-00125
main/base/qwen3.5-9b/ingress/s12,27633,13,2,2,W-00126|W-00127
main/base/qwen3.5-9b/ingress/s12,28037,13,3,1,W-00128
main/base/qwen3.5-9b/ingress/s12,28095,13,3,1,W-00129
main/base/qwen3.5-9b/ingress/s12,28324,13,3,1,W-00130
main/base/qwen3.5-9b/ingress/s12,28695,14,1,1,W-00131
main/base/qwen3.5-9b/ingress/s12,28862,14,2,3,W-00132|W-00133|W-00134
main/base/qwen3.5-9b/ingress/s12,30098,14,3,2,W-00135|W-00136
main/base/qwen3.5-9b/ingress/s12,30680,14,3,1,W-00137
main/base/qwen3.5-9b/ingress/s12,31005,14,3,2,W-00138|W-00139
main/base/qwen3.5-9b/ingress/s12,31233,14,3,1,W-00140
main/base/qwen3.5-9b/ingress/s12,31486,15,1,2,W-00141|W-00142
main/base/qwen3.5-9b/ingress/s12,31674,15,1,1,W-00143
main/base/qwen3.5-9b/ingress/s12,32015,15,2,5,W-00144|W-00145|W-00146|W-00147|W-00148
main/base/qwen3.5-9b/ingress/s12,32670,15,3,2,W-00149|W-00150
main/base/qwen3.5-9b/ingress/s13,100,1,1,1,W-00001
main/base/qwen3.5-9b/ingress/s13,379,1,2,6,W-00002|W-00003|W-00004|W-00005|W-00006|W-00007
main/base/qwen3.5-9b/ingress/s13,1062,1,3,3,W-00008|W-00009|W-00010
main/base/qwen3.5-9b/ingress/s13,1519,2,1,5,W-00011|W-00012|W-00013|W-00014|W-00015
main/base/qwen3.5-9b/ingress/s13,2206,2,2,2,W-00016|W-00017
main/base/qwen3.5-9b/ingress/s13,2339,2,2,1,W-00018
main/base/qwen3.5-9b/ingress/s13,2489,2,3,2,W-00019|W-00020
main/base/qwen3.5-9b/ingress/s13,3089,3,1,4,W-00021|W-00022|W-00023|W-00024
main/base/qwen3.5-9b/ingress/s13,4027,3,2,1,W-00025
main/base/qwen3.5-9b/ingress/s13,4063,3,2,3,W-00026|W-00027|W-00028
main/base/qwen3.5-9b/ingress/s13,4544,3,3,1,W-00029
main/base/qwen3.5-9b/ingress/s13,4608,3,3,1,W-00030
main/base/qwen3.5-9b/ingress/s13,4765,4,1,2,W-00031|W-00032
main/base/qwen3.5-9b/ingress/s13,5319,4,2,2,W-00033|W-00034
main/base/qwen3.5-9b/ingress/s13,5867,4,2,1,W-00035
main/base/qwen3.5-9b/ingress/s13,6037,4,3,1,W-00036
main/base/qwen3.5-9b/ingress/s13,6191,4,3,4,W-00037|W-00038|W-00039|W-00040
main/base/qwen3.5-9b/ingress/s13,6883,5,1,2,W-00041|W-00042
main/base/qwen3.5-9b/ingress/s13,7206,5,2,4,W-00043|W-00044|W-00045|W-00046
main/base/qwen3.5-9b/ingress/s13,8273,5,3,1,W-00047
main/base/qwen3.5-9b/ingress/s13,8692,5,3,3,W-00048|W-00049|W-00050
main/base/qwen3.5-9b/ingress/s13,9138,6,1,1,W-00051
main/base/qwen3.5-9b/ingress/s13,9222,6,1,1,W-00052
main/base/qwen3.5-9b/ingress/s13,9390,6,1,1,W-00053
main/base/qwen3.5-9b/ingress/s13,9460,6,1,2,W-00054|W-00055
main/base/qwen3.5-9b/ingress/s13,9793,6,2,2,W-00056|W-00057
main/base/qwen3.5-9b/ingress/s13,10053,6,3,1,W-00058
main/base/qwen3.5-9b/ingress/s13,10230,6,3,1,W-00059
main/base/qwen3.5-9b/ingress/s13,10781,6,3,1,W-00060
main/base/qwen3.5-9b/ingress/s13,11348,7,1,4,W-00061|W-00062|W-00063|W-00064
main/base/qwen3.5-9b/ingress/s13,12151,7,2,2,W-00065|W-00066
main/base/qwen3.5-9b/ingress/s13,12464,7,3,2,W-00067|W-00068
main/base/qwen3.5-9b/ingress/s13,12644,7,3,2,W-00069|W-00070
main/base/qwen3.5-9b/ingress/s13,13127,8,1,5,W-00071|W-00072|W-00073|W-00074|W-00075
main/base/qwen3.5-9b/ingress/s13,14058,8,2,2,W-00076|W-00077
main/base/qwen3.5-9b/ingress/s13,14297,8,2,1,W-00078
main/base/qwen3.5-9b/ingress/s13,14485,8,3,2,W-00079|W-00080
main/base/qwen3.5-9b/ingress/s13,14989,9,1,1,W-00081
main/base/qwen3.5-9b/ingress/s13,15120,9,1,1,W-00082
main/base/qwen3.5-9b/ingress/s13,15316,9,1,2,W-00083|W-00084
main/base/qwen3.5-9b/ingress/s13,15707,9,2,1,W-00085
main/base/qwen3.5-9b/ingress/s13,15884,9,3,1,W-00086
main/base/qwen3.5-9b/ingress/s13,15934,9,3,2,W-00087|W-00088
main/base/qwen3.5-9b/ingress/s13,16294,9,3,1,W-00089
main/base/qwen3.5-9b/ingress/s13,16417,9,3,1,W-00090
main/base/qwen3.5-9b/ingress/s13,16627,10,1,1,W-00091
main/base/qwen3.5-9b/ingress/s13,16674,10,1,1,W-00092
main/base/qwen3.5-9b/ingress/s13,16852,10,1,2,W-00093|W-00094
main/base/qwen3.5-9b/ingress/s13,17271,10,2,3,W-00095|W-00096|W-00097
main/base/qwen3.5-9b/ingress/s13,18238,10,3,3,W-00098|W-00099|W-00100
main/base/qwen3.5-9b/ingress/s13,18761,11,2,1,W-00101
main/base/qwen3.5-9b/ingress/s13,19203,11,2,1,W-00102
main/base/qwen3.5-9b/ingress/s13,19482,11,2,4,W-00103|W-00104|W-00105|W-00106
main/base/qwen3.5-9b/ingress/s13,20517,11,3,4,W-00107|W-00108|W-00109|W-00110
main/base/qwen3.5-9b/ingress/s13,21312,12,1,1,W-00111
main/base/qwen3.5-9b/ingress/s13,21503,12,1,2,W-00112|W-00113
main/base/qwen3.5-9b/ingress/s13,22142,12,2,2,W-00114|W-00115
main/base/qwen3.5-9b/ingress/s13,22700,12,3,1,W-00116
main/base/qwen3.5-9b/ingress/s13,22829,12,3,1,W-00117
main/base/qwen3.5-9b/ingress/s13,22839,12,3,3,W-00118|W-00119|W-00120
main/base/qwen3.5-9b/ingress/s13,23765,13,1,4,W-00121|W-00122|W-00123|W-00124
main/base/qwen3.5-9b/ingress/s13,25411,13,1,2,W-00125|W-00126
main/base/qwen3.5-9b/ingress/s13,26428,13,2,2,W-00127|W-00128
main/base/qwen3.5-9b/ingress/s13,27062,13,3,2,W-00129|W-00130
main/base/qwen3.5-9b/ingress/s13,27614,14,1,1,W-00131
main/base/qwen3.5-9b/ingress/s13,27722,14,2,3,W-00132|W-00133|W-00134
main/base/qwen3.5-9b/ingress/s13,28659,14,2,2,W-00135|W-00136
main/base/qwen3.5-9b/ingress/s13,28881,14,3,1,W-00137
main/base/qwen3.5-9b/ingress/s13,29099,14,3,3,W-00138|W-00139|W-00140
main/base/qwen3.5-9b/ingress/s13,29401,15,1,3,W-00141|W-00142|W-00143
main/base/qwen3.5-9b/ingress/s13,30083,15,1,2,W-00144|W-00145
main/base/qwen3.5-9b/ingress/s13,30499,15,2,2,W-00146|W-00147
main/base/qwen3.5-9b/ingress/s13,30990,15,3,3,W-00148|W-00149|W-00150
main/base/qwen3.5-9b/ingress/s14,125,1,1,1,W-00001
main/base/qwen3.5-9b/ingress/s14,535,1,1,1,W-00002
main/base/qwen3.5-9b/ingress/s14,933,1,1,2,W-00003|W-00004
main/base/qwen3.5-9b/ingress/s14,1060,1,1,1,W-00005
main/base/qwen3.5-9b/ingress/s14,1254,1,2,3,W-00006|W-00007|W-00008
main/base/qwen3.5-9b/ingress/s14,2267,1,3,2,W-00009|W-00010
main/base/qwen3.5-9b/ingress/s14,2517,2,1,4,W-00011|W-00012|W-00013|W-00014
main/base/qwen3.5-9b/ingress/s14,3448,2,2,1,W-00015
main/base/qwen3.5-9b/ingress/s14,3541,2,2,1,W-00016
main/base/qwen3.5-9b/ingress/s14,3872,2,3,4,W-00017|W-00018|W-00019|W-00020
main/base/qwen3.5-9b/ingress/s14,4506,3,1,2,W-00021|W-00022
main/base/qwen3.5-9b/ingress/s14,4859,3,2,1,W-00023
main/base/qwen3.5-9b/ingress/s14,5100,3,2,3,W-00024|W-00025|W-00026
main/base/qwen3.5-9b/ingress/s14,5654,3,3,2,W-00027|W-00028
main/base/qwen3.5-9b/ingress/s14,6234,3,3,1,W-00029
main/base/qwen3.5-9b/ingress/s14,6483,3,3,1,W-00030
main/base/qwen3.5-9b/ingress/s14,6914,4,1,4,W-00031|W-00032|W-00033|W-00034
main/base/qwen3.5-9b/ingress/s14,7509,4,2,2,W-00035|W-00036
main/base/qwen3.5-9b/ingress/s14,8291,4,3,2,W-00037|W-00038
main/base/qwen3.5-9b/ingress/s14,8643,4,3,2,W-00039|W-00040
main/base/qwen3.5-9b/ingress/s14,8980,5,1,2,W-00041|W-00042
main/base/qwen3.5-9b/ingress/s14,9296,5,1,1,W-00043
main/base/qwen3.5-9b/ingress/s14,9630,5,2,3,W-00044|W-00045|W-00046
main/base/qwen3.5-9b/ingress/s14,10167,5,3,2,W-00047|W-00048
main/base/qwen3.5-9b/ingress/s14,10463,5,3,1,W-00049
main/base/qwen3.5-9b/ingress/s14,10642,5,3,1,W-00050
main/base/qwen3.5-9b/ingress/s14,10914,6,1,1,W-00051
main/base/qwen3.5-9b/ingress/s14,11116,6,2,1,W-00052
main/base/qwen3.5-9b/ingress/s14,11217,6,2,3,W-00053|W-00054|W-00055
main/base/qwen3.5-9b/ingress/s14,11867,6,2,1,W-00056
main/base/qwen3.5-9b/ingress/s14,11964,6,3,1,W-00057
main/base/qwen3.5-9b/ingress/s14,12230,6,3,1,W-00058
main/base/qwen3.5-9b/ingress/s14,12284,6,3,1,W-00059
main/base/qwen3.5-9b/ingress/s14,12572,6,3,1,W-00060
main/base/qwen3.5-9b/ingress/s14,13074,7,1,3,W-00061|W-00062|W-00063
main/base/qwen3.5-9b/ingress/s14,13429,7,2,2,W-00064|W-00065
main/base/qwen3.5-9b/ingress/s14,13759,7,2,2,W-00066|W-00067
main/base/qwen3.5-9b/ingress/s14,14799,7,3,3,W-00068|W-00069|W-00070
main/base/qwen3.5-9b/ingress/s14,15248,8,1,3,W-00071|W-00072|W-00073
main/base/qwen3.5-9b/ingress/s14,16108,8,2,1,W-00074
main/base/qwen3.5-9b/ingress/s14,16193,8,2,2,W-00075|W-00076
main/base/qwen3.5-9b/ingress/s14,16636,8,2,4,W-00077|W-00078|W-00079|W-00080
main/base/qwen3.5-9b/ingress/s14,17598,9,1,1,W-00081
main/base/qwen3.5-9b/ingress/s14,17602,9,1,5,W-00082|W-00083|W-00084|W-00085|W-00086
main/base/qwen3.5-9b/ingress/s14,18278,9,2,3,W-00087|W-00088|W-00089
main/base/qwen3.5-9b/ingress/s14,18809,9,2,1,W-00090
main/base/qwen3.5-9b/ingress/s14,19108,10,1,2,W-00091|W-00092
main/base/qwen3.5-9b/ingress/s14,19827,10,2,4,W-00093|W-00094|W-00095|W-00096
main/base/qwen3.5-9b/ingress/s14,20473,10,3,2,W-00097|W-00098
main/base/qwen3.5-9b/ingress/s14,20905,10,3,2,W-00099|W-00100
main/base/qwen3.5-9b/ingress/s14,21646,11,1,2,W-00101|W-00102
main/base/qwen3.5-9b/ingress/s14,22332,11,1,2,W-00103|W-00104
main/base/qwen3.5-9b/ingress/s14,22664,11,3,6,W-00105|W-00106|W-00107|W-00108|W-00109|W-00110
main/base/qwen3.5-9b/ingress/s14,24215,12,1,4,W-00111|W-00112|W-00113|W-00114
main/base/qwen3.5-9b/ingress/s14,24955,12,2,3,W-00115|W-00116|W-00117
main/base/qwen3.5-9b/ingress/s14,25693,12,3,3,W-00118|W-00119|W-00120
main/base/qwen3.5-9b/ingress/s14,26142,13,1,3,W-00121|W-00122|W-00123
main/base/qwen3.5-9b/ingress/s14,27274,13,2,5,W-00124|W-00125|W-00126|W-00127|W-00128
main/base/qwen3.5-9b/ingress/s14,28209,13,3,2,W-00129|W-00130
main/base/qwen3.5-9b/ingress/s14,28965,14,1,2,W-00131|W-00132
main/base/qwen3.5-9b/ingress/s14,30374,14,1,1,W-00133
main/base/qwen3.5-9b/ingress/s14,30688,14,2,3,W-00134|W-00135|W-00136
main/base/qwen3.5-9b/ingress/s14,31494,14,3,4,W-00137|W-00138|W-00139|W-00140
main/base/qwen3.5-9b/ingress/s14,32243,15,1,4,W-00141|W-00142|W-00143|W-00144
main/base/qwen3.5-9b/ingress/s14,33490,15,2,2,W-00145|W-00146
main/base/qwen3.5-9b/ingress/s14,33827,15,3,1,W-00147
main/base/qwen3.5-9b/ingress/s14,33989,15,3,3,W-00148|W-00149|W-00150
main/base/qwen3.5-9b/routing/s12,136,1,1,1,W-00001
main/base/qwen3.5-9b/routing/s12,293,1,1,1,W-00002
main/base/qwen3.5-9b/routing/s12,405,1,1,6,W-00003|W-00004|W-00005|W-00006|W-00007|W-00008
main/base/qwen3.5-9b/routing/s12,2541,1,2,2,W-00009|W-00010
main/base/qwen3.5-9b/routing/s12,2914,2,1,3,W-00011|W-00012|W-00013
main/base/qwen3.5-9b/routing/s12,3242,2,2,4,W-00014|W-00015|W-00016|W-00017
main/base/qwen3.5-9b/routing/s12,3888,2,3,3,W-00018|W-00019|W-00020
main/base/qwen3.5-9b/routing/s12,4316,3,1,2,W-00021|W-00022
main/base/qwen3.5-9b/routing/s12,4714,3,1,1,W-00023
main/base/qwen3.5-9b/routing/s12,4800,3,1,1,W-00024
main/base/qwen3.5-9b/routing/s12,4906,3,2,1,W-00025
main/base/qwen3.5-9b/routing/s12,5271,3,2,1,W-00026
main/base/qwen3.5-9b/routing/s12,5459,3,3,4,W-00027|W-00028|W-00029|W-00030
main/base/qwen3.5-9b/routing/s12,6462,4,1,2,W-00031|W-00032
main/base/qwen3.5-9b/routing/s12,6836,4,1,1,W-00033
main/base/qwen3.5-9b/routing/s12,6945,4,2,3,W-00034|W-00035|W-00036
main/base/qwen3.5-9b/routing/s12,7364,4,3,2,W-00037|W-00038
main/base/qwen3.5-9b/routing/s12,7545,4,3,2,W-00039|W-00040
main/base/qwen3.5-9b/routing/s12,7942,5,1,2,W-00041|W-00042
main/base/qwen3.5-9b/routing/s12,8378,5,2,3,W-00043|W-00044|W-00045
main/base/qwen3.5-9b/routing/s12,8734,5,2,1,W-00046
main/base/qwen3.5-9b/routing/s12,9017,5,3,4,W-00047|W-00048|W-00049|W-00050
main/base/qwen3.5-9b/routing/s12,10193,6,1,1,W-00051
main/base/qwen3.5-9b/routing/s12,10342,6,2,2,W-00052|W-00053
main/base/qwen3.5-9b/routing/s12,10664,6,3,1,W-00054
main/base/qwen3.5-9b/routing/s12,10713,6,3,3,W-00055|W-00056|W-00057
main/base/qwen3.5-9b/routing/s12,11140,6,3,3,W-00058|W-00059|W-00060
main/base/qwen3.5-9b/routing/s12,11692,7,1,2,W-00061|W-00062
main/base/qwen3.5-9b/routing/s12,11938,7,1,1,W-00063
main/base/qwen3.5-9b/routing/s12,12306,7,2,3,W-00064|W-00065|W-00066
main/base/qwen3.5-9b/routing/s12,12641,7,2,1,W-00067
main/base/qwen3.5-9b/routing/s12,12918,7,3,3,W-00068|W-00069|W-00070
main/base/qwen3.5-9b/routing/s12,13308,8,1,1,W-00071
main/base/qwen3.5-9b/routing/s12,13466,8,1,2,W-00072|W-00073
main/base/qwen3.5-9b/routing/s12,13692,8,2,3,W-00074|W-00075|W-00076
main/base/qwen3.5-9b/routing/s12,14119,8,3,4,W-00077|W-00078|W-00079|W-00080
main/base/qwen3.5-9b/routing/s12,14932,9,1,2,W-00081|W-00082
main/base/qwen3.5-9b/routing/s12,14994,9,1,1,W-00083
main/base/qwen3.5-9b/routing/s12,15270,9,2,4,W-00084|W-00085|W-00086|W-00087
main/base/qwen3.5-9b/routing/s12,16660,9,3,3,W-00088|W-00089|W-00090
main/base/qwen3.5-9b/routing/s12,17646,10,1,3,W-00091|W-00092|W-00093
main/base/qwen3.5-9b/routing/s12,18062,10,2,3,W-00094|W-00095|W-00096
main/base/qwen3.5-9b/routing/s12,18811,10,2,2,W-00097|W-00098
main/base/qwen3.5-9b/routing/s12,19577,10,3,1,W-00099
main/base/qwen3.5-9b/routing/s12,19618,10,3,1,W-00100
main/base/qwen3.5-9b/routing/s12,19862,11,1,2,W-00101|W-00102
main/base/qwen3.5-9b/routing/s12,20284,11,2,3,W-00103|W-00104|W-00105
main/base/qwen3.5-9b/routing/s12,21458,11,2,1,W-00106
main/base/qwen3.5-9b/routing/s12,21650,11,2,2,W-00107|W-00108
main/base/qwen3.5-9b/routing/s12,22102,11,3,2,W-00109|W-00110
main/base/qwen3.5-9b/routing/s12,22553,12,1,2,W-00111|W-00112
main/base/qwen3.5-9b/routing/s12,22878,12,1,2,W-00113|W-00114
main/base/qwen3.5-9b/routing/s12,23263,12,2,2,W-00115|W-00116
main/base/qwen3.5-9b/routing/s12,23474,12,3,2,W-00117|W-00118
main/base/qwen3.5-9b/routing/s12,23577,12,3,2,W-00119|W-00120
main/base/qwen3.5-9b/routing/s12,24219,13,1,2,W-00121|W-00122
main/base/qwen3.5-9b/routing/s12,24768,13,1,3,W-00123|W-00124|W-00125
main/base/qwen3.5-9b/routing/s12,25277,13,2,2,W-00126|W-00127
main/base/qwen3.5-9b/routing/s12,25577,13,3,1,W-00128
main/base/qwen3.5-9b/routing/s12,25648,13,3,1,W-00129
main/base/qwen3.5-9b/routing/s12,25785,13,3,1,W-00130
main/base/qwen3.5-9b/routing/s12,26108,14,1,1,W-00131
main/base/qwen3.5-9b/routing/s12,26421,14,2,3,W-00132|W-00133|W-00134
main/base/qwen3.5-9b/routing/s12,27337,14,3,2,W-00135|W-00136
main/base/qwen3.5-9b/routing/s12,27586,14,3,1,W-00137
main/base/qwen3.5-9b/routing/s12,27846,14,3,2,W-00138|W-00139
main/base/qwen3.5-9b/routing/s12,28004,14,3,1,W-00140
main/base/qwen3.5-9b/routing/s12,28245,15,1,2,W-00141|W-00142
main/base/qwen3.5-9b/routing/s12,28649,15,1,1,W-00143
main/base/qwen3.5-9b/routing/s12,28962,15,2,5,W-00144|W-00145|W-00146|W-00147|W-00148
main/base/qwen3.5-9b/routing/s12,30326,15,3,2,W-00149|W-00150
main/base/qwen3.5-9b/routing/s13,100,1,1,1,W-00001
main/base/qwen3.5-9b/routing/s13,298,1,2,6,W-00002|W-00003|W-00004|W-00005|W-00006|W-00007
main/base/qwen3.5-9b/routing/s13,1416,1,3,3,W-00008|W-00009|W-00010
main/base/qwen3.5-9b/routing/s13,1983,2,1,5,W-00011|W-00012|W-00013|W-00014|W-00015
main/base/qwen3.5-9b/routing/s13,2766,2,2,2,W-00016|W-00017
main/base/qwen3.5-9b/routing/s13,3165,2,2,1,W-00018
main/base/qwen3.5-9b/routing/s13,3315,2,3,2,W-00019|W-00020
main/base/qwen3.5-9b/routing/s13,3819,3,1,4,W-00021|W-00022|W-00023|W-00024
main/base/qwen3.5-9b/routing/s13,4803,3,2,1,W-00025
main/base/qwen3.5-9b/routing/s13,5001,3,2,3,W-00026|W-00027|W-00028
main/base/qwen3.5-9b/routing/s13,5319,3,3,1,W-00029
main/base/qwen3.5-9b/routing/s13,5427,3,3,1,W-00030
main/base/qwen3.5-9b/routing/s13,5584,4,1,2,W-00031|W-00032
main/base/qwen3.5-9b/routing/s13,5735,4,2,2,W-00033|W-00034
main/base/qwen3.5-9b/routing/s13,6811,4,2,1,W-00035
main/base/qwen3.5-9b/routing/s13,6955,4,3,1,W-00036
main/base/qwen3.5-9b/routing/s13,7147,4,3,4,W-00037|W-00038|W-00039|W-00040
main/base/qwen3.5-9b/routing/s13,7925,5,1,2,W-00041|W-00042
main/base/qwen3.5-9b/routing/s13,8390,5,2,4,W-00043|W-00044|W-00045|W-00046
main/base/qwen3.5-9b/routing/s13,9156,5,3,1,W-00047
main/base/qwen3.5-9b/routing/s13,9415,5,3,3,W-00048|W-00049|W-00050
main/base/qwen3.5-9b/routing/s13,9652,6,1,1,W-00051
main/base/qwen3.5-9b/routing/s13,9856,6,1,1,W-00052
main/base/qwen3.5-9b/routing/s13,10076,6,1,1,W-00053
main/base/qwen3.5-9b/routing/s13,10153,6,1,2,W-00054|W-00055
main/base/qwen3.5-9b/routing/s13,10624,6,2,2,W-00056|W-00057
main/base/qwen3.5-9b/routing/s13,11053,6,3,1,W-00058
main/base/qwen3.5-9b/routing/s13,11120,6,3,1,W-00059
main/base/qwen3.5-9b/routing/s13,11593,6,3,1,W-00060
main/base/qwen3.5-9b/routing/s13,11967,7,1,4,W-00061|W-00062|W-00063|W-00064
main/base/qwen3.5-9b/routing/s13,12444,7,2,2,W-00065|W-00066
main/base/qwen3.5-9b/routing/s13,12928,7,3,2,W-00067|W-00068
main/base/qwen3.5-9b/routing/s13,13243,7,3,2,W-00069|W-00070
main/base/qwen3.5-9b/routing/s13,13574,8,1,5,W-00071|W-00072|W-00073|W-00074|W-00075
main/base/qwen3.5-9b/routing/s13,14047,8,2,2,W-00076|W-00077
main/base/qwen3.5-9b/routing/s13,14269,8,2,1,W-00078
main/base/qwen3.5-9b/routing/s13,14510,8,3,2,W-00079|W-00080
main/base/qwen3.5-9b/routing/s13,14903,9,1,1,W-00081
main/base/qwen3.5-9b/routing/s13,15054,9,1,1,W-00082
main/base/qwen3.5-9b/routing/s13,15139,9,1,2,W-00083|W-00084
main/base/qwen3.5-9b/routing/s13,15608,9,2,1,W-00085
main/base/qwen3.5-9b/routing/s13,15760,9,3,1,W-00086
main/base/qwen3.5-9b/routing/s13,15917,9,3,2,W-00087|W-00088
main/base/qwen3.5-9b/routing/s13,16222,9,3,1,W-00089
main/base/qwen3.5-9b/routing/s13,16624,9,3,1,W-00090
main/base/qwen3.5-9b/routing/s13,16843,10,1,1,W-00091
main/base/qwen3.5-9b/routing/s13,16953,10,1,1,W-00092
main/base/qwen3.5-9b/routing/s13,17242,10,1,2,W-00093|W-00094
main/base/qwen3.5-9b/routing/s13,17576,10,2,3,W-00095|W-00096|W-00097
main/base/qwen3.5-9b/routing/s13,18534,10,3,3,W-00098|W-00099|W-00100
main/base/qwen3.5-9b/routing/s13,19122,11,2,1,W-00101
main/base/qwen3.5-9b/routing/s13,19433,11,2,1,W-00102
main/base/qwen3.5-9b/routing/s13,19807,11,2,4,W-00103|W-00104|W-00105|W-00106
main/base/qwen3.5-9b/routing/s13,21365,11,3,4,W-00107|W-00108|W-00109|W-00110
main/base/qwen3.5-9b/routing/s13,21948,12,1,1,W-00111
main/base/qwen3.5-9b/routing/s13,22102,12,1,2,W-00112|W-00113
main/base/qwen3.5-9b/routing/s13,22598,12,2,2,W-00114|W-00115
main/base/qwen3.5-9b/routing/s13,22856,12,3,1,W-00116
main/base/qwen3.5-9b/routing/s13,22970,12,3,1,W-00117
main/base/qwen3.5-9b/routing/s13,22980,12,3,3,W-00118|W-00119|W-00120
main/base/qwen3.5-9b/routing/s13,23652,13,1,4,W-00121|W-00122|W-00123|W-00124
main/base/qwen3.5-9b/routing/s13,24291,13,1,2,W-00125|W-00126
main/base/qwen3.5-9b/routing/s13,24880,13,2,2,W-00127|W-00128
main/base/qwen3.5-9b/routing/s13,25331,13,3,2,W-00129|W-00130
main/base/qwen3.5-9b/routing/s13,25870,14,1,1,W-00131
main/base/qwen3.5-9b/routing/s13,26399,14,2,3,W-00132|W-00133|W-00134
main/base/qwen3.5-9b/routing/s13,26991,14,2,2,W-00135|W-00136
main/base/qwen3.5-9b/routing/s13,27180,14,3,1,W-00137
main/base/qwen3.5-9b/routing/s13,27360,14,3,3,W-00138|W-00139|W-00140
main/base/qwen3.5-9b/routing/s13,28117,15,1,3,W-00141|W-00142|W-00143
main/base/qwen3.5-9b/routing/s13,28406,15,1,2,W-00144|W-00145
main/base/qwen3.5-9b/routing/s13,29095,15,2,2,W-00146|W-00147
main/base/qwen3.5-9b/routing/s13,29577,15,3,3,W-00148|W-00149|W-00150
main/base/qwen3.5-9b/routing/s14,125,1,1,1,W-00001
main/base/qwen3.5-9b/routing/s14,490,1,1,1,W-00002
main/base/qwen3.5-9b/routing/s14,638,1,1,2,W-00003|W-00004
main/base/qwen3.5-9b/routing/s14,810,1,1,1,W-00005
main/base/qwen3.5-9b/routing/s14,1166,1,2,3,W-00006|W-00007|W-00008
main/base/qwen3.5-9b/routing/s14,1619,1,3,2,W-00009|W-00010
main/base/qwen3.5-9b/routing/s14,1867,2,1,4,W-00011|W-00012|W-00013|W-00014
main/base/qwen3.5-9b/routing/s14,2772,2,2,1,W-00015
main/base/qwen3.5-9b/routing/s14,2841,2,2,1,W-00016
main/base/qwen3.5-9b/routing/s14,3535,2,3,4,W-00017|W-00018|W-00019|W-00020
main/base/qwen3.5-9b/routing/s14,4084,3,1,2,W-00021|W-00022
main/base/qwen3.5-9b/routing/s14,4257,3,2,1,W-00023
main/base/qwen3.5-9b/routing/s14,4376,3,2,3,W-00024|W-00025|W-00026
main/base/qwen3.5-9b/routing/s14,4693,3,3,2,W-00027|W-00028
main/base/qwen3.5-9b/routing/s14,4885,3,3,1,W-00029
main/base/qwen3.5-9b/routing/s14,4999,3,3,1,W-00030
main/base/qwen3.5-9b/routing/s14,5383,4,1,4,W-00031|W-00032|W-00033|W-00034
main/base/qwen3.5-9b/routing/s14,6140,4,2,2,W-00035|W-00036
main/base/qwen3.5-9b/routing/s14,6395,4,3,2,W-00037|W-00038
main/base/qwen3.5-9b/routing/s14,6724,4,3,2,W-00039|W-00040
main/base/qwen3.5-9b/routing/s14,7002,5,1,2,W-00041|W-00042
main/base/qwen3.5-9b/routing/s14,7263,5,1,1,W-00043
main/base/qwen3.5-9b/routing/s14,7541,5,2,3,W-00044|W-00045|W-00046
main/base/qwen3.5-9b/routing/s14,7987,5,3,2,W-00047|W-00048
main/base/qwen3.5-9b/routing/s14,8317,5,3,1,W-00049
main/base/qwen3.5-9b/routing/s14,8405,5,3,1,W-00050
main/base/qwen3.5-9b/routing/s14,8786,6,1,1,W-00051
main/base/qwen3.5-9b/routing/s14,8959,6,2,1,W-00052
main/base/qwen3.5-9b/routing/s14,9176,6,2,3,W-00053|W-00054|W-00055
main/base/qwen3.5-9b/routing/s14,9594,6,2,1,W-00056
main/base/qwen3.5-9b/routing/s14,9687,6,3,1,W-00057
main/base/qwen3.5-9b/routing/s14,10153,6,3,1,W-00058
main/base/qwen3.5-9b/routing/s14,10252,6,3,1,W-00059
main/base/qwen3.5-9b/routing/s14,10376,6,3,1,W-00060
main/base/qwen3.5-9b/routing/s14,10816,7,1,3,W-00061|W-00062|W-00063
main/base/qwen3.5-9b/routing/s14,11220,7,2,2,W-00064|W-00065
main/base/qwen3.5-9b/routing/s14,11708,7,2,2,W-00066|W-00067
main/base/qwen3.5-9b/routing/s14,12398,7,3,3,W-00068|W-00069|W-00070
main/base/qwen3.5-9b/routing/s14,12790,8,1,3,W-00071|W-00072|W-00073
main/base/qwen3.5-9b/routing/s14,14247,8,2,1,W-00074
main/base/qwen3.5-9b/routing/s14,14344,8,2,2,W-00075|W-00076
main/base/qwen3.5-9b/routing/s14,14707,8,2,4,W-00077|W-00078|W-00079|W-00080
main/base/qwen3.5-9b/routing/s14,15630,9,1,1,W-00081
main/base/qwen3.5-9b/routing/s14,15797,9,1,5,W-00082|W-00083|W-00084|W-00085|W-00086
main/base/qwen3.5-9b/routing/s14,16609,9,2,3,W-00087|W-00088|W-00089
main/base/qwen3.5-9b/routing/s14,16860,9,2,1,W-00090
main/base/qwen3.5-9b/routing/s14,17172,10,1,2,W-00091|W-00092
main/base/qwen3.5-9b/routing/s14,17777,10,2,4,W-00093|W-00094|W-00095|W-00096
main/base/qwen3.5-9b/routing/s14,18377,10,3,2,W-00097|W-00098
main/base/qwen3.5-9b/routing/s14,18607,10,3,2,W-00099|W-00100
main/base/qwen3.5-9b/routing/s14,19259,11,1,2,W-00101|W-00102
main/base/qwen3.5-9b/routing/s14,19602,11,1,2,W-00103|W-00104
main/base/qwen3.5-9b/routing/s14,19821,11,3,6,W-00105|W-00106|W-00107|W-00108|W-00109|W-00110
main/base/qwen3.5-9b/routing/s14,21011,12,1,4,W-00111|W-00112|W-00113|W-00114
main/base/qwen3.5-9b/routing/s14,21701,12,2,3,W-00115|W-00116|W-00117
main/base/qwen3.5-9b/routing/s14,22264,12,3,3,W-00118|W-00119|W-00120
main/base/qwen3.5-9b/routing/s14,22601,13,1,3,W-00121|W-00122|W-00123
main/base/qwen3.5-9b/routing/s14,23470,13,2,5,W-00124|W-00125|W-00126|W-00127|W-00128
main/base/qwen3.5-9b/routing/s14,24381,13,3,2,W-00129|W-00130
main/base/qwen3.5-9b/routing/s14,24816,14,1,2,W-00131|W-00132
main/base/qwen3.5-9b/routing/s14,25122,14,1,1,W-00133
main/base/qwen3.5-9b/routing/s14,25389,14,2,3,W-00134|W-00135|W-00136
main/base/qwen3.5-9b/routing/s14,25741,14,3,4,W-00137|W-00138|W-00139|W-00140
main/base/qwen3.5-9b/routing/s14,26571,15,1,4,W-00141|W-00142|W-00143|W-00144
main/base/qwen3.5-9b/routing/s14,27021,15,2,2,W-00145|W-00146
main/base/qwen3.5-9b/routing/s14,27314,15,3,1,W-00147
main/base/qwen3.5-9b/routing/s14,27351,15,3,3,W-00148|W-00149|W-00150
gcell/D3/qwen3.5-27b/direct/s12,146,1,2,2,W-00001|W-00002
gcell/D3/qwen3.5-27b/direct/s12,198,1,2,1,W-00003
gcell/D3/qwen3.5-27b/direct/s12,304,1,3,1,W-00004
gcell/D3/qwen3.5-27b/direct/s12,371,1,3,2,W-00005|W-00006
gcell/D3/qwen3.5-27b/direct/s12,535,2,1,1,W-00007
gcell/D3/qwen3.5-27b/direct/s12,648,2,2,1,W-00008
gcell/D3/qwen3.5-27b/direct/s12,698,2,2,1,W-00009
gcell/D3/qwen3.5-27b/direct/s12,755,2,3,3,W-00010|W-00011|W-00012
gcell/D3/qwen3.5-27b/direct/s12,894,3,1,4,W-00013|W-00014|W-00015|W-00016
gcell/D3/qwen3.5-27b/direct/s12,1132,3,2,1,W-00017
gcell/D3/qwen3.5-27b/direct/s12,1239,3,3,1,W-00018
gcell/D3/qwen3.5-27b/direct/s12,1348,4,1,2,W-00019|W-00020
gcell/D3/qwen3.5-27b/direct/s12,1492,4,2,2,W-00021|W-00022
gcell/D3/qwen3.5-27b/direct/s12,1568,4,3,2,W-00023|W-00024
gcell/D3/qwen3.5-27b/direct/s12,1763,5,1,1,W-00025
gcell/D3/qwen3.5-27b/direct/s12,1876,5,2,1,W-00026
gcell/D3/qwen3.5-27b/direct/s12,1922,5,2,1,W-00027
gcell/D3/qwen3.5-27b/direct/s12,1939,5,2,1,W-00028
gcell/D3/qwen3.5-27b/direct/s12,2065,5,3,2,W-00029|W-00030
gcell/D3/qwen3.5-27b/direct/s12,2210,6,1,2,W-00031|W-00032
gcell/D3/qwen3.5-27b/direct/s12,2297,6,1,2,W-00033|W-00034
gcell/D3/qwen3.5-27b/direct/s12,2474,6,2,2,W-00035|W-00036
gcell/D3/qwen3.5-27b/direct/s12,2712,7,1,2,W-00037|W-00038
gcell/D3/qwen3.5-27b/direct/s12,2816,7,1,1,W-00039
gcell/D3/qwen3.5-27b/direct/s12,2943,7,2,3,W-00040|W-00041|W-00042
gcell/D3/qwen3.5-27b/direct/s12,3191,8,1,2,W-00043|W-00044
gcell/D3/qwen3.5-27b/direct/s12,3351,8,2,3,W-00045|W-00046|W-00047
gcell/D3/qwen3.5-27b/direct/s12,3500,8,3,1,W-00048
gcell/D3/qwen3.5-27b/direct/s12,3607,9,1,2,W-00049|W-00050
gcell/D3/qwen3.5-27b/direct/s12,3759,9,2,2,W-00051|W-00052
gcell/D3/qwen3.5-27b/direct/s12,3870,9,3,2,W-00053|W-00054
gcell/D3/qwen3.5-27b/direct/s12,4074,10,1,2,W-00055|W-00056
gcell/D3/qwen3.5-27b/direct/s12,4238,10,2,1,W-00057
gcell/D3/qwen3.5-27b/direct/s12,4254,10,2,1,W-00058
gcell/D3/qwen3.5-27b/direct/s12,4340,10,3,2,W-00059|W-00060
gcell/D3/qwen3.5-27b/direct/s12,4489,11,1,1,W-00061
gcell/D3/qwen3.5-27b/direct/s12,4606,11,2,3,W-00062|W-00063|W-00064
gcell/D3/qwen3.5-27b/direct/s12,4879,11,3,2,W-00065|W-00066
gcell/D3/qwen3.5-27b/direct/s12,5038,12,1,2,W-00067|W-00068
gcell/D3/qwen3.5-27b/direct/s12,5379,12,2,2,W-00069|W-00070
gcell/D3/qwen3.5-27b/direct/s12,5545,12,3,1,W-00071
gcell/D3/qwen3.5-27b/direct/s12,5565,12,3,1,W-00072
gcell/D3/qwen3.5-27b/direct/s12,5756,13,1,2,W-00073|W-00074
gcell/D3/qwen3.5-27b/direct/s12,5818,13,1,2,W-00075|W-00076
gcell/D3/qwen3.5-27b/direct/s12,5965,13,2,1,W-00077
gcell/D3/qwen3.5-27b/direct/s12,6067,13,3,1,W-00078
gcell/D3/qwen3.5-27b/direct/s12,6235,14,1,3,W-00079|W-00080|W-00081
gcell/D3/qwen3.5-27b/direct/s12,6381,14,2,1,W-00082
gcell/D3/qwen3.5-27b/direct/s12,6502,14,3,1,W-00083
gcell/D3/qwen3.5-27b/direct/s12,6543,14,3,1,W-00084
gcell/D3/qwen3.5-27b/direct/s12,6758,15,2,1,W-00085
gcell/D3/qwen3.5-27b/direct/s12,6904,15,3,1,W-00086
gcell/D3/qwen3.5-27b/direct/s12,6930,15,3,4,W-00087|W-00088|W-00089|W-00090
gcell/D3/qwen3.5-27b/direct/s13,99,1,1,2,W-00001|W-00002
gcell/D3/qwen3.5-27b/direct/s13,300,1,2,2,W-00003|W-00004
gcell/D3/qwen3.5-27b/direct/s13,401,1,3,1,W-00005
gcell/D3/qwen3.5-27b/direct/s13,525,1,3,1,W-00006
gcell/D3/qwen3.5-27b/direct/s13,686,2,1,2,W-00007|W-00008
gcell/D3/qwen3.5-27b/direct/s13,827,2,2,2,W-00009|W-00010
gcell/D3/qwen3.5-27b/direct/s13,936,2,2,1,W-00011
gcell/D3/qwen3.5-27b/direct/s13,1098,2,3,1,W-00012
gcell/D3/qwen3.5-27b/direct/s13,1272,3,1,1,W-00013
gcell/D3/qwen3.5-27b/direct/s13,1377,3,2,1,W-00014
gcell/D3/qwen3.5-27b/direct/s13,1414,3,2,2,W-00015|W-00016
gcell/D3/qwen3.5-27b/direct/s13,1508,3,3,1,W-00017
gcell/D3/qwen3.5-27b/direct/s13,1525,3,3,1,W-00018
gcell/D3/qwen3.5-27b/direct/s13,1665,4,1,2,W-00019|W-00020
gcell/D3/qwen3.5-27b/direct/s13,1773,4,1,1,W-00021
gcell/D3/qwen3.5-27b/direct/s13,1942,4,3,3,W-00022|W-00023|W-00024
gcell/D3/qwen3.5-27b/direct/s13,2095,5,1,1,W-00025
gcell/D3/qwen3.5-27b/direct/s13,2186,5,2,2,W-00026|W-00027
gcell/D3/qwen3.5-27b/direct/s13,2314,5,3,3,W-00028|W-00029|W-00030
gcell/D3/qwen3.5-27b/direct/s13,2537,6,1,1,W-00031
gcell/D3/qwen3.5-27b/direct/s13,2650,6,2,3,W-00032|W-00033|W-00034
gcell/D3/qwen3.5-27b/direct/s13,2810,6,3,1,W-00035
gcell/D3/qwen3.5-27b/direct/s13,2838,6,3,1,W-00036
gcell/D3/qwen3.5-27b/direct/s13,2988,7,1,1,W-00037
gcell/D3/qwen3.5-27b/direct/s13,3160,7,1,1,W-00038
gcell/D3/qwen3.5-27b/direct/s13,3261,7,2,2,W-00039|W-00040
gcell/D3/qwen3.5-27b/direct/s13,3383,7,3,2,W-00041|W-00042
gcell/D3/qwen3.5-27b/direct/s13,3600,8,1,2,W-00043|W-00044
gcell/D3/qwen3.5-27b/direct/s13,3681,8,2,1,W-00045
gcell/D3/qwen3.5-27b/direct/s13,3845,8,2,1,W-00046
gcell/D3/qwen3.5-27b/direct/s13,3983,8,3,2,W-00047|W-00048
gcell/D3/qwen3.5-27b/direct/s13,4221,9,1,2,W-00049|W-00050
gcell/D3/qwen3.5-27b/direct/s13,4376,9,2,1,W-00051
gcell/D3/qwen3.5-27b/direct/s13,4444,9,2,1,W-00052
gcell/D3/qwen3.5-27b/direct/s13,4580,9,3,2,W-00053|W-00054
gcell/D3/qwen3.5-27b/direct/s13,4710,10,1,1,W-00055
gcell/D3/qwen3.5-27b/direct/s13,4773,10,1,1,W-00056
gcell/D3/qwen3.5-27b/direct/s13,4968,10,2,2,W-00057|W-00058
gcell/D3/qwen3.5-27b/direct/s13,5088,10,3,2,W-00059|W-00060
gcell/D3/qwen3.5-27b/direct/s13,5216,11,1,1,W-00061
gcell/D3/qwen3.5-27b/direct/s13,5413,11,3,1,W-00062
gcell/D3/qwen3.5-27b/direct/s13,5514,11,3,4,W-00063|W-00064|W-00065|W-00066
gcell/D3/qwen3.5-27b/direct/s13,5802,12,1,1,W-00067
gcell/D3/qwen3.5-27b/direct/s13,5912,12,2,1,W-00068
gcell/D3/qwen3.5-27b/direct/s13,6004,12,3,4,W-00069|W-00070|W-00071|W-00072
gcell/D3/qwen3.5-27b/direct/s13,6226,13,1,5,W-00073|W-00074|W-00075|W-00076|W-00077
gcell/D3/qwen3.5-27b/direct/s13,6528,13,2,1,W-00078
gcell/D3/qwen3.5-27b/direct/s13,6686,14,1,1,W-00079
gcell/D3/qwen3.5-27b/direct/s13,6732,14,1,2,W-00080|W-00081
gcell/D3/qwen3.5-27b/direct/s13,6867,14,2,3,W-00082|W-00083|W-00084
gcell/D3/qwen3.5-27b/direct/s13,7218,15,1,1,W-00085
gcell/D3/qwen3.5-27b/direct/s13,7363,15,2,4,W-00086|W-00087|W-00088|W-00089
gcell/D3/qwen3.5-27b/direct/s13,7655,15,3,1,W-00090
gcell/D3/qwen3.5-27b/direct/s14,83,1,1,1,W-00001
gcell/D3/qwen3.5-27b/direct/s14,174,1,1,1,W-00002
gcell/D3/qwen3.5-27b/direct/s14,256,1,2,3,W-00003|W-00004|W-00005
gcell/D3/qwen3.5-27b/direct/s14,360,1,3,1,W-00006
gcell/D3/qwen3.5-27b/direct/s14,494,2,1,1,W-00007
gcell/D3/qwen3.5-27b/direct/s14,564,2,1,1,W-00008
gcell/D3/qwen3.5-27b/direct/s14,710,2,2,1,W-00009
gcell/D3/qwen3.5-27b/direct/s14,842,2,3,3,W-00010|W-00011|W-00012
gcell/D3/qwen3.5-27b/direct/s14,1025,3,1,3,W-00013|W-00014|W-00015
gcell/D3/qwen3.5-27b/direct/s14,1288,3,3,3,W-00016|W-00017|W-00018
gcell/D3/qwen3.5-27b/direct/s14,1448,4,1,2,W-00019|W-00020
gcell/D3/qwen3.5-27b/direct/s14,1667,4,2,2,W-00021|W-00022
gcell/D3/qwen3.5-27b/direct/s14,1799,4,3,2,W-00023|W-00024
gcell/D3/qwen3.5-27b/direct/s14,1971,5,1,2,W-00025|W-00026
gcell/D3/qwen3.5-27b/direct/s14,2137,5,2,3,W-00027|W-00028|W-00029
gcell/D3/qwen3.5-27b/direct/s14,2272,5,3,1,W-00030
gcell/D3/qwen3.5-27b/direct/s14,2362,6,1,2,W-00031|W-00032
gcell/D3/qwen3.5-27b/direct/s14,2607,6,2,3,W-00033|W-00034|W-00035
gcell/D3/qwen3.5-27b/direct/s14,2746,6,2,1,W-00036
gcell/D3/qwen3.5-27b/direct/s14,2964,7,1,1,W-00037
gcell/D3/qwen3.5-27b/direct/s14,3063,7,2,1,W-00038
gcell/D3/qwen3.5-27b/direct/s14,3102,7,2,1,W-00039
gcell/D3/qwen3.5-27b/direct/s14,3172,7,2,1,W-00040
gcell/D3/qwen3.5-27b/direct/s14,3263,7,3,2,W-00041|W-00042
gcell/D3/qwen3.5-27b/direct/s14,3392,8,1,1,W-00043
gcell/D3/qwen3.5-27b/direct/s14,3417,8,1,1,W-00044
gcell/D3/qwen3.5-27b/direct/s14,3515,8,2,1,W-00045
gcell/D3/qwen3.5-27b/direct/s14,3601,8,3,1,W-00046
gcell/D3/qwen3.5-27b/direct/s14,3669,8,3,2,W-00047|W-00048
gcell/D3/qwen3.5-27b/direct/s14,3837,9,1,1,W-00049
gcell/D3/qwen3.5-27b/direct/s14,3918,9,2,2,W-00050|W-00051
gcell/D3/qwen3.5-27b/direct/s14,4050,9,3,1,W-00052
gcell/D3/qwen3.5-27b/direct/s14,4074,9,3,2,W-00053|W-00054
gcell/D3/qwen3.5-27b/direct/s14,4267,10,1,1,W-00055
gcell/D3/qwen3.5-27b/direct/s14,4443,10,2,3,W-00056|W-00057|W-00058
gcell/D3/qwen3.5-27b/direct/s14,4589,10,3,2,W-00059|W-00060
gcell/D3/qwen3.5-27b/direct/s14,4713,11,1,3,W-00061|W-00062|W-00063
gcell/D3/qwen3.5-27b/direct/s14,4866,11,2,1,W-00064
gcell/D3/qwen3.5-27b/direct/s14,4933,11,3,2,W-00065|W-00066
gcell/D3/qwen3.5-27b/direct/s14,5092,12,1,3,W-00067|W-00068|W-00069
gcell/D3/qwen3.5-27b/direct/s14,5347,12,2,2,W-00070|W-00071
gcell/D3/qwen3.5-27b/direct/s14,5529,12,3,1,W-00072
gcell/D3/qwen3.5-27b/direct/s14,5651,13,1,3,W-00073|W-00074|W-00075
gcell/D3/qwen3.5-27b/direct/s14,5906,13,2,1,W-00076
gcell/D3/qwen3.5-27b/direct/s14,5939,13,2,2,W-00077|W-00078
gcell/D3/qwen3.5-27b/direct/s14,6151,14,1,3,W-00079|W-00080|W-00081
gcell/D3/qwen3.5-27b/direct/s14,6391,14,2,1,W-00082
gcell/D3/qwen3.5-27b/direct/s14,6544,14,3,2,W-00083|W-00084
gcell/D3/qwen3.5-27b/direct/s14,6737,15,1,1,W-00085
gcell/D3/qwen3.5-27b/direct/s14,6832,15,2,4,W-00086|W-00087|W-00088|W-00089
gcell/D3/qwen3.5-27b/direct/s14,7053,15,3,1,W-00090
gcell/D3/qwen3.5-27b/full_load/s12,146,1,2,2,W-00001|W-00002
gcell/D3/qwen3.5-27b/full_load/s12,192,1,2,1,W-00003
gcell/D3/qwen3.5-27b/full_load/s12,258,1,3,1,W-00004
gcell/D3/qwen3.5-27b/full_load/s12,283,1,3,2,W-00005|W-00006
gcell/D3/qwen3.5-27b/full_load/s12,433,2,1,1,W-00007
gcell/D3/qwen3.5-27b/full_load/s12,528,2,2,1,W-00008
gcell/D3/qwen3.5-27b/full_load/s12,547,2,2,1,W-00009
gcell/D3/qwen3.5-27b/full_load/s12,591,2,3,3,W-00010|W-00011|W-00012
gcell/D3/qwen3.5-27b/full_load/s12,693,3,1,4,W-00013|W-00014|W-00015|W-00016
gcell/D3/qwen3.5-27b/full_load/s12,840,3,2,1,W-00017
gcell/D3/qwen3.5-27b/full_load/s12,933,3,3,1,W-00018
gcell/D3/qwen3.5-27b/full_load/s12,1030,4,1,2,W-00019|W-00020
gcell/D3/qwen3.5-27b/full_load/s12,1156,4,2,2,W-00021|W-00022
gcell/D3/qwen3.5-27b/full_load/s12,1244,4,3,2,W-00023|W-00024
gcell/D3/qwen3.5-27b/full_load/s12,1409,5,1,1,W-00025
gcell/D3/qwen3.5-27b/full_load/s12,1503,5,2,1,W-00026
gcell/D3/qwen3.5-27b/full_load/s12,1522,5,2,1,W-00027
gcell/D3/qwen3.5-27b/full_load/s12,1532,5,2,1,W-00028
gcell/D3/qwen3.5-27b/full_load/s12,1648,5,3,2,W-00029|W-00030
gcell/D3/qwen3.5-27b/full_load/s12,1788,6,1,2,W-00031|W-00032
gcell/D3/qwen3.5-27b/full_load/s12,1849,6,1,2,W-00033|W-00034
gcell/D3/qwen3.5-27b/full_load/s12,1997,6,2,2,W-00035|W-00036
gcell/D3/qwen3.5-27b/full_load/s12,2206,7,1,2,W-00037|W-00038
gcell/D3/qwen3.5-27b/full_load/s12,2243,7,1,1,W-00039
gcell/D3/qwen3.5-27b/full_load/s12,2383,7,2,3,W-00040|W-00041|W-00042
gcell/D3/qwen3.5-27b/full_load/s12,2580,8,1,2,W-00043|W-00044
gcell/D3/qwen3.5-27b/full_load/s12,2734,8,2,3,W-00045|W-00046|W-00047
gcell/D3/qwen3.5-27b/full_load/s12,2824,8,3,1,W-00048
gcell/D3/qwen3.5-27b/full_load/s12,2940,9,1,2,W-00049|W-00050
gcell/D3/qwen3.5-27b/full_load/s12,3062,9,2,2,W-00051|W-00052
gcell/D3/qwen3.5-27b/full_load/s12,3149,9,3,2,W-00053|W-00054
gcell/D3/qwen3.5-27b/full_load/s12,3280,10,1,2,W-00055|W-00056
gcell/D3/qwen3.5-27b/full_load/s12,3436,10,2,1,W-00057
gcell/D3/qwen3.5-27b/full_load/s12,3446,10,2,1,W-00058
gcell/D3/qwen3.5-27b/full_load/s12,3529,10,3,2,W-00059|W-00060
gcell/D3/qwen3.5-27b/full_load/s12,3653,11,1,1,W-00061
gcell/D3/qwen3.5-27b/full_load/s12,3761,11,2,3,W-00062|W-00063|W-00064
gcell/D3/qwen3.5-27b/full_load/s12,3886,11,3,2,W-00065|W-00066
gcell/D3/qwen3.5-27b/full_load/s12,4024,12,1,2,W-00067|W-00068
gcell/D3/qwen3.5-27b/full_load/s12,4130,12,2,2,W-00069|W-00070
gcell/D3/qwen3.5-27b/full_load/s12,4222,12,3,1,W-00071
gcell/D3/qwen3.5-27b/full_load/s12,4232,12,3,1,W-00072
gcell/D3/qwen3.5-27b/full_load/s12,4382,13,1,2,W-00073|W-00074
gcell/D3/qwen3.5-27b/full_load/s12,4420,13,1,2,W-00075|W-00076
gcell/D3/qwen3.5-27b/full_load/s12,4561,13,2,1,W-00077
gcell/D3/qwen3.5-27b/full_load/s12,4657,13,3,1,W-00078
gcell/D3/qwen3.5-27b/full_load/s12,4749,14,1,3,W-00079|W-00080|W-00081
gcell/D3/qwen3.5-27b/full_load/s12,4844,14,2,1,W-00082
gcell/D3/qwen3.5-27b/full_load/s12,4932,14,3,1,W-00083
gcell/D3/qwen3.5-27b/full_load/s12,4965,14,3,1,W-00084
gcell/D3/qwen3.5-27b/full_load/s12,5179,15,2,1,W-00085
gcell/D3/qwen3.5-27b/full_load/s12,5285,15,3,1,W-00086
gcell/D3/qwen3.5-27b/full_load/s12,5295,15,3,4,W-00087|W-00088|W-00089|W-00090
gcell/D3/qwen3.5-27b/full_load/s13,99,1,1,2,W-00001|W-00002
gcell/D3/qwen3.5-27b/full_load/s13,229,1,2,2,W-00003|W-00004
gcell/D3/qwen3.5-27b/full_load/s13,307,1,3,1,W-00005
gcell/D3/qwen3.5-27b/full_load/s13,373,1,3,1,W-00006
gcell/D3/qwen3.5-27b/full_load/s13,477,2,1,2,W-00007|W-00008
gcell/D3/qwen3.5-27b/full_load/s13,588,2,2,2,W-00009|W-00010
gcell/D3/qwen3.5-27b/full_load/s13,649,2,2,1,W-00011
gcell/D3/qwen3.5-27b/full_load/s13,720,2,3,1,W-00012
gcell/D3/qwen3.5-27b/full_load/s13,850,3,1,1,W-00013
gcell/D3/qwen3.5-27b/full_load/s13,919,3,2,1,W-00014
gcell/D3/qwen3.5-27b/full_load/s13,956,3,2,2,W-00015|W-00016
gcell/D3/qwen3.5-27b/full_load/s13,1044,3,3,1,W-00017
gcell/D3/qwen3.5-27b/full_load/s13,1060,3,3,1,W-00018
gcell/D3/qwen3.5-27b/full_load/s13,1172,4,1,2,W-00019|W-00020
gcell/D3/qwen3.5-27b/full_load/s13,1196,4,1,1,W-00021
gcell/D3/qwen3.5-27b/full_load/s13,1377,4,3,3,W-00022|W-00023|W-00024
gcell/D3/qwen3.5-27b/full_load/s13,1512,5,1,1,W-00025
gcell/D3/qwen3.5-27b/full_load/s13,1586,5,2,2,W-00026|W-00027
gcell/D3/qwen3.5-27b/full_load/s13,1695,5,3,3,W-00028|W-00029|W-00030
gcell/D3/qwen3.5-27b/full_load/s13,1855,6,1,1,W-00031
gcell/D3/qwen3.5-27b/full_load/s13,1963,6,2,3,W-00032|W-00033|W-00034
gcell/D3/qwen3.5-27b/full_load/s13,2083,6,3,1,W-00035
gcell/D3/qwen3.5-27b/full_load/s13,2105,6,3,1,W-00036
gcell/D3/qwen3.5-27b/full_load/s13,2234,7,1,1,W-00037
gcell/D3/qwen3.5-27b/full_load/s13,2247,7,1,1,W-00038
gcell/D3/qwen3.5-27b/full_load/s13,2332,7,2,2,W-00039|W-00040
gcell/D3/qwen3.5-27b/full_load/s13,2418,7,3,2,W-00041|W-00042
gcell/D3/qwen3.5-27b/full_load/s13,2601,8,1,2,W-00043|W-00044
gcell/D3/qwen3.5-27b/full_load/s13,2708,8,2,1,W-00045
gcell/D3/qwen3.5-27b/full_load/s13,2720,8,2,1,W-00046
gcell/D3/qwen3.5-27b/full_load/s13,2812,8,3,2,W-00047|W-00048
gcell/D3/qwen3.5-27b/full_load/s13,2966,9,1,2,W-00049|W-00050
gcell/D3/qwen3.5-27b/full_load/s13,3058,9,2,1,W-00051
gcell/D3/qwen3.5-27b/full_load/s13,3095,9,2,1,W-00052
gcell/D3/qwen3.5-27b/full_load/s13,3182,9,3,2,W-00053|W-00054
gcell/D3/qwen3.5-27b/full_load/s13,3283,10,1,1,W-00055
gcell/D3/qwen3.5-27b/full_load/s13,3314,10,1,1,W-00056
gcell/D3/qwen3.5-27b/full_load/s13,3438,10,2,2,W-00057|W-00058
gcell/D3/qwen3.5-27b/full_load/s13,3547,10,3,2,W-00059|W-00060
gcell/D3/qwen3.5-27b/full_load/s13,3660,11,1,1,W-00061
gcell/D3/qwen3.5-27b/full_load/s13,3819,11,3,1,W-00062
gcell/D3/qwen3.5-27b/full_load/s13,3859,11,3,4,W-00063|W-00064|W-00065|W-00066
gcell/D3/qwen3.5-27b/full_load/s13,4053,12,1,1,W-00067
gcell/D3/qwen3.5-27b/full_load/s13,4159,12,2,1,W-00068
gcell/D3/qwen3.5-27b/full_load/s13,4218,12,3,4,W-00069|W-00070|W-00071|W-00072
gcell/D3/qwen3.5-27b/full_load/s13,4402,13,1,5,W-00073|W-00074|W-00075|W-00076|W-00077
gcell/D3/qwen3.5-27b/full_load/s13,4607,13,2,1,W-00078
gcell/D3/qwen3.5-27b/full_load/s13,4751,14,1,1,W-00079
gcell/D3/qwen3.5-27b/full_load/s13,4761,14,1,2,W-00080|W-00081
gcell/D3/qwen3.5-27b/full_load/s13,4885,14,2,3,W-00082|W-00083|W-00084
gcell/D3/qwen3.5-27b/full_load/s13,5085,15,1,1,W-00085
gcell/D3/qwen3.5-27b/full_load/s13,5194,15,2,4,W-00086|W-00087|W-00088|W-00089
gcell/D3/qwen3.5-27b/full_load/s13,5337,15,3,1,W-00090
gcell/D3/qwen3.5-27b/full_load/s14,83,1,1,1,W-00001
gcell/D3/qwen3.5-27b/full_load/s14,117,1,1,1,W-00002
gcell/D3/qwen3.5-27b/full_load/s14,201,1,2,3,W-00003|W-00004|W-00005
gcell/D3/qwen3.5-27b/full_load/s14,285,1,3,1,W-00006
gcell/D3/qwen3.5-27b/full_load/s14,409,2,1,1,W-00007
gcell/D3/qwen3.5-27b/full_load/s14,428,2,1,1,W-00008
gcell/D3/qwen3.5-27b/full_load/s14,565,2,2,1,W-00009
gcell/D3/qwen3.5-27b/full_load/s14,644,2,3,3,W-00010|W-00011|W-00012
gcell/D3/qwen3.5-27b/full_load/s14,779,3,1,3,W-00013|W-00014|W-00015
gcell/D3/qwen3.5-27b/full_load/s14,1000,3,3,3,W-00016|W-00017|W-00018
gcell/D3/qwen3.5-27b/full_load/s14,1140,4,1,2,W-00019|W-00020
gcell/D3/qwen3.5-27b/full_load/s14,1256,4,2,2,W-00021|W-00022
gcell/D3/qwen3.5-27b/full_load/s14,1355,4,3,2,W-00023|W-00024
gcell/D3/qwen3.5-27b/full_load/s14,1486,5,1,2,W-00025|W-00026
gcell/D3/qwen3.5-27b/full_load/s14,1581,5,2,3,W-00027|W-00028|W-00029
gcell/D3/qwen3.5-27b/full_load/s14,1684,5,3,1,W-00030
gcell/D3/qwen3.5-27b/full_load/s14,1760,6,1,2,W-00031|W-00032
gcell/D3/qwen3.5-27b/full_load/s14,1949,6,2,3,W-00033|W-00034|W-00035
gcell/D3/qwen3.5-27b/full_load/s14,2010,6,2,1,W-00036
gcell/D3/qwen3.5-27b/full_load/s14,2176,7,1,1,W-00037
gcell/D3/qwen3.5-27b/full_load/s14,2285,7,2,1,W-00038
gcell/D3/qwen3.5-27b/full_load/s14,2304,7,2,1,W-00039
gcell/D3/qwen3.5-27b/full_load/s14,2321,7,2,1,W-00040
gcell/D3/qwen3.5-27b/full_load/s14,2405,7,3,2,W-00041|W-00042
gcell/D3/qwen3.5-27b/full_load/s14,2518,8,1,1,W-00043
gcell/D3/qwen3.5-27b/full_load/s14,2531,8,1,1,W-00044
gcell/D3/qwen3.5-27b/full_load/s14,2611,8,2,1,W-00045
gcell/D3/qwen3.5-27b/full_load/s14,2701,8,3,1,W-00046
gcell/D3/qwen3.5-27b/full_load/s14,2737,8,3,2,W-00047|W-00048
gcell/D3/qwen3.5-27b/full_load/s14,2866,9,1,1,W-00049
gcell/D3/qwen3.5-27b/full_load/s14,2961,9,2,2,W-00050|W-00051
gcell/D3/qwen3.5-27b/full_load/s14,3085,9,3,1,W-00052
gcell/D3/qwen3.5-27b/full_load/s14,3099,9,3,2,W-00053|W-00054
gcell/D3/qwen3.5-27b/full_load/s14,3283,10,1,1,W-00055
gcell/D3/qwen3.5-27b/full_load/s14,3378,10,2,3,W-00056|W-00057|W-00058
gcell/D3/qwen3.5-27b/full_load/s14,3476,10,3,2,W-00059|W-00060
gcell/D3/qwen3.5-27b/full_load/s14,3581,11,1,3,W-00061|W-00062|W-00063
gcell/D3/qwen3.5-27b/full_load/s14,3708,11,2,1,W-00064
gcell/D3/qwen3.5-27b/full_load/s14,3747,11,3,2,W-00065|W-00066
gcell/D3/qwen3.5-27b/full_load/s14,3901,12,1,3,W-00067|W-00068|W-00069
gcell/D3/qwen3.5-27b/full_load/s14,4018,12,2,2,W-00070|W-00071
gcell/D3/qwen3.5-27b/full_load/s14,4103,12,3,1,W-00072
gcell/D3/qwen3.5-27b/full_load/s14,4218,13,1,3,W-00073|W-00074|W-00075
gcell/D3/qwen3.5-27b/full_load/s14,4334,13,2,1,W-00076
gcell/D3/qwen3.5-27b/full_load/s14,4376,13,2,2,W-00077|W-00078
gcell/D3/qwen3.5-27b/full_load/s14,4527,14,1,3,W-00079|W-00080|W-00081
gcell/D3/qwen3.5-27b/full_load/s14,4691,14,2,1,W-00082
gcell/D3/qwen3.5-27b/full_load/s14,4771,14,3,2,W-00083|W-00084
gcell/D3/qwen3.5-27b/full_load/s14,4933,15,1,1,W-00085
gcell/D3/qwen3.5-27b/full_load/s14,5048,15,2,4,W-00086|W-00087|W-00088|W-00089
gcell/D3/qwen3.5-27b/full_load/s14,5154,15,3,1,W-00090
gcell/D3/qwen3.5-27b/ingress/s12,146,1,2,2,W-00001|W-00002
gcell/D3/qwen3.5-27b/ingress/s12,362,1,2,1,W-00003
gcell/D3/qwen3.5-27b/ingress/s12,460,1,3,1,W-00004
gcell/D3/qwen3.5-27b/ingress/s12,560,1,3,2,W-00005|W-00006
gcell/D3/qwen3.5-27b/ingress/s12,798,2,1,1,W-00007
gcell/D3/qwen3.5-27b/ingress/s12,885,2,2,1,W-00008
gcell/D3/qwen3.5-27b/ingress/s12,983,2,2,1,W-00009
gcell/D3/qwen3.5-27b/ingress/s12,1050,2,3,3,W-00010|W-00011|W-00012
gcell/D3/qwen3.5-27b/ingress/s12,1320,3,1,4,W-00013|W-00014|W-00015|W-00016
gcell/D3/qwen3.5-27b/ingress/s12,1743,3,2,1,W-00017
gcell/D3/qwen3.5-27b/ingress/s12,1860,3,3,1,W-00018
gcell/D3/qwen3.5-27b/ingress/s12,1991,4,1,2,W-00019|W-00020
gcell/D3/qwen3.5-27b/ingress/s12,2127,4,2,2,W-00021|W-00022
gcell/D3/qwen3.5-27b/ingress/s12,2359,4,3,2,W-00023|W-00024
gcell/D3/qwen3.5-27b/ingress/s12,2668,5,1,1,W-00025
gcell/D3/qwen3.5-27b/ingress/s12,2959,5,2,1,W-00026
gcell/D3/qwen3.5-27b/ingress/s12,3044,5,2,1,W-00027
gcell/D3/qwen3.5-27b/ingress/s12,3167,5,2,1,W-00028
gcell/D3/qwen3.5-27b/ingress/s12,3381,5,3,2,W-00029|W-00030
gcell/D3/qwen3.5-27b/ingress/s12,3575,6,1,2,W-00031|W-00032
gcell/D3/qwen3.5-27b/ingress/s12,3774,6,1,2,W-00033|W-00034
gcell/D3/qwen3.5-27b/ingress/s12,3991,6,2,2,W-00035|W-00036
gcell/D3/qwen3.5-27b/ingress/s12,4275,7,1,2,W-00037|W-00038
gcell/D3/qwen3.5-27b/ingress/s12,4413,7,1,1,W-00039
gcell/D3/qwen3.5-27b/ingress/s12,4576,7,2,3,W-00040|W-00041|W-00042
gcell/D3/qwen3.5-27b/ingress/s12,4978,8,1,2,W-00043|W-00044
gcell/D3/qwen3.5-27b/ingress/s12,5205,8,2,3,W-00045|W-00046|W-00047
gcell/D3/qwen3.5-27b/ingress/s12,5740,8,3,1,W-00048
gcell/D3/qwen3.5-27b/ingress/s12,5910,9,1,2,W-00049|W-00050
gcell/D3/qwen3.5-27b/ingress/s12,6209,9,2,2,W-00051|W-00052
gcell/D3/qwen3.5-27b/ingress/s12,6431,9,3,2,W-00053|W-00054
gcell/D3/qwen3.5-27b/ingress/s12,6717,10,1,2,W-00055|W-00056
gcell/D3/qwen3.5-27b/ingress/s12,6907,10,2,1,W-00057
gcell/D3/qwen3.5-27b/ingress/s12,6965,10,2,1,W-00058
gcell/D3/qwen3.5-27b/ingress/s12,7102,10,3,2,W-00059|W-00060
gcell/D3/qwen3.5-27b/ingress/s12,7328,11,1,1,W-00061
gcell/D3/qwen3.5-27b/ingress/s12,7493,11,2,3,W-00062|W-00063|W-00064
gcell/D3/qwen3.5-27b/ingress/s12,7922,11,3,2,W-00065|W-00066
gcell/D3/qwen3.5-27b/ingress/s12,8213,12,1,2,W-00067|W-00068
gcell/D3/qwen3.5-27b/ingress/s12,8696,12,2,2,W-00069|W-00070
gcell/D3/qwen3.5-27b/ingress/s12,9061,12,3,1,W-00071
gcell/D3/qwen3.5-27b/ingress/s12,9131,12,3,1,W-00072
gcell/D3/qwen3.5-27b/ingress/s12,9322,13,1,2,W-00073|W-00074
gcell/D3/qwen3.5-27b/ingress/s12,9460,13,1,2,W-00075|W-00076
gcell/D3/qwen3.5-27b/ingress/s12,9648,13,2,1,W-00077
gcell/D3/qwen3.5-27b/ingress/s12,9836,13,3,1,W-00078
gcell/D3/qwen3.5-27b/ingress/s12,10007,14,1,3,W-00079|W-00080|W-00081
gcell/D3/qwen3.5-27b/ingress/s12,10251,14,2,1,W-00082
gcell/D3/qwen3.5-27b/ingress/s12,10427,14,3,1,W-00083
gcell/D3/qwen3.5-27b/ingress/s12,10520,14,3,1,W-00084
gcell/D3/qwen3.5-27b/ingress/s12,10744,15,2,1,W-00085
gcell/D3/qwen3.5-27b/ingress/s12,10913,15,3,1,W-00086
gcell/D3/qwen3.5-27b/ingress/s12,10964,15,3,4,W-00087|W-00088|W-00089|W-00090
gcell/D3/qwen3.5-27b/ingress/s13,99,1,1,2,W-00001|W-00002
gcell/D3/qwen3.5-27b/ingress/s13,307,1,2,2,W-00003|W-00004
gcell/D3/qwen3.5-27b/ingress/s13,437,1,3,1,W-00005
gcell/D3/qwen3.5-27b/ingress/s13,544,1,3,1,W-00006
gcell/D3/qwen3.5-27b/ingress/s13,691,2,1,2,W-00007|W-00008
gcell/D3/qwen3.5-27b/ingress/s13,864,2,2,2,W-00009|W-00010
gcell/D3/qwen3.5-27b/ingress/s13,1095,2,2,1,W-00011
gcell/D3/qwen3.5-27b/ingress/s13,1596,2,3,1,W-00012
gcell/D3/qwen3.5-27b/ingress/s13,1798,3,1,1,W-00013
gcell/D3/qwen3.5-27b/ingress/s13,1996,3,2,1,W-00014
gcell/D3/qwen3.5-27b/ingress/s13,2115,3,2,2,W-00015|W-00016
gcell/D3/qwen3.5-27b/ingress/s13,2314,3,3,1,W-00017
gcell/D3/qwen3.5-27b/ingress/s13,2347,3,3,1,W-00018
gcell/D3/qwen3.5-27b/ingress/s13,2519,4,1,2,W-00019|W-00020
gcell/D3/qwen3.5-27b/ingress/s13,2866,4,1,1,W-00021
gcell/D3/qwen3.5-27b/ingress/s13,3071,4,3,3,W-00022|W-00023|W-00024
gcell/D3/qwen3.5-27b/ingress/s13,3372,5,1,1,W-00025
gcell/D3/qwen3.5-27b/ingress/s13,3505,5,2,2,W-00026|W-00027
gcell/D3/qwen3.5-27b/ingress/s13,3760,5,3,3,W-00028|W-00029|W-00030
gcell/D3/qwen3.5-27b/ingress/s13,4037,6,1,1,W-00031
gcell/D3/qwen3.5-27b/ingress/s13,4625,6,2,3,W-00032|W-00033|W-00034
gcell/D3/qwen3.5-27b/ingress/s13,4996,6,3,1,W-00035
gcell/D3/qwen3.5-27b/ingress/s13,5063,6,3,1,W-00036
gcell/D3/qwen3.5-27b/ingress/s13,5263,7,1,1,W-00037
gcell/D3/qwen3.5-27b/ingress/s13,5773,7,1,1,W-00038
gcell/D3/qwen3.5-27b/ingress/s13,5924,7,2,2,W-00039|W-00040
gcell/D3/qwen3.5-27b/ingress/s13,6095,7,3,2,W-00041|W-00042
gcell/D3/qwen3.5-27b/ingress/s13,6368,8,1,2,W-00043|W-00044
gcell/D3/qwen3.5-27b/ingress/s13,7280,8,2,1,W-00045
gcell/D3/qwen3.5-27b/ingress/s13,7774,8,2,1,W-00046
gcell/D3/qwen3.5-27b/ingress/s13,7921,8,3,2,W-00047|W-00048
gcell/D3/qwen3.5-27b/ingress/s13,8096,9,1,2,W-00049|W-00050
gcell/D3/qwen3.5-27b/ingress/s13,8629,9,2,1,W-00051
gcell/D3/qwen3.5-27b/ingress/s13,8755,9,2,1,W-00052
gcell/D3/qwen3.5-27b/ingress/s13,8900,9,3,2,W-00053|W-00054
gcell/D3/qwen3.5-27b/ingress/s13,9106,10,1,1,W-00055
gcell/D3/qwen3.5-27b/ingress/s13,9591,10,1,1,W-00056
gcell/D3/qwen3.5-27b/ingress/s13,10037,10,2,2,W-00057|W-00058
gcell/D3/qwen3.5-27b/ingress/s13,10305,10,3,2,W-00059|W-00060
gcell/D3/qwen3.5-27b/ingress/s13,10501,11,1,1,W-00061
gcell/D3/qwen3.5-27b/ingress/s13,10830,11,3,1,W-00062
gcell/D3/qwen3.5-27b/ingress/s13,11011,11,3,4,W-00063|W-00064|W-00065|W-00066
gcell/D3/qwen3.5-27b/ingress/s13,11565,12,1,1,W-00067
gcell/D3/qwen3.5-27b/ingress/s13,11679,12,2,1,W-00068
gcell/D3/qwen3.5-27b/ingress/s13,11859,12,3,4,W-00069|W-00070|W-00071|W-00072
gcell/D3/qwen3.5-27b/ingress/s13,12425,13,1,5,W-00073|W-00074|W-00075|W-00076|W-00077
gcell/D3/qwen3.5-27b/ingress/s13,13119,13,2,1,W-00078
gcell/D3/qwen3.5-27b/ingress/s14,83,1,1,1,W-00001
gcell/D3/qwen3.5-27b/ingress/s14,278,1,1,1,W-00002
gcell/D3/qwen3.5-27b/ingress/s14,400,1,2,3,W-00003|W-00004|W-00005
gcell/D3/qwen3.5-27b/ingress/s14,673,1,3,1,W-00006
gcell/D3/qwen3.5-27b/ingress/s14,845,2,1,1,W-00007
gcell/D3/qwen3.5-27b/ingress/s14,988,2,1,1,W-00008
gcell/D3/qwen3.5-27b/ingress/s14,1216,2,2,1,W-00009
gcell/D3/qwen3.5-27b/ingress/s14,1371,2,3,3,W-00010|W-00011|W-00012
gcell/D3/qwen3.5-27b/ingress/s14,1641,3,1,3,W-00013|W-00014|W-00015
gcell/D3/qwen3.5-27b/ingress/s14,1959,3,3,3,W-00016|W-00017|W-00018
gcell/D3/qwen3.5-27b/ingress/s14,2197,4,1,2,W-00019|W-00020
gcell/D3/qwen3.5-27b/ingress/s14,2400,4,2,2,W-00021|W-00022
gcell/D3/qwen3.5-27b/ingress/s14,2620,4,3,2,W-00023|W-00024
gcell/D3/qwen3.5-27b/ingress/s14,2936,5,1,2,W-00025|W-00026
gcell/D3/qwen3.5-27b/ingress/s14,3131,5,2,3,W-00027|W-00028|W-00029
gcell/D3/qwen3.5-27b/ingress/s14,3322,5,3,1,W-00030
gcell/D3/qwen3.5-27b/ingress/s14,3436,6,1,2,W-00031|W-00032
gcell/D3/qwen3.5-27b/ingress/s14,3712,6,2,3,W-00033|W-00034|W-00035
gcell/D3/qwen3.5-27b/ingress/s14,4079,6,2,1,W-00036
gcell/D3/qwen3.5-27b/ingress/s14,4365,7,1,1,W-00037
gcell/D3/qwen3.5-27b/ingress/s14,4466,7,2,1,W-00038
gcell/D3/qwen3.5-27b/ingress/s14,4626,7,2,1,W-00039
gcell/D3/qwen3.5-27b/ingress/s14,4724,7,2,1,W-00040
gcell/D3/qwen3.5-27b/ingress/s14,4883,7,3,2,W-00041|W-00042
gcell/D3/qwen3.5-27b/ingress/s14,5136,8,1,1,W-00043
gcell/D3/qwen3.5-27b/ingress/s14,5240,8,1,1,W-00044
gcell/D3/qwen3.5-27b/ingress/s14,5359,8,2,1,W-00045
gcell/D3/qwen3.5-27b/ingress/s14,5493,8,3,1,W-00046
gcell/D3/qwen3.5-27b/ingress/s14,5685,8,3,2,W-00047|W-00048
gcell/D3/qwen3.5-27b/ingress/s14,5926,9,1,1,W-00049
gcell/D3/qwen3.5-27b/ingress/s14,6023,9,2,2,W-00050|W-00051
gcell/D3/qwen3.5-27b/ingress/s14,6388,9,3,1,W-00052
gcell/D3/qwen3.5-27b/ingress/s14,6473,9,3,2,W-00053|W-00054
gcell/D3/qwen3.5-27b/ingress/s14,6717,10,1,1,W-00055
gcell/D3/qwen3.5-27b/ingress/s14,7042,10,2,3,W-00056|W-00057|W-00058
gcell/D3/qwen3.5-27b/ingress/s14,7373,10,3,2,W-00059|W-00060
gcell/D3/qwen3.5-27b/ingress/s14,7593,11,1,3,W-00061|W-00062|W-00063
gcell/D3/qwen3.5-27b/ingress/s14,7933,11,2,1,W-00064
gcell/D3/qwen3.5-27b/ingress/s14,8009,11,3,2,W-00065|W-00066
gcell/D3/qwen3.5-27b/ingress/s14,8369,12,1,3,W-00067|W-00068|W-00069
gcell/D3/qwen3.5-27b/ingress/s14,8739,12,2,2,W-00070|W-00071
gcell/D3/qwen3.5-27b/ingress/s14,9020,12,3,1,W-00072
gcell/D3/qwen3.5-27b/ingress/s14,9174,13,1,3,W-00073|W-00074|W-00075
gcell/D3/qwen3.5-27b/ingress/s14,9612,13,2,1,W-00076
gcell/D3/qwen3.5-27b/ingress/s14,9853,13,2,2,W-00077|W-00078
gcell/D3/qwen3.5-27b/ingress/s14,10179,14,1,3,W-00079|W-00080|W-00081
gcell/D3/qwen3.5-27b/ingress/s14,10543,14,2,1,W-00082
gcell/D3/qwen3.5-27b/ingress/s14,10690,14,3,2,W-00083|W-00084
gcell/D3/qwen3.5-27b/ingress/s14,10989,15,1,1,W-00085
gcell/D3/qwen3.5-27b/ingress/s14,11086,15,2,4,W-00086|W-00087|W-00088|W-00089
gcell/D3/qwen3.5-27b/ingress/s14,11386,15,3,1,W-00090
gcell/D3/qwen3.5-27b/routing/s12,146,1,2,2,W-00001|W-00002
gcell/D3/qwen3.5-27b/routing/s12,374,1,2,1,W-00003
gcell/D3/qwen3.5-27b/routing/s12,512,1,3,1,W-00004
gcell/D3/qwen3.5-27b/routing/s12,572,1,3,2,W-00005|W-00006
gcell/D3/qwen3.5-27b/routing/s12,793,2,1,1,W-00007
gcell/D3/qwen3.5-27b/routing/s12,899,2,2,1,W-00008
gcell/D3/qwen3.5-27b/routing/s12,1034,2,2,1,W-00009
gcell/D3/qwen3.5-27b/routing/s12,1132,2,3,3,W-00010|W-00011|W-00012
gcell/D3/qwen3.5-27b/routing/s12,1419,3,1,4,W-00013|W-00014|W-00015|W-00016
gcell/D3/qwen3.5-27b/routing/s12,1812,3,2,1,W-00017
gcell/D3/qwen3.5-27b/routing/s12,1931,3,3,1,W-00018
gcell/D3/qwen3.5-27b/routing/s12,2066,4,1,2,W-00019|W-00020
gcell/D3/qwen3.5-27b/routing/s12,2418,4,2,2,W-00021|W-00022
gcell/D3/qwen3.5-27b/routing/s12,2775,4,3,2,W-00023|W-00024
gcell/D3/qwen3.5-27b/routing/s12,3024,5,1,1,W-00025
gcell/D3/qwen3.5-27b/routing/s12,3210,5,2,1,W-00026
gcell/D3/qwen3.5-27b/routing/s12,3379,5,2,1,W-00027
gcell/D3/qwen3.5-27b/routing/s12,3425,5,2,1,W-00028
gcell/D3/qwen3.5-27b/routing/s12,3642,5,3,2,W-00029|W-00030
gcell/D3/qwen3.5-27b/routing/s12,3889,6,1,2,W-00031|W-00032
gcell/D3/qwen3.5-27b/routing/s12,4078,6,1,2,W-00033|W-00034
gcell/D3/qwen3.5-27b/routing/s12,4270,6,2,2,W-00035|W-00036
gcell/D3/qwen3.5-27b/routing/s12,4563,7,1,2,W-00037|W-00038
gcell/D3/qwen3.5-27b/routing/s12,4711,7,1,1,W-00039
gcell/D3/qwen3.5-27b/routing/s12,4948,7,2,3,W-00040|W-00041|W-00042
gcell/D3/qwen3.5-27b/routing/s12,5330,8,1,2,W-00043|W-00044
gcell/D3/qwen3.5-27b/routing/s12,5592,8,2,3,W-00045|W-00046|W-00047
gcell/D3/qwen3.5-27b/routing/s12,5900,8,3,1,W-00048
gcell/D3/qwen3.5-27b/routing/s12,6047,9,1,2,W-00049|W-00050
gcell/D3/qwen3.5-27b/routing/s12,6374,9,2,2,W-00051|W-00052
gcell/D3/qwen3.5-27b/routing/s12,6589,9,3,2,W-00053|W-00054
gcell/D3/qwen3.5-27b/routing/s12,6941,10,1,2,W-00055|W-00056
gcell/D3/qwen3.5-27b/routing/s12,7155,10,2,1,W-00057
gcell/D3/qwen3.5-27b/routing/s12,7208,10,2,1,W-00058
gcell/D3/qwen3.5-27b/routing/s12,7330,10,3,2,W-00059|W-00060
gcell/D3/qwen3.5-27b/routing/s12,7530,11,1,1,W-00061
gcell/D3/qwen3.5-27b/routing/s12,7667,11,2,3,W-00062|W-00063|W-00064
gcell/D3/qwen3.5-27b/routing/s12,8020,11,3,2,W-00065|W-00066
gcell/D3/qwen3.5-27b/routing/s12,8415,12,1,2,W-00067|W-00068
gcell/D3/qwen3.5-27b/routing/s12,8746,12,2,2,W-00069|W-00070
gcell/D3/qwen3.5-27b/routing/s12,9009,12,3,1,W-00071
gcell/D3/qwen3.5-27b/routing/s12,9047,12,3,1,W-00072
gcell/D3/qwen3.5-27b/routing/s12,9324,13,1,2,W-00073|W-00074
gcell/D3/qwen3.5-27b/routing/s12,9445,13,1,2,W-00075|W-00076
gcell/D3/qwen3.5-27b/routing/s12,9635,13,2,1,W-00077
gcell/D3/qwen3.5-27b/routing/s12,9929,13,3,1,W-00078
gcell/D3/qwen3.5-27b/routing/s12,10107,14,1,3,W-00079|W-00080|W-00081
gcell/D3/qwen3.5-27b/routing/s12,10459,14,2,1,W-00082
gcell/D3/qwen3.5-27b/routing/s12,10591,14,3,1,W-00083
gcell/D3/qwen3.5-27b/routing/s12,10719,14,3,1,W-00084
gcell/D3/qwen3.5-27b/routing/s12,10981,15,2,1,W-00085
gcell/D3/qwen3.5-27b/routing/s12,11259,15,3,1,W-00086
gcell/D3/qwen3.5-27b/routing/s12,11313,15,3,4,W-00087|W-00088|W-00089|W-00090
gcell/D3/qwen3.5-27b/routing/s13,99,1,1,2,W-00001|W-00002
gcell/D3/qwen3.5-27b/routing/s13,379,1,2,2,W-00003|W-00004
gcell/D3/qwen3.5-27b/routing/s13,570,1,3,1,W-00005
gcell/D3/qwen3.5-27b/routing/s13,657,1,3,1,W-00006
gcell/D3/qwen3.5-27b/routing/s13,820,2,1,2,W-00007|W-00008
gcell/D3/qwen3.5-27b/routing/s13,989,2,2,2,W-00009|W-00010
gcell/D3/qwen3.5-27b/routing/s13,1122,2,2,1,W-00011
gcell/D3/qwen3.5-27b/routing/s13,1441,2,3,1,W-00012
gcell/D3/qwen3.5-27b/routing/s13,1669,3,1,1,W-00013
gcell/D3/qwen3.5-27b/routing/s13,1810,3,2,1,W-00014
gcell/D3/qwen3.5-27b/routing/s13,2012,3,2,2,W-00015|W-00016
gcell/D3/qwen3.5-27b/routing/s13,2260,3,3,1,W-00017
gcell/D3/qwen3.5-27b/routing/s13,2304,3,3,1,W-00018
gcell/D3/qwen3.5-27b/routing/s13,2525,4,1,2,W-00019|W-00020
gcell/D3/qwen3.5-27b/routing/s13,2643,4,1,1,W-00021
gcell/D3/qwen3.5-27b/routing/s13,2933,4,3,3,W-00022|W-00023|W-00024
gcell/D3/qwen3.5-27b/routing/s13,3279,5,1,1,W-00025
gcell/D3/qwen3.5-27b/routing/s13,3394,5,2,2,W-00026|W-00027
gcell/D3/qwen3.5-27b/routing/s13,3615,5,3,3,W-00028|W-00029|W-00030
gcell/D3/qwen3.5-27b/routing/s13,3841,6,1,1,W-00031
gcell/D3/qwen3.5-27b/routing/s13,4111,6,2,3,W-00032|W-00033|W-00034
gcell/D3/qwen3.5-27b/routing/s13,4334,6,3,1,W-00035
gcell/D3/qwen3.5-27b/routing/s13,4371,6,3,1,W-00036
gcell/D3/qwen3.5-27b/routing/s13,4621,7,1,1,W-00037
gcell/D3/qwen3.5-27b/routing/s13,5046,7,1,1,W-00038
gcell/D3/qwen3.5-27b/routing/s13,5168,7,2,2,W-00039|W-00040
gcell/D3/qwen3.5-27b/routing/s13,5307,7,3,2,W-00041|W-00042
gcell/D3/qwen3.5-27b/routing/s13,5560,8,1,2,W-00043|W-00044
gcell/D3/qwen3.5-27b/routing/s13,5741,8,2,1,W-00045
gcell/D3/qwen3.5-27b/routing/s13,5993,8,2,1,W-00046
gcell/D3/qwen3.5-27b/routing/s13,6121,8,3,2,W-00047|W-00048
gcell/D3/qwen3.5-27b/routing/s13,6417,9,1,2,W-00049|W-00050
gcell/D3/qwen3.5-27b/routing/s13,6974,9,2,1,W-00051
gcell/D3/qwen3.5-27b/routing/s13,7071,9,2,1,W-00052
gcell/D3/qwen3.5-27b/routing/s13,7244,9,3,2,W-00053|W-00054
gcell/D3/qwen3.5-27b/routing/s13,7403,10,1,1,W-00055
gcell/D3/qwen3.5-27b/routing/s13,7773,10,1,1,W-00056
gcell/D3/qwen3.5-27b/routing/s13,7998,10,2,2,W-00057|W-00058
gcell/D3/qwen3.5-27b/routing/s13,8244,10,3,2,W-00059|W-00060
gcell/D3/qwen3.5-27b/routing/s13,8423,11,1,1,W-00061
gcell/D3/qwen3.5-27b/routing/s13,8756,11,3,1,W-00062
gcell/D3/qwen3.5-27b/routing/s13,8857,11,3,4,W-00063|W-00064|W-00065|W-00066
gcell/D3/qwen3.5-27b/routing/s13,9256,12,1,1,W-00067
gcell/D3/qwen3.5-27b/routing/s13,9366,12,2,1,W-00068
gcell/D3/qwen3.5-27b/routing/s13,9476,12,3,4,W-00069|W-00070|W-00071|W-00072
gcell/D3/qwen3.5-27b/routing/s13,9897,13,1,5,W-00073|W-00074|W-00075|W-00076|W-00077
gcell/D3/qwen3.5-27b/routing/s13,10421,13,2,1,W-00078
gcell/D3/qwen3.5-27b/routing/s13,10580,14,1,1,W-00079
gcell/D3/qwen3.5-27b/routing/s13,10726,14,1,2,W-00080|W-00081
gcell/D3/qwen3.5-27b/routing/s13,10955,14,2,3,W-00082|W-00083|W-00084
gcell/D3/qwen3.5-27b/routing/s13,11344,15,1,1,W-00085
gcell/D3/qwen3.5-27b/routing/s13,11610,15,2,4,W-00086|W-00087|W-00088|W-00089
gcell/D3/qwen3.5-27b/routing/s13,11844,15,3,1,W-00090
gcell/D3/qwen3.5-27b/routing/s14,83,1,1,1,W-00001
gcell/D3/qwen3.5-27b/routing/s14,361,1,1,1,W-00002
gcell/D3/qwen3.5-27b/routing/s14,539,1,2,3,W-00003|W-00004|W-00005
gcell/D3/qwen3.5-27b/routing/s14,766,1,3,1,W-00006
gcell/D3/qwen3.5-27b/routing/s14,1062,2,1,1,W-00007
gcell/D3/qwen3.5-27b/routing/s14,1162,2,1,1,W-00008
gcell/D3/qwen3.5-27b/routing/s14,1358,2,2,1,W-00009
gcell/D3/qwen3.5-27b/routing/s14,1489,2,3,3,W-00010|W-00011|W-00012
gcell/D3/qwen3.5-27b/routing/s14,1838,3,1,3,W-00013|W-00014|W-00015
gcell/D3/qwen3.5-27b/routing/s14,2145,3,3,3,W-00016|W-00017|W-00018
gcell/D3/qwen3.5-27b/routing/s14,2418,4,1,2,W-00019|W-00020
gcell/D3/qwen3.5-27b/routing/s14,2633,4,2,2,W-00021|W-00022
gcell/D3/qwen3.5-27b/routing/s14,2815,4,3,2,W-00023|W-00024
gcell/D3/qwen3.5-27b/routing/s14,3098,5,1,2,W-00025|W-00026
gcell/D3/qwen3.5-27b/routing/s14,3345,5,2,3,W-00027|W-00028|W-00029
gcell/D3/qwen3.5-27b/routing/s14,3526,5,3,1,W-00030
gcell/D3/qwen3.5-27b/routing/s14,3632,6,1,2,W-00031|W-00032
gcell/D3/qwen3.5-27b/routing/s14,3931,6,2,3,W-00033|W-00034|W-00035
gcell/D3/qwen3.5-27b/routing/s14,4070,6,2,1,W-00036
gcell/D3/qwen3.5-27b/routing/s14,4317,7,1,1,W-00037
gcell/D3/qwen3.5-27b/routing/s14,4402,7,2,1,W-00038
gcell/D3/qwen3.5-27b/routing/s14,4444,7,2,1,W-00039
gcell/D3/qwen3.5-27b/routing/s14,4488,7,2,1,W-00040
gcell/D3/qwen3.5-27b/routing/s14,4598,7,3,2,W-00041|W-00042
gcell/D3/qwen3.5-27b/routing/s14,4759,8,1,1,W-00043
gcell/D3/qwen3.5-27b/routing/s14,4894,8,1,1,W-00044
gcell/D3/qwen3.5-27b/routing/s14,5076,8,2,1,W-00045
gcell/D3/qwen3.5-27b/routing/s14,5260,8,3,1,W-00046
gcell/D3/qwen3.5-27b/routing/s14,5467,8,3,2,W-00047|W-00048
gcell/D3/qwen3.5-27b/routing/s14,5761,9,1,1,W-00049
gcell/D3/qwen3.5-27b/routing/s14,5854,9,2,2,W-00050|W-00051
gcell/D3/qwen3.5-27b/routing/s14,6240,9,3,1,W-00052
gcell/D3/qwen3.5-27b/routing/s14,6342,9,3,2,W-00053|W-00054
gcell/D3/qwen3.5-27b/routing/s14,6568,10,1,1,W-00055
gcell/D3/qwen3.5-27b/routing/s14,6708,10,2,3,W-00056|W-00057|W-00058
gcell/D3/qwen3.5-27b/routing/s14,6939,10,3,2,W-00059|W-00060
gcell/D3/qwen3.5-27b/routing/s14,7080,11,1,3,W-00061|W-00062|W-00063
gcell/D3/qwen3.5-27b/routing/s14,7353,11,2,1,W-00064
gcell/D3/qwen3.5-27b/routing/s14,7417,11,3,2,W-00065|W-00066
gcell/D3/qwen3.5-27b/routing/s14,7664,12,1,3,W-00067|W-00068|W-00069
gcell/D3/qwen3.5-27b/routing/s14,7960,12,2,2,W-00070|W-00071
gcell/D3/qwen3.5-27b/routing/s14,8189,12,3,1,W-00072
gcell/D3/qwen3.5-27b/routing/s14,8330,13,1,3,W-00073|W-00074|W-00075
gcell/D3/qwen3.5-27b/routing/s14,8675,13,2,1,W-00076
gcell/D3/qwen3.5-27b/routing/s14,8724,13,2,2,W-00077|W-00078
gcell/D3/qwen3.5-27b/routing/s14,8986,14,1,3,W-00079|W-00080|W-00081
gcell/D3/qwen3.5-27b/routing/s14,9290,14,2,1,W-00082
gcell/D3/qwen3.5-27b/routing/s14,9422,14,3,2,W-00083|W-00084
gcell/D3/qwen3.5-27b/routing/s14,9682,15,1,1,W-00085
gcell/D3/qwen3.5-27b/routing/s14,9770,15,2,4,W-00086|W-00087|W-00088|W-00089
gcell/D3/qwen3.5-27b/routing/s14,10083,15,3,1,W-00090
gcell/R1/qwen3.5-27b/direct/s12,83,1,1,1,W-00001
gcell/R1/qwen3.5-27b/direct/s12,220,1,3,4,W-00002|W-00003|W-00004|W-00005
gcell/R1/qwen3.5-27b/direct/s12,680,2,1,2,W-00006|W-00007
gcell/R1/qwen3.5-27b/direct/s12,833,2,2,1,W-00008
gcell/R1/qwen3.5-27b/direct/s12,847,2,2,1,W-00009
gcell/R1/qwen3.5-27b/direct/s12,963,2,3,1,W-00010
gcell/R1/qwen3.5-27b/direct/s12,1132,3,1,1,W-00011
gcell/R1/qwen3.5-27b/direct/s12,1219,3,1,1,W-00012
gcell/R1/qwen3.5-27b/direct/s12,1309,3,2,2,W-00013|W-00014
gcell/R1/qwen3.5-27b/direct/s12,1578,3,3,1,W-00015
gcell/R1/qwen3.5-27b/direct/s12,1755,4,1,2,W-00016|W-00017
gcell/R1/qwen3.5-27b/direct/s12,1950,4,3,3,W-00018|W-00019|W-00020
gcell/R1/qwen3.5-27b/direct/s12,2164,5,1,1,W-00021
gcell/R1/qwen3.5-27b/direct/s12,2193,5,1,1,W-00022
gcell/R1/qwen3.5-27b/direct/s12,2276,5,2,1,W-00023
gcell/R1/qwen3.5-27b/direct/s12,2454,5,2,1,W-00024
gcell/R1/qwen3.5-27b/direct/s12,2578,5,3,1,W-00025
gcell/R1/qwen3.5-27b/direct/s12,2732,6,1,2,W-00026|W-00027
gcell/R1/qwen3.5-27b/direct/s12,3006,6,2,2,W-00028|W-00029
gcell/R1/qwen3.5-27b/direct/s12,3271,6,2,1,W-00030
gcell/R1/qwen3.5-27b/direct/s12,3394,7,1,1,W-00031
gcell/R1/qwen3.5-27b/direct/s12,3559,7,2,1,W-00032
gcell/R1/qwen3.5-27b/direct/s12,3660,7,3,3,W-00033|W-00034|W-00035
gcell/R1/qwen3.5-27b/direct/s12,3825,8,1,1,W-00036
gcell/R1/qwen3.5-27b/direct/s12,3856,8,1,1,W-00037
gcell/R1/qwen3.5-27b/direct/s12,3947,8,2,2,W-00038|W-00039
gcell/R1/qwen3.5-27b/direct/s12,4124,8,3,1,W-00040
gcell/R1/qwen3.5-27b/direct/s12,4277,9,1,1,W-00041
gcell/R1/qwen3.5-27b/direct/s12,4431,9,2,3,W-00042|W-00043|W-00044
gcell/R1/qwen3.5-27b/direct/s12,4700,9,3,1,W-00045
gcell/R1/qwen3.5-27b/direct/s12,4818,10,1,1,W-00046
gcell/R1/qwen3.5-27b/direct/s12,4913,10,2,1,W-00047
gcell/R1/qwen3.5-27b/direct/s12,5013,10,3,1,W-00048
gcell/R1/qwen3.5-27b/direct/s12,5049,10,3,2,W-00049|W-00050
gcell/R1/qwen3.5-27b/direct/s12,5207,11,1,1,W-00051
gcell/R1/qwen3.5-27b/direct/s12,5305,11,2,2,W-00052|W-00053
gcell/R1/qwen3.5-27b/direct/s12,5537,11,3,1,W-00054
gcell/R1/qwen3.5-27b/direct/s12,5650,11,3,1,W-00055
gcell/R1/qwen3.5-27b/direct/s12,5757,12,1,4,W-00056|W-00057|W-00058|W-00059
gcell/R1/qwen3.5-27b/direct/s12,5988,12,2,1,W-00060
gcell/R1/qwen3.5-27b/direct/s12,6128,13,1,2,W-00061|W-00062
gcell/R1/qwen3.5-27b/direct/s12,6303,13,2,1,W-00063
gcell/R1/qwen3.5-27b/direct/s12,6340,13,3,1,W-00064
gcell/R1/qwen3.5-27b/direct/s12,6379,13,3,1,W-00065
gcell/R1/qwen3.5-27b/direct/s12,6471,14,1,1,W-00066
gcell/R1/qwen3.5-27b/direct/s12,6592,14,2,3,W-00067|W-00068|W-00069
gcell/R1/qwen3.5-27b/direct/s12,6792,14,3,1,W-00070
gcell/R1/qwen3.5-27b/direct/s12,6917,15,1,3,W-00071|W-00072|W-00073
gcell/R1/qwen3.5-27b/direct/s12,7174,15,2,1,W-00074
gcell/R1/qwen3.5-27b/direct/s12,7288,15,3,1,W-00075
gcell/R1/qwen3.5-27b/direct/s13,51,1,1,2,W-00001|W-00002
gcell/R1/qwen3.5-27b/direct/s13,265,1,2,1,W-00003
gcell/R1/qwen3.5-27b/direct/s13,458,1,3,2,W-00004|W-00005
gcell/R1/qwen3.5-27b/direct/s13,737,2,1,2,W-00006|W-00007
gcell/R1/qwen3.5-27b/direct/s13,970,2,1,1,W-00008
gcell/R1/qwen3.5-27b/direct/s13,1092,2,2,1,W-00009
gcell/R1/qwen3.5-27b/direct/s13,1169,2,3,1,W-00010
gcell/R1/qwen3.5-27b/direct/s13,1372,3,1,3,W-00011|W-00012|W-00013
gcell/R1/qwen3.5-27b/direct/s13,1635,3,2,2,W-00014|W-00015
gcell/R1/qwen3.5-27b/direct/s13,1908,4,1,2,W-00016|W-00017
gcell/R1/qwen3.5-27b/direct/s13,2476,4,3,3,W-00018|W-00019|W-00020
gcell/R1/qwen3.5-27b/direct/s13,2681,5,1,4,W-00021|W-00022|W-00023|W-00024
gcell/R1/qwen3.5-27b/direct/s13,3222,5,3,1,W-00025
gcell/R1/qwen3.5-27b/direct/s13,3322,6,1,2,W-00026|W-00027
gcell/R1/qwen3.5-27b/direct/s13,3479,6,2,1,W-00028
gcell/R1/qwen3.5-27b/direct/s13,3611,6,3,2,W-00029|W-00030
gcell/R1/qwen3.5-27b/direct/s13,3858,7,1,2,W-00031|W-00032
gcell/R1/qwen3.5-27b/direct/s13,3981,7,1,1,W-00033
gcell/R1/qwen3.5-27b/direct/s13,4066,7,2,1,W-00034
gcell/R1/qwen3.5-27b/direct/s13,4158,7,3,1,W-00035
gcell/R1/qwen3.5-27b/direct/s13,4239,8,1,3,W-00036|W-00037|W-00038
gcell/R1/qwen3.5-27b/direct/s13,4672,8,2,2,W-00039|W-00040
gcell/R1/qwen3.5-27b/direct/s13,4866,9,1,2,W-00041|W-00042
gcell/R1/qwen3.5-27b/direct/s13,5066,9,3,3,W-00043|W-00044|W-00045
gcell/R1/qwen3.5-27b/direct/s13,5596,10,2,2,W-00046|W-00047
gcell/R1/qwen3.5-27b/direct/s13,5720,10,3,2,W-00048|W-00049
gcell/R1/qwen3.5-27b/direct/s13,5800,10,3,1,W-00050
gcell/R1/qwen3.5-27b/direct/s13,5876,11,1,2,W-00051|W-00052
gcell/R1/qwen3.5-27b/direct/s13,6049,11,2,1,W-00053
gcell/R1/qwen3.5-27b/direct/s13,6158,11,3,2,W-00054|W-00055
gcell/R1/qwen3.5-27b/direct/s13,6362,12,1,2,W-00056|W-00057
gcell/R1/qwen3.5-27b/direct/s13,6683,12,2,1,W-00058
gcell/R1/qwen3.5-27b/direct/s13,6776,12,3,2,W-00059|W-00060
gcell/R1/qwen3.5-27b/direct/s13,6985,13,1,3,W-00061|W-00062|W-00063
gcell/R1/qwen3.5-27b/direct/s13,7231,13,2,1,W-00064
gcell/R1/qwen3.5-27b/direct/s13,7293,13,3,1,W-00065
gcell/R1/qwen3.5-27b/direct/s13,7406,14,1,1,W-00066
gcell/R1/qwen3.5-27b/direct/s13,7722,14,3,4,W-00067|W-00068|W-00069|W-00070
gcell/R1/qwen3.5-27b/direct/s13,8009,15,1,2,W-00071|W-00072
gcell/R1/qwen3.5-27b/direct/s13,8146,15,2,1,W-00073
gcell/R1/qwen3.5-27b/direct/s13,8241,15,3,2,W-00074|W-00075
gcell/R1/qwen3.5-27b/direct/s14,32,1,1,1,W-00001
gcell/R1/qwen3.5-27b/direct/s14,146,1,2,3,W-00002|W-00003|W-00004
gcell/R1/qwen3.5-27b/direct/s14,412,1,3,1,W-00005
gcell/R1/qwen3.5-27b/direct/s14,484,2,1,3,W-00006|W-00007|W-00008
gcell/R1/qwen3.5-27b/direct/s14,881,2,3,2,W-00009|W-00010
gcell/R1/qwen3.5-27b/direct/s14,1095,3,1,2,W-00011|W-00012
gcell/R1/qwen3.5-27b/direct/s14,1209,3,2,2,W-00013|W-00014
gcell/R1/qwen3.5-27b/direct/s14,1309,3,3,1,W-00015
gcell/R1/qwen3.5-27b/direct/s14,1367,4,1,2,W-00016|W-00017
gcell/R1/qwen3.5-27b/direct/s14,1423,4,1,2,W-00018|W-00019
gcell/R1/qwen3.5-27b/direct/s14,1585,4,2,1,W-00020
gcell/R1/qwen3.5-27b/direct/s14,1882,5,1,2,W-00021|W-00022
gcell/R1/qwen3.5-27b/direct/s14,1997,5,1,1,W-00023
gcell/R1/qwen3.5-27b/direct/s14,2085,5,2,2,W-00024|W-00025
gcell/R1/qwen3.5-27b/direct/s14,2316,6,1,1,W-00026
gcell/R1/qwen3.5-27b/direct/s14,2456,6,2,1,W-00027
gcell/R1/qwen3.5-27b/direct/s14,2624,6,3,3,W-00028|W-00029|W-00030
gcell/R1/qwen3.5-27b/direct/s14,2899,7,1,2,W-00031|W-00032
gcell/R1/qwen3.5-27b/direct/s14,3063,7,2,1,W-00033
gcell/R1/qwen3.5-27b/direct/s14,3094,7,2,2,W-00034|W-00035
gcell/R1/qwen3.5-27b/direct/s14,3361,8,1,3,W-00036|W-00037|W-00038
gcell/R1/qwen3.5-27b/direct/s14,3564,8,2,1,W-00039
gcell/R1/qwen3.5-27b/direct/s14,3622,8,3,1,W-00040
gcell/R1/qwen3.5-27b/direct/s14,3771,9,1,1,W-00041
gcell/R1/qwen3.5-27b/direct/s14,3918,9,2,2,W-00042|W-00043
gcell/R1/qwen3.5-27b/direct/s14,4080,9,3,2,W-00044|W-00045
gcell/R1/qwen3.5-27b/direct/s14,4212,10,1,2,W-00046|W-00047
gcell/R1/qwen3.5-27b/direct/s14,4394,10,2,2,W-00048|W-00049
gcell/R1/qwen3.5-27b/direct/s14,4574,10,3,1,W-00050
gcell/R1/qwen3.5-27b/direct/s14,4746,11,1,1,W-00051
gcell/R1/qwen3.5-27b/direct/s14,4825,11,2,2,W-00052|W-00053
gcell/R1/qwen3.5-27b/direct/s14,4957,11,3,2,W-00054|W-00055
gcell/R1/qwen3.5-27b/direct/s14,5119,12,1,1,W-00056
gcell/R1/qwen3.5-27b/direct/s14,5199,12,2,2,W-00057|W-00058
gcell/R1/qwen3.5-27b/direct/s14,5376,12,3,2,W-00059|W-00060
gcell/R1/qwen3.5-27b/direct/s14,5526,13,1,2,W-00061|W-00062
gcell/R1/qwen3.5-27b/direct/s14,5606,13,2,2,W-00063|W-00064
gcell/R1/qwen3.5-27b/direct/s14,5761,13,3,1,W-00065
gcell/R1/qwen3.5-27b/direct/s14,5836,14,1,2,W-00066|W-00067
gcell/R1/qwen3.5-27b/direct/s14,6002,14,3,3,W-00068|W-00069|W-00070
gcell/R1/qwen3.5-27b/direct/s14,6201,15,1,1,W-00071
gcell/R1/qwen3.5-27b/direct/s14,6269,15,2,1,W-00072
gcell/R1/qwen3.5-27b/direct/s14,6319,15,2,1,W-00073
gcell/R1/qwen3.5-27b/direct/s14,6403,15,3,2,W-00074|W-00075
gcell/R1/qwen3.5-27b/full_load/s12,83,1,1,1,W-00001
gcell/R1/qwen3.5-27b/full_load/s12,224,1,3,4,W-00002|W-00003|W-00004|W-00005
gcell/R1/qwen3.5-27b/full_load/s12,408,2,1,2,W-00006|W-00007
gcell/R1/qwen3.5-27b/full_load/s12,492,2,2,1,W-00008
gcell/R1/qwen3.5-27b/full_load/s12,508,2,2,1,W-00009
gcell/R1/qwen3.5-27b/full_load/s12,603,2,3,1,W-00010
gcell/R1/qwen3.5-27b/full_load/s12,728,3,1,1,W-00011
gcell/R1/qwen3.5-27b/full_load/s12,759,3,1,1,W-00012
gcell/R1/qwen3.5-27b/full_load/s12,820,3,2,2,W-00013|W-00014
gcell/R1/qwen3.5-27b/full_load/s12,921,3,3,1,W-00015
gcell/R1/qwen3.5-27b/full_load/s12,1007,4,1,2,W-00016|W-00017
gcell/R1/qwen3.5-27b/full_load/s12,1131,4,3,3,W-00018|W-00019|W-00020
gcell/R1/qwen3.5-27b/full_load/s12,1309,5,1,1,W-00021
gcell/R1/qwen3.5-27b/full_load/s12,1355,5,1,1,W-00022
gcell/R1/qwen3.5-27b/full_load/s12,1420,5,2,1,W-00023
gcell/R1/qwen3.5-27b/full_load/s12,1457,5,2,1,W-00024
gcell/R1/qwen3.5-27b/full_load/s12,1559,5,3,1,W-00025
gcell/R1/qwen3.5-27b/full_load/s12,1653,6,1,2,W-00026|W-00027
gcell/R1/qwen3.5-27b/full_load/s12,1781,6,2,2,W-00028|W-00029
gcell/R1/qwen3.5-27b/full_load/s12,1837,6,2,1,W-00030
gcell/R1/qwen3.5-27b/full_load/s12,1938,7,1,1,W-00031
gcell/R1/qwen3.5-27b/full_load/s12,2015,7,2,1,W-00032
gcell/R1/qwen3.5-27b/full_load/s12,2095,7,3,3,W-00033|W-00034|W-00035
gcell/R1/qwen3.5-27b/full_load/s12,2209,8,1,1,W-00036
gcell/R1/qwen3.5-27b/full_load/s12,2243,8,1,1,W-00037
gcell/R1/qwen3.5-27b/full_load/s12,2336,8,2,2,W-00038|W-00039
gcell/R1/qwen3.5-27b/full_load/s12,2428,8,3,1,W-00040
gcell/R1/qwen3.5-27b/full_load/s12,2541,9,1,1,W-00041
gcell/R1/qwen3.5-27b/full_load/s12,2675,9,2,3,W-00042|W-00043|W-00044
gcell/R1/qwen3.5-27b/full_load/s12,2757,9,3,1,W-00045
gcell/R1/qwen3.5-27b/full_load/s12,2858,10,1,1,W-00046
gcell/R1/qwen3.5-27b/full_load/s12,2945,10,2,1,W-00047
gcell/R1/qwen3.5-27b/full_load/s12,3026,10,3,1,W-00048
gcell/R1/qwen3.5-27b/full_load/s12,3036,10,3,2,W-00049|W-00050
gcell/R1/qwen3.5-27b/full_load/s12,3132,11,1,1,W-00051
gcell/R1/qwen3.5-27b/full_load/s12,3197,11,2,2,W-00052|W-00053
gcell/R1/qwen3.5-27b/full_load/s12,3285,11,3,1,W-00054
gcell/R1/qwen3.5-27b/full_load/s12,3323,11,3,1,W-00055
gcell/R1/qwen3.5-27b/full_load/s12,3416,12,1,4,W-00056|W-00057|W-00058|W-00059
gcell/R1/qwen3.5-27b/full_load/s12,3533,12,2,1,W-00060
gcell/R1/qwen3.5-27b/full_load/s12,3641,13,1,2,W-00061|W-00062
gcell/R1/qwen3.5-27b/full_load/s12,3793,13,2,1,W-00063
gcell/R1/qwen3.5-27b/full_load/s12,3827,13,3,1,W-00064
gcell/R1/qwen3.5-27b/full_load/s12,3849,13,3,1,W-00065
gcell/R1/qwen3.5-27b/full_load/s12,3931,14,1,1,W-00066
gcell/R1/qwen3.5-27b/full_load/s12,4005,14,2,3,W-00067|W-00068|W-00069
gcell/R1/qwen3.5-27b/full_load/s12,4148,14,3,1,W-00070
gcell/R1/qwen3.5-27b/full_load/s12,4238,15,1,3,W-00071|W-00072|W-00073
gcell/R1/qwen3.5-27b/full_load/s12,4377,15,2,1,W-00074
gcell/R1/qwen3.5-27b/full_load/s12,4419,15,3,1,W-00075
gcell/R1/qwen3.5-27b/full_load/s13,51,1,1,2,W-00001|W-00002
gcell/R1/qwen3.5-27b/full_load/s13,160,1,2,1,W-00003
gcell/R1/qwen3.5-27b/full_load/s13,275,1,3,2,W-00004|W-00005
gcell/R1/qwen3.5-27b/full_load/s13,376,2,1,2,W-00006|W-00007
gcell/R1/qwen3.5-27b/full_load/s13,409,2,1,1,W-00008
gcell/R1/qwen3.5-27b/full_load/s13,513,2,2,1,W-00009
gcell/R1/qwen3.5-27b/full_load/s13,582,2,3,1,W-00010
gcell/R1/qwen3.5-27b/full_load/s13,685,3,1,3,W-00011|W-00012|W-00013
gcell/R1/qwen3.5-27b/full_load/s13,827,3,2,2,W-00014|W-00015
gcell/R1/qwen3.5-27b/full_load/s13,1007,4,1,2,W-00016|W-00017
gcell/R1/qwen3.5-27b/full_load/s13,1153,4,3,3,W-00018|W-00019|W-00020
gcell/R1/qwen3.5-27b/full_load/s13,1278,5,1,4,W-00021|W-00022|W-00023|W-00024
gcell/R1/qwen3.5-27b/full_load/s13,1497,5,3,1,W-00025
gcell/R1/qwen3.5-27b/full_load/s13,1587,6,1,2,W-00026|W-00027
gcell/R1/qwen3.5-27b/full_load/s13,1674,6,2,1,W-00028
gcell/R1/qwen3.5-27b/full_load/s13,1762,6,3,2,W-00029|W-00030
gcell/R1/qwen3.5-27b/full_load/s13,1881,7,1,2,W-00031|W-00032
gcell/R1/qwen3.5-27b/full_load/s13,1951,7,1,1,W-00033
gcell/R1/qwen3.5-27b/full_load/s13,2025,7,2,1,W-00034
gcell/R1/qwen3.5-27b/full_load/s13,2076,7,3,1,W-00035
gcell/R1/qwen3.5-27b/full_load/s13,2146,8,1,3,W-00036|W-00037|W-00038
gcell/R1/qwen3.5-27b/full_load/s13,2300,8,2,2,W-00039|W-00040
gcell/R1/qwen3.5-27b/full_load/s13,2435,9,1,2,W-00041|W-00042
gcell/R1/qwen3.5-27b/full_load/s13,2600,9,3,3,W-00043|W-00044|W-00045
gcell/R1/qwen3.5-27b/full_load/s13,2788,10,2,2,W-00046|W-00047
gcell/R1/qwen3.5-27b/full_load/s13,2885,10,3,2,W-00048|W-00049
gcell/R1/qwen3.5-27b/full_load/s13,2929,10,3,1,W-00050
gcell/R1/qwen3.5-27b/full_load/s13,2995,11,1,2,W-00051|W-00052
gcell/R1/qwen3.5-27b/full_load/s13,3105,11,2,1,W-00053
gcell/R1/qwen3.5-27b/full_load/s13,3180,11,3,2,W-00054|W-00055
gcell/R1/qwen3.5-27b/full_load/s13,3313,12,1,2,W-00056|W-00057
gcell/R1/qwen3.5-27b/full_load/s13,3459,12,2,1,W-00058
gcell/R1/qwen3.5-27b/full_load/s13,3529,12,3,2,W-00059|W-00060
gcell/R1/qwen3.5-27b/full_load/s13,3666,13,1,3,W-00061|W-00062|W-00063
gcell/R1/qwen3.5-27b/full_load/s13,3769,13,2,1,W-00064
gcell/R1/qwen3.5-27b/full_load/s13,3819,13,3,1,W-00065
gcell/R1/qwen3.5-27b/full_load/s13,3921,14,1,1,W-00066
gcell/R1/qwen3.5-27b/full_load/s13,4011,14,3,4,W-00067|W-00068|W-00069|W-00070
gcell/R1/qwen3.5-27b/full_load/s13,4207,15,1,2,W-00071|W-00072
gcell/R1/qwen3.5-27b/full_load/s13,4285,15,2,1,W-00073
gcell/R1/qwen3.5-27b/full_load/s13,4355,15,3,2,W-00074|W-00075
gcell/R1/qwen3.5-27b/full_load/s14,32,1,1,1,W-00001
gcell/R1/qwen3.5-27b/full_load/s14,135,1,2,3,W-00002|W-00003|W-00004
gcell/R1/qwen3.5-27b/full_load/s14,285,1,3,1,W-00005
gcell/R1/qwen3.5-27b/full_load/s14,366,2,1,3,W-00006|W-00007|W-00008
gcell/R1/qwen3.5-27b/full_load/s14,560,2,3,2,W-00009|W-00010
gcell/R1/qwen3.5-27b/full_load/s14,711,3,1,2,W-00011|W-00012
gcell/R1/qwen3.5-27b/full_load/s14,751,3,2,2,W-00013|W-00014
gcell/R1/qwen3.5-27b/full_load/s14,833,3,3,1,W-00015
gcell/R1/qwen3.5-27b/full_load/s14,880,4,1,2,W-00016|W-00017
gcell/R1/qwen3.5-27b/full_load/s14,920,4,1,2,W-00018|W-00019
gcell/R1/qwen3.5-27b/full_load/s14,1036,4,2,1,W-00020
gcell/R1/qwen3.5-27b/full_load/s14,1266,5,1,2,W-00021|W-00022
gcell/R1/qwen3.5-27b/full_load/s14,1317,5,1,1,W-00023
gcell/R1/qwen3.5-27b/full_load/s14,1410,5,2,2,W-00024|W-00025
gcell/R1/qwen3.5-27b/full_load/s14,1565,6,1,1,W-00026
gcell/R1/qwen3.5-27b/full_load/s14,1634,6,2,1,W-00027
gcell/R1/qwen3.5-27b/full_load/s14,1734,6,3,3,W-00028|W-00029|W-00030
gcell/R1/qwen3.5-27b/full_load/s14,1838,7,1,2,W-00031|W-00032
gcell/R1/qwen3.5-27b/full_load/s14,1934,7,2,1,W-00033
gcell/R1/qwen3.5-27b/full_load/s14,1953,7,2,2,W-00034|W-00035
gcell/R1/qwen3.5-27b/full_load/s14,2109,8,1,3,W-00036|W-00037|W-00038
gcell/R1/qwen3.5-27b/full_load/s14,2231,8,2,1,W-00039
gcell/R1/qwen3.5-27b/full_load/s14,2275,8,3,1,W-00040
gcell/R1/qwen3.5-27b/full_load/s14,2365,9,1,1,W-00041
gcell/R1/qwen3.5-27b/full_load/s14,2459,9,2,2,W-00042|W-00043
gcell/R1/qwen3.5-27b/full_load/s14,2566,9,3,2,W-00044|W-00045
gcell/R1/qwen3.5-27b/full_load/s14,2654,10,1,2,W-00046|W-00047
gcell/R1/qwen3.5-27b/full_load/s14,2791,10,2,2,W-00048|W-00049
gcell/R1/qwen3.5-27b/full_load/s14,2909,10,3,1,W-00050
gcell/R1/qwen3.5-27b/full_load/s14,3020,11,1,1,W-00051
gcell/R1/qwen3.5-27b/full_load/s14,3075,11,2,2,W-00052|W-00053
gcell/R1/qwen3.5-27b/full_load/s14,3171,11,3,2,W-00054|W-00055
gcell/R1/qwen3.5-27b/full_load/s14,3256,12,1,1,W-00056
gcell/R1/qwen3.5-27b/full_load/s14,3323,12,2,2,W-00057|W-00058
gcell/R1/qwen3.5-27b/full_load/s14,3417,12,3,2,W-00059|W-00060
gcell/R1/qwen3.5-27b/full_load/s14,3505,13,1,2,W-00061|W-00062
gcell/R1/qwen3.5-27b/full_load/s14,3561,13,2,2,W-00063|W-00064
gcell/R1/qwen3.5-27b/full_load/s14,3643,13,3,1,W-00065
gcell/R1/qwen3.5-27b/full_load/s14,3710,14,1,2,W-00066|W-00067
gcell/R1/qwen3.5-27b/full_load/s14,3834,14,3,3,W-00068|W-00069|W-00070
gcell/R1/qwen3.5-27b/full_load/s14,3955,15,1,1,W-00071
gcell/R1/qwen3.5-27b/full_load/s14,4013,15,2,1,W-00072
gcell/R1/qwen3.5-27b/full_load/s14,4037,15,2,1,W-00073
gcell/R1/qwen3.5-27b/full_load/s14,4100,15,3,2,W-00074|W-00075
gcell/R1/qwen3.5-27b/ingress/s12,83,1,1,1,W-00001
gcell/R1/qwen3.5-27b/ingress/s12,261,1,3,4,W-00002|W-00003|W-00004|W-00005
gcell/R1/qwen3.5-27b/ingress/s12,767,2,1,2,W-00006|W-00007
gcell/R1/qwen3.5-27b/ingress/s12,958,2,2,1,W-00008
gcell/R1/qwen3.5-27b/ingress/s12,990,2,2,1,W-00009
gcell/R1/qwen3.5-27b/ingress/s12,1144,2,3,1,W-00010
gcell/R1/qwen3.5-27b/ingress/s12,1354,3,1,1,W-00011
gcell/R1/qwen3.5-27b/ingress/s12,1847,3,1,1,W-00012
gcell/R1/qwen3.5-27b/ingress/s12,2029,3,2,2,W-00013|W-00014
gcell/R1/qwen3.5-27b/ingress/s12,2481,3,3,1,W-00015
gcell/R1/qwen3.5-27b/ingress/s12,2808,4,1,2,W-00016|W-00017
gcell/R1/qwen3.5-27b/ingress/s12,3266,4,3,3,W-00018|W-00019|W-00020
gcell/R1/qwen3.5-27b/ingress/s12,3750,5,1,1,W-00021
gcell/R1/qwen3.5-27b/ingress/s12,3787,5,1,1,W-00022
gcell/R1/qwen3.5-27b/ingress/s12,3924,5,2,1,W-00023
gcell/R1/qwen3.5-27b/ingress/s12,4249,5,2,1,W-00024
gcell/R1/qwen3.5-27b/ingress/s12,4421,5,3,1,W-00025
gcell/R1/qwen3.5-27b/ingress/s12,4728,6,1,2,W-00026|W-00027
gcell/R1/qwen3.5-27b/ingress/s12,5126,6,2,2,W-00028|W-00029
gcell/R1/qwen3.5-27b/ingress/s12,5778,6,2,1,W-00030
gcell/R1/qwen3.5-27b/ingress/s12,6022,7,1,1,W-00031
gcell/R1/qwen3.5-27b/ingress/s12,6288,7,2,1,W-00032
gcell/R1/qwen3.5-27b/ingress/s12,6486,7,3,3,W-00033|W-00034|W-00035
gcell/R1/qwen3.5-27b/ingress/s12,6895,8,1,1,W-00036
gcell/R1/qwen3.5-27b/ingress/s12,6940,8,1,1,W-00037
gcell/R1/qwen3.5-27b/ingress/s12,7108,8,2,2,W-00038|W-00039
gcell/R1/qwen3.5-27b/ingress/s12,7608,8,3,1,W-00040
gcell/R1/qwen3.5-27b/ingress/s12,8360,9,1,1,W-00041
gcell/R1/qwen3.5-27b/ingress/s12,8623,9,2,3,W-00042|W-00043|W-00044
gcell/R1/qwen3.5-27b/ingress/s12,9058,9,3,1,W-00045
gcell/R1/qwen3.5-27b/ingress/s12,9316,10,1,1,W-00046
gcell/R1/qwen3.5-27b/ingress/s12,9551,10,2,1,W-00047
gcell/R1/qwen3.5-27b/ingress/s12,9884,10,3,1,W-00048
gcell/R1/qwen3.5-27b/ingress/s12,9938,10,3,2,W-00049|W-00050
gcell/R1/qwen3.5-27b/ingress/s12,10129,11,1,1,W-00051
gcell/R1/qwen3.5-27b/ingress/s12,10194,11,2,2,W-00052|W-00053
gcell/R1/qwen3.5-27b/ingress/s12,10650,11,3,1,W-00054
gcell/R1/qwen3.5-27b/ingress/s12,10957,11,3,1,W-00055
gcell/R1/qwen3.5-27b/ingress/s12,11093,12,1,4,W-00056|W-00057|W-00058|W-00059
gcell/R1/qwen3.5-27b/ingress/s12,11915,12,2,1,W-00060
gcell/R1/qwen3.5-27b/ingress/s13,51,1,1,2,W-00001|W-00002
gcell/R1/qwen3.5-27b/ingress/s13,254,1,2,1,W-00003
gcell/R1/qwen3.5-27b/ingress/s13,424,1,3,2,W-00004|W-00005
gcell/R1/qwen3.5-27b/ingress/s13,732,2,1,2,W-00006|W-00007
gcell/R1/qwen3.5-27b/ingress/s13,911,2,1,1,W-00008
gcell/R1/qwen3.5-27b/ingress/s13,1106,2,2,1,W-00009
gcell/R1/qwen3.5-27b/ingress/s13,1336,2,3,1,W-00010
gcell/R1/qwen3.5-27b/ingress/s13,1636,3,1,3,W-00011|W-00012|W-00013
gcell/R1/qwen3.5-27b/ingress/s13,2083,3,2,2,W-00014|W-00015
gcell/R1/qwen3.5-27b/ingress/s13,2580,4,1,2,W-00016|W-00017
gcell/R1/qwen3.5-27b/ingress/s13,2947,4,3,3,W-00018|W-00019|W-00020
gcell/R1/qwen3.5-27b/ingress/s13,3525,5,1,4,W-00021|W-00022|W-00023|W-00024
gcell/R1/qwen3.5-27b/ingress/s13,4799,5,3,1,W-00025
gcell/R1/qwen3.5-27b/ingress/s13,4959,6,1,2,W-00026|W-00027
gcell/R1/qwen3.5-27b/ingress/s13,5250,6,2,1,W-00028
gcell/R1/qwen3.5-27b/ingress/s13,5314,6,3,2,W-00029|W-00030
gcell/R1/qwen3.5-27b/ingress/s13,5704,7,1,2,W-00031|W-00032
gcell/R1/qwen3.5-27b/ingress/s13,6121,7,1,1,W-00033
gcell/R1/qwen3.5-27b/ingress/s13,6268,7,2,1,W-00034
gcell/R1/qwen3.5-27b/ingress/s13,6457,7,3,1,W-00035
gcell/R1/qwen3.5-27b/ingress/s13,6603,8,1,3,W-00036|W-00037|W-00038
gcell/R1/qwen3.5-27b/ingress/s13,7388,8,2,2,W-00039|W-00040
gcell/R1/qwen3.5-27b/ingress/s13,7629,9,1,2,W-00041|W-00042
gcell/R1/qwen3.5-27b/ingress/s13,8179,9,3,3,W-00043|W-00044|W-00045
gcell/R1/qwen3.5-27b/ingress/s13,8774,10,2,2,W-00046|W-00047
gcell/R1/qwen3.5-27b/ingress/s13,9019,10,3,2,W-00048|W-00049
gcell/R1/qwen3.5-27b/ingress/s13,9412,10,3,1,W-00050
gcell/R1/qwen3.5-27b/ingress/s13,9545,11,1,2,W-00051|W-00052
gcell/R1/qwen3.5-27b/ingress/s13,10054,11,2,1,W-00053
gcell/R1/qwen3.5-27b/ingress/s13,10204,11,3,2,W-00054|W-00055
gcell/R1/qwen3.5-27b/ingress/s13,10531,12,1,2,W-00056|W-00057
gcell/R1/qwen3.5-27b/ingress/s13,11298,12,2,1,W-00058
gcell/R1/qwen3.5-27b/ingress/s13,11552,12,3,2,W-00059|W-00060
gcell/R1/qwen3.5-27b/ingress/s13,11941,13,1,3,W-00061|W-00062|W-00063
gcell/R1/qwen3.5-27b/ingress/s13,12346,13,2,1,W-00064
gcell/R1/qwen3.5-27b/ingress/s13,12540,13,3,1,W-00065
gcell/R1/qwen3.5-27b/ingress/s13,12719,14,1,1,W-00066
gcell/R1/qwen3.5-27b/ingress/s13,13245,14,3,4,W-00067|W-00068|W-00069|W-00070
gcell/R1/qwen3.5-27b/ingress/s13,14668,15,1,2,W-00071|W-00072
gcell/R1/qwen3.5-27b/ingress/s13,15149,15,2,1,W-00073
gcell/R1/qwen3.5-27b/ingress/s13,15313,15,3,2,W-00074|W-00075
gcell/R1/qwen3.5-27b/ingress/s14,32,1,1,1,W-00001
gcell/R1/qwen3.5-27b/ingress/s14,170,1,2,3,W-00002|W-00003|W-00004
gcell/R1/qwen3.5-27b/ingress/s14,620,1,3,1,W-00005
gcell/R1/qwen3.5-27b/ingress/s14,724,2,1,3,W-00006|W-00007|W-00008
gcell/R1/qwen3.5-27b/ingress/s14,1245,2,3,2,W-00009|W-00010
gcell/R1/qwen3.5-27b/ingress/s14,1802,3,1,2,W-00011|W-00012
gcell/R1/qwen3.5-27b/ingress/s14,2081,3,2,2,W-00013|W-00014
gcell/R1/qwen3.5-27b/ingress/s14,2254,3,3,1,W-00015
gcell/R1/qwen3.5-27b/ingress/s14,2359,4,1,2,W-00016|W-00017
gcell/R1/qwen3.5-27b/ingress/s14,2452,4,1,2,W-00018|W-00019
gcell/R1/qwen3.5-27b/ingress/s14,2772,4,2,1,W-00020
gcell/R1/qwen3.5-27b/ingress/s14,3847,5,1,2,W-00021|W-00022
gcell/R1/qwen3.5-27b/ingress/s14,4434,5,1,1,W-00023
gcell/R1/qwen3.5-27b/ingress/s14,4569,5,2,2,W-00024|W-00025
gcell/R1/qwen3.5-27b/ingress/s14,4809,6,1,1,W-00026
gcell/R1/qwen3.5-27b/ingress/s14,4954,6,2,1,W-00027
gcell/R1/qwen3.5-27b/ingress/s14,5216,6,3,3,W-00028|W-00029|W-00030
gcell/R1/qwen3.5-27b/ingress/s14,5765,7,1,2,W-00031|W-00032
gcell/R1/qwen3.5-27b/ingress/s14,6274,7,2,1,W-00033
gcell/R1/qwen3.5-27b/ingress/s14,6316,7,2,2,W-00034|W-00035
gcell/R1/qwen3.5-27b/ingress/s14,6807,8,1,3,W-00036|W-00037|W-00038
gcell/R1/qwen3.5-27b/ingress/s14,7298,8,2,1,W-00039
gcell/R1/qwen3.5-27b/ingress/s14,7478,8,3,1,W-00040
gcell/R1/qwen3.5-27b/ingress/s14,7601,9,1,1,W-00041
gcell/R1/qwen3.5-27b/ingress/s14,7871,9,2,2,W-00042|W-00043
gcell/R1/qwen3.5-27b/ingress/s14,8313,9,3,2,W-00044|W-00045
gcell/R1/qwen3.5-27b/ingress/s14,8637,10,1,2,W-00046|W-00047
gcell/R1/qwen3.5-27b/ingress/s14,8882,10,2,2,W-00048|W-00049
gcell/R1/qwen3.5-27b/ingress/s14,9562,10,3,1,W-00050
gcell/R1/qwen3.5-27b/ingress/s14,9716,11,1,1,W-00051
gcell/R1/qwen3.5-27b/ingress/s14,9796,11,2,2,W-00052|W-00053
gcell/R1/qwen3.5-27b/ingress/s14,10393,11,3,2,W-00054|W-00055
gcell/R1/qwen3.5-27b/ingress/s14,10625,12,1,1,W-00056
gcell/R1/qwen3.5-27b/ingress/s14,10760,12,2,2,W-00057|W-00058
gcell/R1/qwen3.5-27b/ingress/s14,11063,12,3,2,W-00059|W-00060
gcell/R1/qwen3.5-27b/ingress/s14,11461,13,1,2,W-00061|W-00062
gcell/R1/qwen3.5-27b/ingress/s14,11731,13,2,2,W-00063|W-00064
gcell/R1/qwen3.5-27b/ingress/s14,12112,13,3,1,W-00065
gcell/R1/qwen3.5-27b/ingress/s14,12273,14,1,2,W-00066|W-00067
gcell/R1/qwen3.5-27b/ingress/s14,12679,14,3,3,W-00068|W-00069|W-00070
gcell/R1/qwen3.5-27b/ingress/s14,13101,15,1,1,W-00071
gcell/R1/qwen3.5-27b/ingress/s14,13306,15,2,1,W-00072
gcell/R1/qwen3.5-27b/ingress/s14,13499,15,2,1,W-00073
gcell/R1/qwen3.5-27b/ingress/s14,13614,15,3,2,W-00074|W-00075
gcell/R1/qwen3.5-27b/routing/s12,83,1,1,1,W-00001
gcell/R1/qwen3.5-27b/routing/s12,265,1,3,4,W-00002|W-00003|W-00004|W-00005
gcell/R1/qwen3.5-27b/routing/s12,872,2,1,2,W-00006|W-00007
gcell/R1/qwen3.5-27b/routing/s12,1164,2,2,1,W-00008
gcell/R1/qwen3.5-27b/routing/s12,1181,2,2,1,W-00009
gcell/R1/qwen3.5-27b/routing/s12,1318,2,3,1,W-00010
gcell/R1/qwen3.5-27b/routing/s12,1531,3,1,1,W-00011
gcell/R1/qwen3.5-27b/routing/s12,1676,3,1,1,W-00012
gcell/R1/qwen3.5-27b/routing/s12,1862,3,2,2,W-00013|W-00014
gcell/R1/qwen3.5-27b/routing/s12,2257,3,3,1,W-00015
gcell/R1/qwen3.5-27b/routing/s12,2452,4,1,2,W-00016|W-00017
gcell/R1/qwen3.5-27b/routing/s12,2717,4,3,3,W-00018|W-00019|W-00020
gcell/R1/qwen3.5-27b/routing/s12,3135,5,1,1,W-00021
gcell/R1/qwen3.5-27b/routing/s12,3183,5,1,1,W-00022
gcell/R1/qwen3.5-27b/routing/s12,3385,5,2,1,W-00023
gcell/R1/qwen3.5-27b/routing/s12,3647,5,2,1,W-00024
gcell/R1/qwen3.5-27b/routing/s12,3870,5,3,1,W-00025
gcell/R1/qwen3.5-27b/routing/s12,4083,6,1,2,W-00026|W-00027
gcell/R1/qwen3.5-27b/routing/s12,4405,6,2,2,W-00028|W-00029
gcell/R1/qwen3.5-27b/routing/s12,4747,6,2,1,W-00030
gcell/R1/qwen3.5-27b/routing/s12,4916,7,1,1,W-00031
gcell/R1/qwen3.5-27b/routing/s12,5159,7,2,1,W-00032
gcell/R1/qwen3.5-27b/routing/s12,5269,7,3,3,W-00033|W-00034|W-00035
gcell/R1/qwen3.5-27b/routing/s12,5514,8,1,1,W-00036
gcell/R1/qwen3.5-27b/routing/s12,5572,8,1,1,W-00037
gcell/R1/qwen3.5-27b/routing/s12,5732,8,2,2,W-00038|W-00039
gcell/R1/qwen3.5-27b/routing/s12,6153,8,3,1,W-00040
gcell/R1/qwen3.5-27b/routing/s12,6375,9,1,1,W-00041
gcell/R1/qwen3.5-27b/routing/s12,6658,9,2,3,W-00042|W-00043|W-00044
gcell/R1/qwen3.5-27b/routing/s12,7087,9,3,1,W-00045
gcell/R1/qwen3.5-27b/routing/s12,7244,10,1,1,W-00046
gcell/R1/qwen3.5-27b/routing/s12,7439,10,2,1,W-00047
gcell/R1/qwen3.5-27b/routing/s12,7611,10,3,1,W-00048
gcell/R1/qwen3.5-27b/routing/s12,7650,10,3,2,W-00049|W-00050
gcell/R1/qwen3.5-27b/routing/s12,7940,11,1,1,W-00051
gcell/R1/qwen3.5-27b/routing/s12,8063,11,2,2,W-00052|W-00053
gcell/R1/qwen3.5-27b/routing/s12,8492,11,3,1,W-00054
gcell/R1/qwen3.5-27b/routing/s12,8662,11,3,1,W-00055
gcell/R1/qwen3.5-27b/routing/s12,8810,12,1,4,W-00056|W-00057|W-00058|W-00059
gcell/R1/qwen3.5-27b/routing/s12,9149,12,2,1,W-00060
gcell/R1/qwen3.5-27b/routing/s12,9336,13,1,2,W-00061|W-00062
gcell/R1/qwen3.5-27b/routing/s12,9558,13,2,1,W-00063
gcell/R1/qwen3.5-27b/routing/s12,9633,13,3,1,W-00064
gcell/R1/qwen3.5-27b/routing/s12,9731,13,3,1,W-00065
gcell/R1/qwen3.5-27b/routing/s12,9863,14,1,1,W-00066
gcell/R1/qwen3.5-27b/routing/s12,10037,14,2,3,W-00067|W-00068|W-00069
gcell/R1/qwen3.5-27b/routing/s12,10551,14,3,1,W-00070
gcell/R1/qwen3.5-27b/routing/s12,10741,15,1,3,W-00071|W-00072|W-00073
gcell/R1/qwen3.5-27b/routing/s12,11111,15,2,1,W-00074
gcell/R1/qwen3.5-27b/routing/s12,11306,15,3,1,W-00075
gcell/R1/qwen3.5-27b/routing/s13,51,1,1,2,W-00001|W-00002
gcell/R1/qwen3.5-27b/routing/s13,453,1,2,1,W-00003
gcell/R1/qwen3.5-27b/routing/s13,621,1,3,2,W-00004|W-00005
gcell/R1/qwen3.5-27b/routing/s13,854,2,1,2,W-00006|W-00007
gcell/R1/qwen3.5-27b/routing/s13,1017,2,1,1,W-00008
gcell/R1/qwen3.5-27b/routing/s13,1176,2,2,1,W-00009
gcell/R1/qwen3.5-27b/routing/s13,1444,2,3,1,W-00010
gcell/R1/qwen3.5-27b/routing/s13,1640,3,1,3,W-00011|W-00012|W-00013
gcell/R1/qwen3.5-27b/routing/s13,2270,3,2,2,W-00014|W-00015
gcell/R1/qwen3.5-27b/routing/s13,2645,4,1,2,W-00016|W-00017
gcell/R1/qwen3.5-27b/routing/s13,3316,4,3,3,W-00018|W-00019|W-00020
gcell/R1/qwen3.5-27b/routing/s13,3783,5,1,4,W-00021|W-00022|W-00023|W-00024
gcell/R1/qwen3.5-27b/routing/s13,4529,5,3,1,W-00025
gcell/R1/qwen3.5-27b/routing/s13,4681,6,1,2,W-00026|W-00027
gcell/R1/qwen3.5-27b/routing/s13,5094,6,2,1,W-00028
gcell/R1/qwen3.5-27b/routing/s13,5174,6,3,2,W-00029|W-00030
gcell/R1/qwen3.5-27b/routing/s13,5617,7,1,2,W-00031|W-00032
gcell/R1/qwen3.5-27b/routing/s13,5948,7,1,1,W-00033
gcell/R1/qwen3.5-27b/routing/s13,6094,7,2,1,W-00034
gcell/R1/qwen3.5-27b/routing/s13,6237,7,3,1,W-00035
gcell/R1/qwen3.5-27b/routing/s13,6374,8,1,3,W-00036|W-00037|W-00038
gcell/R1/qwen3.5-27b/routing/s13,6906,8,2,2,W-00039|W-00040
gcell/R1/qwen3.5-27b/routing/s13,7188,9,1,2,W-00041|W-00042
gcell/R1/qwen3.5-27b/routing/s13,7580,9,3,3,W-00043|W-00044|W-00045
gcell/R1/qwen3.5-27b/routing/s13,8347,10,2,2,W-00046|W-00047
gcell/R1/qwen3.5-27b/routing/s13,8541,10,3,2,W-00048|W-00049
gcell/R1/qwen3.5-27b/routing/s13,8643,10,3,1,W-00050
gcell/R1/qwen3.5-27b/routing/s13,8762,11,1,2,W-00051|W-00052
gcell/R1/qwen3.5-27b/routing/s13,9036,11,2,1,W-00053
gcell/R1/qwen3.5-27b/routing/s13,9134,11,3,2,W-00054|W-00055
gcell/R1/qwen3.5-27b/routing/s13,9482,12,1,2,W-00056|W-00057
gcell/R1/qwen3.5-27b/routing/s13,9864,12,2,1,W-00058
gcell/R1/qwen3.5-27b/routing/s13,10021,12,3,2,W-00059|W-00060
gcell/R1/qwen3.5-27b/routing/s13,10289,13,1,3,W-00061|W-00062|W-00063
gcell/R1/qwen3.5-27b/routing/s13,10607,13,2,1,W-00064
gcell/R1/qwen3.5-27b/routing/s13,10738,13,3,1,W-00065
gcell/R1/qwen3.5-27b/routing/s13,10901,14,1,1,W-00066
gcell/R1/qwen3.5-27b/routing/s13,11114,14,3,4,W-00067|W-00068|W-00069|W-00070
gcell/R1/qwen3.5-27b/routing/s13,11660,15,1,2,W-00071|W-00072
gcell/R1/qwen3.5-27b/routing/s13,11909,15,2,1,W-00073
gcell/R1/qwen3.5-27b/routing/s13,12019,15,3,2,W-00074|W-00075
gcell/R1/qwen3.5-27b/routing/s14,32,1,1,1,W-00001
gcell/R1/qwen3.5-27b/routing/s14,163,1,2,3,W-00002|W-00003|W-00004
gcell/R1/qwen3.5-27b/routing/s14,596,1,3,1,W-00005
gcell/R1/qwen3.5-27b/routing/s14,704,2,1,3,W-00006|W-00007|W-00008
gcell/R1/qwen3.5-27b/routing/s14,1281,2,3,2,W-00009|W-00010
gcell/R1/qwen3.5-27b/routing/s14,1609,3,1,2,W-00011|W-00012
gcell/R1/qwen3.5-27b/routing/s14,1830,3,2,2,W-00013|W-00014
gcell/R1/qwen3.5-27b/routing/s14,2026,3,3,1,W-00015
gcell/R1/qwen3.5-27b/routing/s14,2123,4,1,2,W-00016|W-00017
gcell/R1/qwen3.5-27b/routing/s14,2234,4,1,2,W-00018|W-00019
gcell/R1/qwen3.5-27b/routing/s14,2584,4,2,1,W-00020
gcell/R1/qwen3.5-27b/routing/s14,3029,5,1,2,W-00021|W-00022
gcell/R1/qwen3.5-27b/routing/s14,3259,5,1,1,W-00023
gcell/R1/qwen3.5-27b/routing/s14,3396,5,2,2,W-00024|W-00025
gcell/R1/qwen3.5-27b/routing/s14,3642,6,1,1,W-00026
gcell/R1/qwen3.5-27b/routing/s14,3839,6,2,1,W-00027
gcell/R1/qwen3.5-27b/routing/s14,4050,6,3,3,W-00028|W-00029|W-00030
gcell/R1/qwen3.5-27b/routing/s14,4392,7,1,2,W-00031|W-00032
gcell/R1/qwen3.5-27b/routing/s14,4780,7,2,1,W-00033
gcell/R1/qwen3.5-27b/routing/s14,4843,7,2,2,W-00034|W-00035
gcell/R1/qwen3.5-27b/routing/s14,5305,8,1,3,W-00036|W-00037|W-00038
gcell/R1/qwen3.5-27b/routing/s14,5732,8,2,1,W-00039
gcell/R1/qwen3.5-27b/routing/s14,5861,8,3,1,W-00040
gcell/R1/qwen3.5-27b/routing/s14,5989,9,1,1,W-00041
gcell/R1/qwen3.5-27b/routing/s14,6188,9,2,2,W-00042|W-00043
gcell/R1/qwen3.5-27b/routing/s14,6571,9,3,2,W-00044|W-00045
gcell/R1/qwen3.5-27b/routing/s14,6846,10,1,2,W-00046|W-00047
gcell/R1/qwen3.5-27b/routing/s14,7049,10,2,2,W-00048|W-00049
gcell/R1/qwen3.5-27b/routing/s14,7433,10,3,1,W-00050
gcell/R1/qwen3.5-27b/routing/s14,7637,11,1,1,W-00051
gcell/R1/qwen3.5-27b/routing/s14,7702,11,2,2,W-00052|W-00053
gcell/R1/qwen3.5-27b/routing/s14,7952,11,3,2,W-00054|W-00055
gcell/R1/qwen3.5-27b/routing/s14,8230,12,1,1,W-00056
gcell/R1/qwen3.5-27b/routing/s14,8353,12,2,2,W-00057|W-00058
gcell/R1/qwen3.5-27b/routing/s14,8638,12,3,2,W-00059|W-00060
gcell/R1/qwen3.5-27b/routing/s14,8929,13,1,2,W-00061|W-00062
gcell/R1/qwen3.5-27b/routing/s14,9156,13,2,2,W-00063|W-00064
gcell/R1/qwen3.5-27b/routing/s14,9389,13,3,1,W-00065
gcell/R1/qwen3.5-27b/routing/s14,9623,14,1,2,W-00066|W-00067
gcell/R1/qwen3.5-27b/routing/s14,9931,14,3,3,W-00068|W-00069|W-00070
gcell/R1/qwen3.5-27b/routing/s14,10356,15,1,1,W-00071
gcell/R1/qwen3.5-27b/routing/s14,10467,15,2,1,W-00072
gcell/R1/qwen3.5-27b/routing/s14,10637,15,2,1,W-00073
gcell/R1/qwen3.5-27b/routing/s14,10754,15,3,2,W-00074|W-00075
gcell/R3/qwen3.5-27b/direct/s12,177,1,1,3,W-00001|W-00002|W-00003
gcell/R3/qwen3.5-27b/direct/s12,445,1,2,4,W-00004|W-00005|W-00006|W-00007
gcell/R3/qwen3.5-27b/direct/s12,827,1,2,4,W-00008|W-00009|W-00010|W-00011
gcell/R3/qwen3.5-27b/direct/s12,1206,1,2,1,W-00012
gcell/R3/qwen3.5-27b/direct/s12,1375,1,3,1,W-00013
gcell/R3/qwen3.5-27b/direct/s12,1491,1,3,1,W-00014
gcell/R3/qwen3.5-27b/direct/s12,1511,1,3,1,W-00015
gcell/R3/qwen3.5-27b/direct/s12,1755,2,1,2,W-00016|W-00017
gcell/R3/qwen3.5-27b/direct/s12,2135,2,2,4,W-00018|W-00019|W-00020|W-00021
gcell/R3/qwen3.5-27b/direct/s12,2715,2,2,1,W-00022
gcell/R3/qwen3.5-27b/direct/s12,2893,2,3,3,W-00023|W-00024|W-00025
gcell/R3/qwen3.5-27b/direct/s12,3136,2,3,4,W-00026|W-00027|W-00028|W-00029
gcell/R3/qwen3.5-27b/direct/s12,3388,2,3,1,W-00030
gcell/R3/qwen3.5-27b/direct/s12,3872,3,1,2,W-00031|W-00032
gcell/R3/qwen3.5-27b/direct/s12,4190,3,2,3,W-00033|W-00034|W-00035
gcell/R3/qwen3.5-27b/direct/s12,4405,3,2,3,W-00036|W-00037|W-00038
gcell/R3/qwen3.5-27b/direct/s12,4711,3,3,7,W-00039|W-00040|W-00041|W-00042|W-00043|W-00044|W-00045
gcell/R3/qwen3.5-27b/direct/s12,5207,4,1,1,W-00046
gcell/R3/qwen3.5-27b/direct/s12,5246,4,1,1,W-00047
gcell/R3/qwen3.5-27b/direct/s12,5409,4,1,4,W-00048|W-00049|W-00050|W-00051
gcell/R3/qwen3.5-27b/direct/s12,5768,4,2,2,W-00052|W-00053
gcell/R3/qwen3.5-27b/direct/s12,5867,4,2,2,W-00054|W-00055
gcell/R3/qwen3.5-27b/direct/s12,6024,4,2,2,W-00056|W-00057
gcell/R3/qwen3.5-27b/direct/s12,6303,4,3,1,W-00058
gcell/R3/qwen3.5-27b/direct/s12,6419,4,3,2,W-00059|W-00060
gcell/R3/qwen3.5-27b/direct/s12,6714,5,1,4,W-00061|W-00062|W-00063|W-00064
gcell/R3/qwen3.5-27b/direct/s12,7200,5,2,4,W-00065|W-00066|W-00067|W-00068
gcell/R3/qwen3.5-27b/direct/s12,7355,5,2,2,W-00069|W-00070
gcell/R3/qwen3.5-27b/direct/s12,7427,5,2,2,W-00071|W-00072
gcell/R3/qwen3.5-27b/direct/s12,7700,5,3,3,W-00073|W-00074|W-00075
gcell/R3/qwen3.5-27b/direct/s12,8315,6,1,1,W-00076
gcell/R3/qwen3.5-27b/direct/s12,8417,6,1,3,W-00077|W-00078|W-00079
gcell/R3/qwen3.5-27b/direct/s12,8791,6,2,1,W-00080
gcell/R3/qwen3.5-27b/direct/s12,8823,6,2,4,W-00081|W-00082|W-00083|W-00084
gcell/R3/qwen3.5-27b/direct/s12,9090,6,2,2,W-00085|W-00086
gcell/R3/qwen3.5-27b/direct/s12,9333,6,3,4,W-00087|W-00088|W-00089|W-00090
gcell/R3/qwen3.5-27b/direct/s12,9826,7,1,2,W-00091|W-00092
gcell/R3/qwen3.5-27b/direct/s12,9928,7,1,1,W-00093
gcell/R3/qwen3.5-27b/direct/s12,10082,7,1,5,W-00094|W-00095|W-00096|W-00097|W-00098
gcell/R3/qwen3.5-27b/direct/s12,10537,7,2,1,W-00099
gcell/R3/qwen3.5-27b/direct/s12,10606,7,2,1,W-00100
gcell/R3/qwen3.5-27b/direct/s12,10740,7,2,1,W-00101
gcell/R3/qwen3.5-27b/direct/s12,10945,7,3,4,W-00102|W-00103|W-00104|W-00105
gcell/R3/qwen3.5-27b/direct/s12,11342,8,1,4,W-00106|W-00107|W-00108|W-00109
gcell/R3/qwen3.5-27b/direct/s12,11617,8,1,1,W-00110
gcell/R3/qwen3.5-27b/direct/s12,11829,8,2,1,W-00111
gcell/R3/qwen3.5-27b/direct/s12,11894,8,2,1,W-00112
gcell/R3/qwen3.5-27b/direct/s12,12054,8,2,4,W-00113|W-00114|W-00115|W-00116
gcell/R3/qwen3.5-27b/direct/s12,12324,8,3,1,W-00117
gcell/R3/qwen3.5-27b/direct/s12,12473,8,3,3,W-00118|W-00119|W-00120
gcell/R3/qwen3.5-27b/direct/s12,12771,9,1,1,W-00121
gcell/R3/qwen3.5-27b/direct/s12,12812,9,1,4,W-00122|W-00123|W-00124|W-00125
gcell/R3/qwen3.5-27b/direct/s12,13391,9,2,4,W-00126|W-00127|W-00128|W-00129
gcell/R3/qwen3.5-27b/direct/s12,13728,9,2,1,W-00130
gcell/R3/qwen3.5-27b/direct/s12,13944,9,3,1,W-00131
gcell/R3/qwen3.5-27b/direct/s12,13953,9,3,3,W-00132|W-00133|W-00134
gcell/R3/qwen3.5-27b/direct/s12,14135,9,3,1,W-00135
gcell/R3/qwen3.5-27b/direct/s12,14445,10,1,5,W-00136|W-00137|W-00138|W-00139|W-00140
gcell/R3/qwen3.5-27b/direct/s12,15018,10,1,1,W-00141
gcell/R3/qwen3.5-27b/direct/s12,15268,10,2,1,W-00142
gcell/R3/qwen3.5-27b/direct/s12,15311,10,2,3,W-00143|W-00144|W-00145
gcell/R3/qwen3.5-27b/direct/s12,15787,10,3,3,W-00146|W-00147|W-00148
gcell/R3/qwen3.5-27b/direct/s12,16005,10,3,1,W-00149
gcell/R3/qwen3.5-27b/direct/s12,16096,10,3,1,W-00150
gcell/R3/qwen3.5-27b/direct/s12,16329,11,1,3,W-00151|W-00152|W-00153
gcell/R3/qwen3.5-27b/direct/s12,16779,11,2,5,W-00154|W-00155|W-00156|W-00157|W-00158
gcell/R3/qwen3.5-27b/direct/s12,17124,11,3,3,W-00159|W-00160|W-00161
gcell/R3/qwen3.5-27b/direct/s12,17258,11,3,2,W-00162|W-00163
gcell/R3/qwen3.5-27b/direct/s12,17407,11,3,2,W-00164|W-00165
gcell/R3/qwen3.5-27b/direct/s12,17850,12,1,1,W-00166
gcell/R3/qwen3.5-27b/direct/s12,18084,12,1,1,W-00167
gcell/R3/qwen3.5-27b/direct/s12,18255,12,1,2,W-00168|W-00169
gcell/R3/qwen3.5-27b/direct/s12,18722,12,2,5,W-00170|W-00171|W-00172|W-00173|W-00174
gcell/R3/qwen3.5-27b/direct/s12,19228,12,3,2,W-00175|W-00176
gcell/R3/qwen3.5-27b/direct/s12,19369,12,3,2,W-00177|W-00178
gcell/R3/qwen3.5-27b/direct/s12,19424,12,3,1,W-00179
gcell/R3/qwen3.5-27b/direct/s12,19534,12,3,1,W-00180
gcell/R3/qwen3.5-27b/direct/s12,19829,13,1,5,W-00181|W-00182|W-00183|W-00184|W-00185
gcell/R3/qwen3.5-27b/direct/s12,20476,13,2,7,W-00186|W-00187|W-00188|W-00189|W-00190|W-00191|W-00192
gcell/R3/qwen3.5-27b/direct/s12,21131,13,3,1,W-00193
gcell/R3/qwen3.5-27b/direct/s12,21249,13,3,2,W-00194|W-00195
gcell/R3/qwen3.5-27b/direct/s12,21574,14,1,3,W-00196|W-00197|W-00198
gcell/R3/qwen3.5-27b/direct/s12,21902,14,2,4,W-00199|W-00200|W-00201|W-00202
gcell/R3/qwen3.5-27b/direct/s12,22179,14,3,1,W-00203
gcell/R3/qwen3.5-27b/direct/s12,22202,14,3,7,W-00204|W-00205|W-00206|W-00207|W-00208|W-00209|W-00210
gcell/R3/qwen3.5-27b/direct/s12,22664,15,1,8,W-00211|W-00212|W-00213|W-00214|W-00215|W-00216|W-00217|W-00218
gcell/R3/qwen3.5-27b/direct/s12,23674,15,2,3,W-00219|W-00220|W-00221
gcell/R3/qwen3.5-27b/direct/s12,23941,15,3,4,W-00222|W-00223|W-00224|W-00225
gcell/R3/qwen3.5-27b/direct/s13,163,1,1,3,W-00001|W-00002|W-00003
gcell/R3/qwen3.5-27b/direct/s13,321,1,1,1,W-00004
gcell/R3/qwen3.5-27b/direct/s13,559,1,2,1,W-00005
gcell/R3/qwen3.5-27b/direct/s13,584,1,2,6,W-00006|W-00007|W-00008|W-00009|W-00010|W-00011
gcell/R3/qwen3.5-27b/direct/s13,1037,1,3,4,W-00012|W-00013|W-00014|W-00015
gcell/R3/qwen3.5-27b/direct/s13,1489,2,1,5,W-00016|W-00017|W-00018|W-00019|W-00020
gcell/R3/qwen3.5-27b/direct/s13,1899,2,2,2,W-00021|W-00022
gcell/R3/qwen3.5-27b/direct/s13,2047,2,2,4,W-00023|W-00024|W-00025|W-00026
gcell/R3/qwen3.5-27b/direct/s13,2170,2,2,1,W-00027
gcell/R3/qwen3.5-27b/direct/s13,2257,2,2,1,W-00028
gcell/R3/qwen3.5-27b/direct/s13,2486,2,3,2,W-00029|W-00030
gcell/R3/qwen3.5-27b/direct/s13,2743,3,1,4,W-00031|W-00032|W-00033|W-00034
gcell/R3/qwen3.5-27b/direct/s13,3317,3,2,1,W-00035
gcell/R3/qwen3.5-27b/direct/s13,3338,3,2,4,W-00036|W-00037|W-00038|W-00039
gcell/R3/qwen3.5-27b/direct/s13,3738,3,3,6,W-00040|W-00041|W-00042|W-00043|W-00044|W-00045
gcell/R3/qwen3.5-27b/direct/s13,4230,4,1,4,W-00046|W-00047|W-00048|W-00049
gcell/R3/qwen3.5-27b/direct/s13,4506,4,1,2,W-00050|W-00051
gcell/R3/qwen3.5-27b/direct/s13,4801,4,2,3,W-00052|W-00053|W-00054
gcell/R3/qwen3.5-27b/direct/s13,5236,4,3,4,W-00055|W-00056|W-00057|W-00058
gcell/R3/qwen3.5-27b/direct/s13,5446,4,3,2,W-00059|W-00060
gcell/R3/qwen3.5-27b/direct/s13,5698,5,1,3,W-00061|W-00062|W-00063
gcell/R3/qwen3.5-27b/direct/s13,6123,5,1,1,W-00064
gcell/R3/qwen3.5-27b/direct/s13,6546,5,2,1,W-00065
gcell/R3/qwen3.5-27b/direct/s13,6571,5,2,2,W-00066|W-00067
gcell/R3/qwen3.5-27b/direct/s13,6672,5,2,1,W-00068
gcell/R3/qwen3.5-27b/direct/s13,6705,5,2,1,W-00069
gcell/R3/qwen3.5-27b/direct/s13,6901,5,3,6,W-00070|W-00071|W-00072|W-00073|W-00074|W-00075
gcell/R3/qwen3.5-27b/direct/s13,7342,6,1,3,W-00076|W-00077|W-00078
gcell/R3/qwen3.5-27b/direct/s13,7918,6,2,1,W-00079
gcell/R3/qwen3.5-27b/direct/s13,7950,6,2,2,W-00080|W-00081
gcell/R3/qwen3.5-27b/direct/s13,8209,6,3,1,W-00082
gcell/R3/qwen3.5-27b/direct/s13,8246,6,3,8,W-00083|W-00084|W-00085|W-00086|W-00087|W-00088|W-00089|W-00090
gcell/R3/qwen3.5-27b/direct/s13,8923,7,1,8,W-00091|W-00092|W-00093|W-00094|W-00095|W-00096|W-00097|W-00098
gcell/R3/qwen3.5-27b/direct/s13,9401,7,2,5,W-00099|W-00100|W-00101|W-00102|W-00103
gcell/R3/qwen3.5-27b/direct/s13,9715,7,3,2,W-00104|W-00105
gcell/R3/qwen3.5-27b/direct/s13,9952,8,1,4,W-00106|W-00107|W-00108|W-00109
gcell/R3/qwen3.5-27b/direct/s13,10364,8,2,3,W-00110|W-00111|W-00112
gcell/R3/qwen3.5-27b/direct/s13,10500,8,2,2,W-00113|W-00114
gcell/R3/qwen3.5-27b/direct/s13,10843,8,3,6,W-00115|W-00116|W-00117|W-00118|W-00119|W-00120
gcell/R3/qwen3.5-27b/direct/s13,11746,9,1,1,W-00121
gcell/R3/qwen3.5-27b/direct/s13,11769,9,1,2,W-00122|W-00123
gcell/R3/qwen3.5-27b/direct/s13,11845,9,1,1,W-00124
gcell/R3/qwen3.5-27b/direct/s13,12096,9,2,4,W-00125|W-00126|W-00127|W-00128
gcell/R3/qwen3.5-27b/direct/s13,12323,9,2,2,W-00129|W-00130
gcell/R3/qwen3.5-27b/direct/s13,12516,9,3,1,W-00131
gcell/R3/qwen3.5-27b/direct/s13,12593,9,3,4,W-00132|W-00133|W-00134|W-00135
gcell/R3/qwen3.5-27b/direct/s13,13088,10,1,5,W-00136|W-00137|W-00138|W-00139|W-00140
gcell/R3/qwen3.5-27b/direct/s13,13562,10,2,2,W-00141|W-00142
gcell/R3/qwen3.5-27b/direct/s13,13658,10,2,2,W-00143|W-00144
gcell/R3/qwen3.5-27b/direct/s13,13715,10,2,1,W-00145
gcell/R3/qwen3.5-27b/direct/s13,13742,10,2,1,W-00146
gcell/R3/qwen3.5-27b/direct/s13,13889,10,3,4,W-00147|W-00148|W-00149|W-00150
gcell/R3/qwen3.5-27b/direct/s13,14241,11,1,2,W-00151|W-00152
gcell/R3/qwen3.5-27b/direct/s13,14479,11,1,3,W-00153|W-00154|W-00155
gcell/R3/qwen3.5-27b/direct/s13,14827,11,2,1,W-00156
gcell/R3/qwen3.5-27b/direct/s13,14877,11,2,1,W-00157
gcell/R3/qwen3.5-27b/direct/s13,14904,11,2,2,W-00158|W-00159
gcell/R3/qwen3.5-27b/direct/s13,15103,11,2,3,W-00160|W-00161|W-00162
gcell/R3/qwen3.5-27b/direct/s13,15213,11,2,1,W-00163
gcell/R3/qwen3.5-27b/direct/s13,15451,11,3,2,W-00164|W-00165
gcell/R3/qwen3.5-27b/direct/s13,15697,12,1,3,W-00166|W-00167|W-00168
gcell/R3/qwen3.5-27b/direct/s13,16242,12,2,5,W-00169|W-00170|W-00171|W-00172|W-00173
gcell/R3/qwen3.5-27b/direct/s13,16625,12,3,1,W-00174
gcell/R3/qwen3.5-27b/direct/s13,16654,12,3,2,W-00175|W-00176
gcell/R3/qwen3.5-27b/direct/s13,16761,12,3,4,W-00177|W-00178|W-00179|W-00180
gcell/R3/qwen3.5-27b/direct/s13,17245,13,1,7,W-00181|W-00182|W-00183|W-00184|W-00185|W-00186|W-00187
gcell/R3/qwen3.5-27b/direct/s13,17986,13,2,3,W-00188|W-00189|W-00190
gcell/R3/qwen3.5-27b/direct/s13,18226,13,3,3,W-00191|W-00192|W-00193
gcell/R3/qwen3.5-27b/direct/s13,18581,13,3,2,W-00194|W-00195
gcell/R3/qwen3.5-27b/direct/s13,18913,14,1,3,W-00196|W-00197|W-00198
gcell/R3/qwen3.5-27b/direct/s13,19041,14,1,1,W-00199
gcell/R3/qwen3.5-27b/direct/s13,19344,14,2,6,W-00200|W-00201|W-00202|W-00203|W-00204|W-00205
gcell/R3/qwen3.5-27b/direct/s13,19717,14,2,3,W-00206|W-00207|W-00208
gcell/R3/qwen3.5-27b/direct/s13,19997,14,3,2,W-00209|W-00210
gcell/R3/qwen3.5-27b/direct/s13,20346,15,1,4,W-00211|W-00212|W-00213|W-00214
gcell/R3/qwen3.5-27b/direct/s13,20935,15,2,4,W-00215|W-00216|W-00217|W-00218
gcell/R3/qwen3.5-27b/direct/s13,21370,15,2,2,W-00219|W-00220
gcell/R3/qwen3.5-27b/direct/s13,21522,15,2,1,W-00221
gcell/R3/qwen3.5-27b/direct/s13,21647,15,3,1,W-00222
gcell/R3/qwen3.5-27b/direct/s13,21678,15,3,3,W-00223|W-00224|W-00225
gcell/R3/qwen3.5-27b/direct/s14,170,1,1,1,W-00001
gcell/R3/qwen3.5-27b/direct/s14,291,1,1,6,W-00002|W-00003|W-00004|W-00005|W-00006|W-00007
gcell/R3/qwen3.5-27b/direct/s14,707,1,2,7,W-00008|W-00009|W-00010|W-00011|W-00012|W-00013|W-00014
gcell/R3/qwen3.5-27b/direct/s14,1250,1,3,1,W-00015
gcell/R3/qwen3.5-27b/direct/s14,1457,2,1,6,W-00016|W-00017|W-00018|W-00019|W-00020|W-00021
gcell/R3/qwen3.5-27b/direct/s14,1924,2,2,4,W-00022|W-00023|W-00024|W-00025
gcell/R3/qwen3.5-27b/direct/s14,2356,2,3,1,W-00026
gcell/R3/qwen3.5-27b/direct/s14,2406,2,3,2,W-00027|W-00028
gcell/R3/qwen3.5-27b/direct/s14,2559,2,3,2,W-00029|W-00030
gcell/R3/qwen3.5-27b/direct/s14,2891,3,1,5,W-00031|W-00032|W-00033|W-00034|W-00035
gcell/R3/qwen3.5-27b/direct/s14,3422,3,2,4,W-00036|W-00037|W-00038|W-00039
gcell/R3/qwen3.5-27b/direct/s14,3691,3,2,1,W-00040
gcell/R3/qwen3.5-27b/direct/s14,4000,3,3,1,W-00041
gcell/R3/qwen3.5-27b/direct/s14,4025,3,3,4,W-00042|W-00043|W-00044|W-00045
gcell/R3/qwen3.5-27b/direct/s14,4473,4,1,5,W-00046|W-00047|W-00048|W-00049|W-00050
gcell/R3/qwen3.5-27b/direct/s14,5075,4,2,4,W-00051|W-00052|W-00053|W-00054
gcell/R3/qwen3.5-27b/direct/s14,5400,4,3,6,W-00055|W-00056|W-00057|W-00058|W-00059|W-00060
gcell/R3/qwen3.5-27b/direct/s14,5848,5,1,6,W-00061|W-00062|W-00063|W-00064|W-00065|W-00066
gcell/R3/qwen3.5-27b/direct/s14,6554,5,2,4,W-00067|W-00068|W-00069|W-00070
gcell/R3/qwen3.5-27b/direct/s14,6837,5,3,4,W-00071|W-00072|W-00073|W-00074
gcell/R3/qwen3.5-27b/direct/s14,7093,5,3,1,W-00075
gcell/R3/qwen3.5-27b/direct/s14,7361,6,1,4,W-00076|W-00077|W-00078|W-00079
gcell/R3/qwen3.5-27b/direct/s14,7506,6,1,3,W-00080|W-00081|W-00082
gcell/R3/qwen3.5-27b/direct/s14,7640,6,1,1,W-00083
gcell/R3/qwen3.5-27b/direct/s14,7879,6,2,5,W-00084|W-00085|W-00086|W-00087|W-00088
gcell/R3/qwen3.5-27b/direct/s14,8299,6,3,2,W-00089|W-00090
gcell/R3/qwen3.5-27b/direct/s14,8575,7,1,1,W-00091
gcell/R3/qwen3.5-27b/direct/s14,8709,7,1,1,W-00092
gcell/R3/qwen3.5-27b/direct/s14,8804,7,1,3,W-00093|W-00094|W-00095
gcell/R3/qwen3.5-27b/direct/s14,8937,7,1,2,W-00096|W-00097
gcell/R3/qwen3.5-27b/direct/s14,9289,7,2,2,W-00098|W-00099
gcell/R3/qwen3.5-27b/direct/s14,9327,7,2,1,W-00100
gcell/R3/qwen3.5-27b/direct/s14,9459,7,3,1,W-00101
gcell/R3/qwen3.5-27b/direct/s14,9546,7,3,4,W-00102|W-00103|W-00104|W-00105
gcell/R3/qwen3.5-27b/direct/s14,10002,8,1,5,W-00106|W-00107|W-00108|W-00109|W-00110
gcell/R3/qwen3.5-27b/direct/s14,10653,8,2,2,W-00111|W-00112
gcell/R3/qwen3.5-27b/direct/s14,10802,8,2,5,W-00113|W-00114|W-00115|W-00116|W-00117
gcell/R3/qwen3.5-27b/direct/s14,11159,8,3,1,W-00118
gcell/R3/qwen3.5-27b/direct/s14,11300,8,3,2,W-00119|W-00120
gcell/R3/qwen3.5-27b/direct/s14,11581,9,1,3,W-00121|W-00122|W-00123
gcell/R3/qwen3.5-27b/direct/s14,11833,9,2,2,W-00124|W-00125
gcell/R3/qwen3.5-27b/direct/s14,11939,9,2,4,W-00126|W-00127|W-00128|W-00129
gcell/R3/qwen3.5-27b/direct/s14,12443,9,3,1,W-00130
gcell/R3/qwen3.5-27b/direct/s14,12638,9,3,2,W-00131|W-00132
gcell/R3/qwen3.5-27b/direct/s14,12719,9,3,2,W-00133|W-00134
gcell/R3/qwen3.5-27b/direct/s14,12899,9,3,1,W-00135
gcell/R3/qwen3.5-27b/direct/s14,13187,10,1,4,W-00136|W-00137|W-00138|W-00139
gcell/R3/qwen3.5-27b/direct/s14,13811,10,2,5,W-00140|W-00141|W-00142|W-00143|W-00144
gcell/R3/qwen3.5-27b/direct/s14,14290,10,3,2,W-00145|W-00146
gcell/R3/qwen3.5-27b/direct/s14,14399,10,3,1,W-00147
gcell/R3/qwen3.5-27b/direct/s14,14482,10,3,1,W-00148
gcell/R3/qwen3.5-27b/direct/s14,14702,10,3,2,W-00149|W-00150
gcell/R3/qwen3.5-27b/direct/s14,14932,11,1,2,W-00151|W-00152
gcell/R3/qwen3.5-27b/direct/s14,15024,11,1,1,W-00153
gcell/R3/qwen3.5-27b/direct/s14,15233,11,2,2,W-00154|W-00155
gcell/R3/qwen3.5-27b/direct/s14,15350,11,2,3,W-00156|W-00157|W-00158
gcell/R3/qwen3.5-27b/direct/s14,15619,11,3,1,W-00159
gcell/R3/qwen3.5-27b/direct/s14,15679,11,3,6,W-00160|W-00161|W-00162|W-00163|W-00164|W-00165
gcell/R3/qwen3.5-27b/direct/s14,16420,12,1,3,W-00166|W-00167|W-00168
gcell/R3/qwen3.5-27b/direct/s14,16715,12,1,2,W-00169|W-00170
gcell/R3/qwen3.5-27b/direct/s14,16974,12,2,1,W-00171
gcell/R3/qwen3.5-27b/direct/s14,17003,12,2,1,W-00172
gcell/R3/qwen3.5-27b/direct/s14,17104,12,2,1,W-00173
gcell/R3/qwen3.5-27b/direct/s14,17400,12,3,7,W-00174|W-00175|W-00176|W-00177|W-00178|W-00179|W-00180
gcell/R3/qwen3.5-27b/direct/s14,17846,13,1,2,W-00181|W-00182
gcell/R3/qwen3.5-27b/direct/s14,17966,13,1,1,W-00183
gcell/R3/qwen3.5-27b/direct/s14,18234,13,2,4,W-00184|W-00185|W-00186|W-00187
gcell/R3/qwen3.5-27b/direct/s14,18405,13,2,3,W-00188|W-00189|W-00190
gcell/R3/qwen3.5-27b/direct/s14,18684,13,3,5,W-00191|W-00192|W-00193|W-00194|W-00195
gcell/R3/qwen3.5-27b/direct/s14,19086,14,1,5,W-00196|W-00197|W-00198|W-00199|W-00200
gcell/R3/qwen3.5-27b/direct/s14,19348,14,1,1,W-00201
gcell/R3/qwen3.5-27b/direct/s14,19518,14,2,4,W-00202|W-00203|W-00204|W-00205
gcell/R3/qwen3.5-27b/direct/s14,19817,14,3,5,W-00206|W-00207|W-00208|W-00209|W-00210
gcell/R3/qwen3.5-27b/direct/s14,20185,15,1,3,W-00211|W-00212|W-00213
gcell/R3/qwen3.5-27b/direct/s14,20676,15,2,6,W-00214|W-00215|W-00216|W-00217|W-00218|W-00219
gcell/R3/qwen3.5-27b/direct/s14,21069,15,3,1,W-00220
gcell/R3/qwen3.5-27b/direct/s14,21113,15,3,5,W-00221|W-00222|W-00223|W-00224|W-00225
gcell/R3/qwen3.5-27b/full_load/s12,177,1,1,3,W-00001|W-00002|W-00003
gcell/R3/qwen3.5-27b/full_load/s12,379,1,2,4,W-00004|W-00005|W-00006|W-00007
gcell/R3/qwen3.5-27b/full_load/s12,464,1,2,4,W-00008|W-00009|W-00010|W-00011
gcell/R3/qwen3.5-27b/full_load/s12,671,1,2,1,W-00012
gcell/R3/qwen3.5-27b/full_load/s12,792,1,3,1,W-00013
gcell/R3/qwen3.5-27b/full_load/s12,811,1,3,1,W-00014
gcell/R3/qwen3.5-27b/full_load/s12,833,1,3,1,W-00015
gcell/R3/qwen3.5-27b/full_load/s12,1049,2,1,2,W-00016|W-00017
gcell/R3/qwen3.5-27b/full_load/s12,1323,2,2,4,W-00018|W-00019|W-00020|W-00021
gcell/R3/qwen3.5-27b/full_load/s12,1468,2,2,1,W-00022
gcell/R3/qwen3.5-27b/full_load/s12,1607,2,3,3,W-00023|W-00024|W-00025
gcell/R3/qwen3.5-27b/full_load/s12,1658,2,3,4,W-00026|W-00027|W-00028|W-00029
gcell/R3/qwen3.5-27b/full_load/s12,1749,2,3,1,W-00030
gcell/R3/qwen3.5-27b/full_load/s12,2042,3,1,2,W-00031|W-00032
gcell/R3/qwen3.5-27b/full_load/s12,2202,3,2,3,W-00033|W-00034|W-00035
gcell/R3/qwen3.5-27b/full_load/s12,2312,3,2,3,W-00036|W-00037|W-00038
gcell/R3/qwen3.5-27b/full_load/s12,2523,3,3,7,W-00039|W-00040|W-00041|W-00042|W-00043|W-00044|W-00045
gcell/R3/qwen3.5-27b/full_load/s12,2879,4,1,1,W-00046
gcell/R3/qwen3.5-27b/full_load/s12,2913,4,1,1,W-00047
gcell/R3/qwen3.5-27b/full_load/s12,2940,4,1,4,W-00048|W-00049|W-00050|W-00051
gcell/R3/qwen3.5-27b/full_load/s12,3194,4,2,2,W-00052|W-00053
gcell/R3/qwen3.5-27b/full_load/s12,3240,4,2,2,W-00054|W-00055
gcell/R3/qwen3.5-27b/full_load/s12,3277,4,2,2,W-00056|W-00057
gcell/R3/qwen3.5-27b/full_load/s12,3427,4,3,1,W-00058
gcell/R3/qwen3.5-27b/full_load/s12,3482,4,3,2,W-00059|W-00060
gcell/R3/qwen3.5-27b/full_load/s12,3754,5,1,4,W-00061|W-00062|W-00063|W-00064
gcell/R3/qwen3.5-27b/full_load/s12,4010,5,2,4,W-00065|W-00066|W-00067|W-00068
gcell/R3/qwen3.5-27b/full_load/s12,4104,5,2,2,W-00069|W-00070
gcell/R3/qwen3.5-27b/full_load/s12,4135,5,2,2,W-00071|W-00072
gcell/R3/qwen3.5-27b/full_load/s12,4289,5,3,3,W-00073|W-00074|W-00075
gcell/R3/qwen3.5-27b/full_load/s12,4648,6,1,1,W-00076
gcell/R3/qwen3.5-27b/full_load/s12,4677,6,1,3,W-00077|W-00078|W-00079
gcell/R3/qwen3.5-27b/full_load/s12,4938,6,2,1,W-00080
gcell/R3/qwen3.5-27b/full_load/s12,4957,6,2,4,W-00081|W-00082|W-00083|W-00084
gcell/R3/qwen3.5-27b/full_load/s12,5054,6,2,2,W-00085|W-00086
gcell/R3/qwen3.5-27b/full_load/s12,5185,6,3,4,W-00087|W-00088|W-00089|W-00090
gcell/R3/qwen3.5-27b/full_load/s12,5493,7,1,2,W-00091|W-00092
gcell/R3/qwen3.5-27b/full_load/s12,5602,7,1,1,W-00093
gcell/R3/qwen3.5-27b/full_load/s12,5651,7,1,5,W-00094|W-00095|W-00096|W-00097|W-00098
gcell/R3/qwen3.5-27b/full_load/s12,5879,7,2,1,W-00099
gcell/R3/qwen3.5-27b/full_load/s12,5898,7,2,1,W-00100
gcell/R3/qwen3.5-27b/full_load/s12,5971,7,2,1,W-00101
gcell/R3/qwen3.5-27b/full_load/s12,6114,7,3,4,W-00102|W-00103|W-00104|W-00105
gcell/R3/qwen3.5-27b/full_load/s12,6372,8,1,4,W-00106|W-00107|W-00108|W-00109
gcell/R3/qwen3.5-27b/full_load/s12,6484,8,1,1,W-00110
gcell/R3/qwen3.5-27b/full_load/s12,6662,8,2,1,W-00111
gcell/R3/qwen3.5-27b/full_load/s12,6700,8,2,1,W-00112
gcell/R3/qwen3.5-27b/full_load/s12,6768,8,2,4,W-00113|W-00114|W-00115|W-00116
gcell/R3/qwen3.5-27b/full_load/s12,6926,8,3,1,W-00117
gcell/R3/qwen3.5-27b/full_load/s12,6955,8,3,3,W-00118|W-00119|W-00120
gcell/R3/qwen3.5-27b/full_load/s12,7174,9,1,1,W-00121
gcell/R3/qwen3.5-27b/full_load/s12,7196,9,1,4,W-00122|W-00123|W-00124|W-00125
gcell/R3/qwen3.5-27b/full_load/s12,7474,9,2,4,W-00126|W-00127|W-00128|W-00129
gcell/R3/qwen3.5-27b/full_load/s12,7546,9,2,1,W-00130
gcell/R3/qwen3.5-27b/full_load/s12,7690,9,3,1,W-00131
gcell/R3/qwen3.5-27b/full_load/s12,7709,9,3,3,W-00132|W-00133|W-00134
gcell/R3/qwen3.5-27b/full_load/s12,7803,9,3,1,W-00135
gcell/R3/qwen3.5-27b/full_load/s12,8047,10,1,5,W-00136|W-00137|W-00138|W-00139|W-00140
gcell/R3/qwen3.5-27b/full_load/s12,8173,10,1,1,W-00141
gcell/R3/qwen3.5-27b/full_load/s12,8345,10,2,1,W-00142
gcell/R3/qwen3.5-27b/full_load/s12,8363,10,2,3,W-00143|W-00144|W-00145
gcell/R3/qwen3.5-27b/full_load/s12,8588,10,3,3,W-00146|W-00147|W-00148
gcell/R3/qwen3.5-27b/full_load/s12,8640,10,3,1,W-00149
gcell/R3/qwen3.5-27b/full_load/s12,8659,10,3,1,W-00150
gcell/R3/qwen3.5-27b/full_load/s12,8852,11,1,3,W-00151|W-00152|W-00153
gcell/R3/qwen3.5-27b/full_load/s12,9126,11,2,5,W-00154|W-00155|W-00156|W-00157|W-00158
gcell/R3/qwen3.5-27b/full_load/s12,9322,11,3,3,W-00159|W-00160|W-00161
gcell/R3/qwen3.5-27b/full_load/s12,9380,11,3,2,W-00162|W-00163
gcell/R3/qwen3.5-27b/full_load/s12,9470,11,3,2,W-00164|W-00165
gcell/R3/qwen3.5-27b/full_load/s12,9746,12,1,1,W-00166
gcell/R3/qwen3.5-27b/full_load/s12,9768,12,1,1,W-00167
gcell/R3/qwen3.5-27b/full_load/s12,9850,12,1,2,W-00168|W-00169
gcell/R3/qwen3.5-27b/full_load/s12,10076,12,2,5,W-00170|W-00171|W-00172|W-00173|W-00174
gcell/R3/qwen3.5-27b/full_load/s12,10337,12,3,2,W-00175|W-00176
gcell/R3/qwen3.5-27b/full_load/s12,10386,12,3,2,W-00177|W-00178
gcell/R3/qwen3.5-27b/full_load/s12,10405,12,3,1,W-00179
gcell/R3/qwen3.5-27b/full_load/s12,10420,12,3,1,W-00180
gcell/R3/qwen3.5-27b/full_load/s12,10641,13,1,5,W-00181|W-00182|W-00183|W-00184|W-00185
gcell/R3/qwen3.5-27b/full_load/s12,10888,13,2,7,W-00186|W-00187|W-00188|W-00189|W-00190|W-00191|W-00192
gcell/R3/qwen3.5-27b/full_load/s12,11157,13,3,1,W-00193
gcell/R3/qwen3.5-27b/full_load/s12,11246,13,3,2,W-00194|W-00195
gcell/R3/qwen3.5-27b/full_load/s12,11514,14,1,3,W-00196|W-00197|W-00198
gcell/R3/qwen3.5-27b/full_load/s12,11737,14,2,4,W-00199|W-00200|W-00201|W-00202
gcell/R3/qwen3.5-27b/full_load/s12,11905,14,3,1,W-00203
gcell/R3/qwen3.5-27b/full_load/s12,11915,14,3,7,W-00204|W-00205|W-00206|W-00207|W-00208|W-00209|W-00210
gcell/R3/qwen3.5-27b/full_load/s12,12211,15,1,8,W-00211|W-00212|W-00213|W-00214|W-00215|W-00216|W-00217|W-00218
gcell/R3/qwen3.5-27b/full_load/s12,12652,15,2,3,W-00219|W-00220|W-00221
gcell/R3/qwen3.5-27b/full_load/s12,12812,15,3,4,W-00222|W-00223|W-00224|W-00225
gcell/R3/qwen3.5-27b/full_load/s13,163,1,1,3,W-00001|W-00002|W-00003
gcell/R3/qwen3.5-27b/full_load/s13,228,1,1,1,W-00004
gcell/R3/qwen3.5-27b/full_load/s13,415,1,2,1,W-00005
gcell/R3/qwen3.5-27b/full_load/s13,437,1,2,6,W-00006|W-00007|W-00008|W-00009|W-00010|W-00011
gcell/R3/qwen3.5-27b/full_load/s13,654,1,3,4,W-00012|W-00013|W-00014|W-00015
gcell/R3/qwen3.5-27b/full_load/s13,979,2,1,5,W-00016|W-00017|W-00018|W-00019|W-00020
gcell/R3/qwen3.5-27b/full_load/s13,1210,2,2,2,W-00021|W-00022
gcell/R3/qwen3.5-27b/full_load/s13,1240,2,2,4,W-00023|W-00024|W-00025|W-00026
gcell/R3/qwen3.5-27b/full_load/s13,1368,2,2,1,W-00027
gcell/R3/qwen3.5-27b/full_load/s13,1425,2,2,1,W-00028
gcell/R3/qwen3.5-27b/full_load/s13,1568,2,3,2,W-00029|W-00030
gcell/R3/qwen3.5-27b/full_load/s13,1791,3,1,4,W-00031|W-00032|W-00033|W-00034
gcell/R3/qwen3.5-27b/full_load/s13,2136,3,2,1,W-00035
gcell/R3/qwen3.5-27b/full_load/s13,2146,3,2,4,W-00036|W-00037|W-00038|W-00039
gcell/R3/qwen3.5-27b/full_load/s13,2333,3,3,6,W-00040|W-00041|W-00042|W-00043|W-00044|W-00045
gcell/R3/qwen3.5-27b/full_load/s13,2703,4,1,4,W-00046|W-00047|W-00048|W-00049
gcell/R3/qwen3.5-27b/full_load/s13,2810,4,1,2,W-00050|W-00051
gcell/R3/qwen3.5-27b/full_load/s13,3005,4,2,3,W-00052|W-00053|W-00054
gcell/R3/qwen3.5-27b/full_load/s13,3229,4,3,4,W-00055|W-00056|W-00057|W-00058
gcell/R3/qwen3.5-27b/full_load/s13,3300,4,3,2,W-00059|W-00060
gcell/R3/qwen3.5-27b/full_load/s13,3549,5,1,3,W-00061|W-00062|W-00063
gcell/R3/qwen3.5-27b/full_load/s13,3635,5,1,1,W-00064
gcell/R3/qwen3.5-27b/full_load/s13,3824,5,2,1,W-00065
gcell/R3/qwen3.5-27b/full_load/s13,3844,5,2,2,W-00066|W-00067
gcell/R3/qwen3.5-27b/full_load/s13,3886,5,2,1,W-00068
gcell/R3/qwen3.5-27b/full_load/s13,3896,5,2,1,W-00069
gcell/R3/qwen3.5-27b/full_load/s13,4028,5,3,6,W-00070|W-00071|W-00072|W-00073|W-00074|W-00075
gcell/R3/qwen3.5-27b/full_load/s13,4375,6,1,3,W-00076|W-00077|W-00078
gcell/R3/qwen3.5-27b/full_load/s13,4656,6,2,1,W-00079
gcell/R3/qwen3.5-27b/full_load/s13,4666,6,2,2,W-00080|W-00081
gcell/R3/qwen3.5-27b/full_load/s13,4831,6,3,1,W-00082
gcell/R3/qwen3.5-27b/full_load/s13,4853,6,3,8,W-00083|W-00084|W-00085|W-00086|W-00087|W-00088|W-00089|W-00090
gcell/R3/qwen3.5-27b/full_load/s13,5352,7,1,8,W-00091|W-00092|W-00093|W-00094|W-00095|W-00096|W-00097|W-00098
gcell/R3/qwen3.5-27b/full_load/s13,5666,7,2,5,W-00099|W-00100|W-00101|W-00102|W-00103
gcell/R3/qwen3.5-27b/full_load/s13,5936,7,3,2,W-00104|W-00105
gcell/R3/qwen3.5-27b/full_load/s13,6174,8,1,4,W-00106|W-00107|W-00108|W-00109
gcell/R3/qwen3.5-27b/full_load/s13,6368,8,2,3,W-00110|W-00111|W-00112
gcell/R3/qwen3.5-27b/full_load/s13,6425,8,2,2,W-00113|W-00114
gcell/R3/qwen3.5-27b/full_load/s13,6580,8,3,6,W-00115|W-00116|W-00117|W-00118|W-00119|W-00120
gcell/R3/qwen3.5-27b/full_load/s13,6974,9,1,1,W-00121
gcell/R3/qwen3.5-27b/full_load/s13,6993,9,1,2,W-00122|W-00123
gcell/R3/qwen3.5-27b/full_load/s13,7031,9,1,1,W-00124
gcell/R3/qwen3.5-27b/full_load/s13,7188,9,2,4,W-00125|W-00126|W-00127|W-00128
gcell/R3/qwen3.5-27b/full_load/s13,7274,9,2,2,W-00129|W-00130
gcell/R3/qwen3.5-27b/full_load/s13,7420,9,3,1,W-00131
gcell/R3/qwen3.5-27b/full_load/s13,7448,9,3,4,W-00132|W-00133|W-00134|W-00135
gcell/R3/qwen3.5-27b/full_load/s13,7754,10,1,5,W-00136|W-00137|W-00138|W-00139|W-00140
gcell/R3/qwen3.5-27b/full_load/s13,8080,10,2,2,W-00141|W-00142
gcell/R3/qwen3.5-27b/full_load/s13,8110,10,2,2,W-00143|W-00144
gcell/R3/qwen3.5-27b/full_load/s13,8144,10,2,1,W-00145
gcell/R3/qwen3.5-27b/full_load/s13,8154,10,2,1,W-00146
gcell/R3/qwen3.5-27b/full_load/s13,8261,10,3,4,W-00147|W-00148|W-00149|W-00150
gcell/R3/qwen3.5-27b/full_load/s13,8555,11,1,2,W-00151|W-00152
gcell/R3/qwen3.5-27b/full_load/s13,8670,11,1,3,W-00153|W-00154|W-00155
gcell/R3/qwen3.5-27b/full_load/s13,8905,11,2,1,W-00156
gcell/R3/qwen3.5-27b/full_load/s13,8922,11,2,1,W-00157
gcell/R3/qwen3.5-27b/full_load/s13,8932,11,2,2,W-00158|W-00159
gcell/R3/qwen3.5-27b/full_load/s13,8981,11,2,3,W-00160|W-00161|W-00162
gcell/R3/qwen3.5-27b/full_load/s13,9040,11,2,1,W-00163
gcell/R3/qwen3.5-27b/full_load/s13,9245,11,3,2,W-00164|W-00165
gcell/R3/qwen3.5-27b/full_load/s13,9482,12,1,3,W-00166|W-00167|W-00168
gcell/R3/qwen3.5-27b/full_load/s13,9800,12,2,5,W-00169|W-00170|W-00171|W-00172|W-00173
gcell/R3/qwen3.5-27b/full_load/s13,10037,12,3,1,W-00174
gcell/R3/qwen3.5-27b/full_load/s13,10062,12,3,2,W-00175|W-00176
gcell/R3/qwen3.5-27b/full_load/s13,10117,12,3,4,W-00177|W-00178|W-00179|W-00180
gcell/R3/qwen3.5-27b/full_load/s13,10421,13,1,7,W-00181|W-00182|W-00183|W-00184|W-00185|W-00186|W-00187
gcell/R3/qwen3.5-27b/full_load/s13,10806,13,2,3,W-00188|W-00189|W-00190
gcell/R3/qwen3.5-27b/full_load/s13,10957,13,3,3,W-00191|W-00192|W-00193
gcell/R3/qwen3.5-27b/full_load/s13,11022,13,3,2,W-00194|W-00195
gcell/R3/qwen3.5-27b/full_load/s13,11278,14,1,3,W-00196|W-00197|W-00198
gcell/R3/qwen3.5-27b/full_load/s13,11324,14,1,1,W-00199
gcell/R3/qwen3.5-27b/full_load/s13,11536,14,2,6,W-00200|W-00201|W-00202|W-00203|W-00204|W-00205
gcell/R3/qwen3.5-27b/full_load/s13,11679,14,2,3,W-00206|W-00207|W-00208
gcell/R3/qwen3.5-27b/full_load/s13,11817,14,3,2,W-00209|W-00210
gcell/R3/qwen3.5-27b/full_load/s13,12082,15,1,4,W-00211|W-00212|W-00213|W-00214
gcell/R3/qwen3.5-27b/full_load/s13,12382,15,2,4,W-00215|W-00216|W-00217|W-00218
gcell/R3/qwen3.5-27b/full_load/s13,12488,15,2,2,W-00219|W-00220
gcell/R3/qwen3.5-27b/full_load/s13,12513,15,2,1,W-00221
gcell/R3/qwen3.5-27b/full_load/s13,12602,15,3,1,W-00222
gcell/R3/qwen3.5-27b/full_load/s13,12612,15,3,3,W-00223|W-00224|W-00225
gcell/R3/qwen3.5-27b/full_load/s14,170,1,1,1,W-00001
gcell/R3/qwen3.5-27b/full_load/s14,258,1,1,6,W-00002|W-00003|W-00004|W-00005|W-00006|W-00007
gcell/R3/qwen3.5-27b/full_load/s14,573,1,2,7,W-00008|W-00009|W-00010|W-00011|W-00012|W-00013|W-00014
gcell/R3/qwen3.5-27b/full_load/s14,899,1,3,1,W-00015
gcell/R3/qwen3.5-27b/full_load/s14,1071,2,1,6,W-00016|W-00017|W-00018|W-00019|W-00020|W-00021
gcell/R3/qwen3.5-27b/full_load/s14,1412,2,2,4,W-00022|W-00023|W-00024|W-00025
gcell/R3/qwen3.5-27b/full_load/s14,1652,2,3,1,W-00026
gcell/R3/qwen3.5-27b/full_load/s14,1665,2,3,2,W-00027|W-00028
gcell/R3/qwen3.5-27b/full_load/s14,1696,2,3,2,W-00029|W-00030
gcell/R3/qwen3.5-27b/full_load/s14,1956,3,1,5,W-00031|W-00032|W-00033|W-00034|W-00035
gcell/R3/qwen3.5-27b/full_load/s14,2440,3,2,4,W-00036|W-00037|W-00038|W-00039
gcell/R3/qwen3.5-27b/full_load/s14,2497,3,2,1,W-00040
gcell/R3/qwen3.5-27b/full_load/s14,2651,3,3,1,W-00041
gcell/R3/qwen3.5-27b/full_load/s14,2676,3,3,4,W-00042|W-00043|W-00044|W-00045
gcell/R3/qwen3.5-27b/full_load/s14,2920,4,1,5,W-00046|W-00047|W-00048|W-00049|W-00050
gcell/R3/qwen3.5-27b/full_load/s14,3286,4,2,4,W-00051|W-00052|W-00053|W-00054
gcell/R3/qwen3.5-27b/full_load/s14,3519,4,3,6,W-00055|W-00056|W-00057|W-00058|W-00059|W-00060
gcell/R3/qwen3.5-27b/full_load/s14,3846,5,1,6,W-00061|W-00062|W-00063|W-00064|W-00065|W-00066
gcell/R3/qwen3.5-27b/full_load/s14,4209,5,2,4,W-00067|W-00068|W-00069|W-00070
gcell/R3/qwen3.5-27b/full_load/s14,4366,5,3,4,W-00071|W-00072|W-00073|W-00074
gcell/R3/qwen3.5-27b/full_load/s14,4469,5,3,1,W-00075
gcell/R3/qwen3.5-27b/full_load/s14,4683,6,1,4,W-00076|W-00077|W-00078|W-00079
gcell/R3/qwen3.5-27b/full_load/s14,4743,6,1,3,W-00080|W-00081|W-00082
gcell/R3/qwen3.5-27b/full_load/s14,4793,6,1,1,W-00083
gcell/R3/qwen3.5-27b/full_load/s14,5042,6,2,5,W-00084|W-00085|W-00086|W-00087|W-00088
gcell/R3/qwen3.5-27b/full_load/s14,5259,6,3,2,W-00089|W-00090
gcell/R3/qwen3.5-27b/full_load/s14,5504,7,1,1,W-00091
gcell/R3/qwen3.5-27b/full_load/s14,5544,7,1,1,W-00092
gcell/R3/qwen3.5-27b/full_load/s14,5559,7,1,3,W-00093|W-00094|W-00095
gcell/R3/qwen3.5-27b/full_load/s14,5618,7,1,2,W-00096|W-00097
gcell/R3/qwen3.5-27b/full_load/s14,5832,7,2,2,W-00098|W-00099
gcell/R3/qwen3.5-27b/full_load/s14,5860,7,2,1,W-00100
gcell/R3/qwen3.5-27b/full_load/s14,5981,7,3,1,W-00101
gcell/R3/qwen3.5-27b/full_load/s14,5995,7,3,4,W-00102|W-00103|W-00104|W-00105
gcell/R3/qwen3.5-27b/full_load/s14,6261,8,1,5,W-00106|W-00107|W-00108|W-00109|W-00110
gcell/R3/qwen3.5-27b/full_load/s14,6626,8,2,2,W-00111|W-00112
gcell/R3/qwen3.5-27b/full_load/s14,6672,8,2,5,W-00113|W-00114|W-00115|W-00116|W-00117
gcell/R3/qwen3.5-27b/full_load/s14,6814,8,3,1,W-00118
gcell/R3/qwen3.5-27b/full_load/s14,6848,8,3,2,W-00119|W-00120
gcell/R3/qwen3.5-27b/full_load/s14,7106,9,1,3,W-00121|W-00122|W-00123
gcell/R3/qwen3.5-27b/full_load/s14,7352,9,2,2,W-00124|W-00125
gcell/R3/qwen3.5-27b/full_load/s14,7376,9,2,4,W-00126|W-00127|W-00128|W-00129
gcell/R3/qwen3.5-27b/full_load/s14,7623,9,3,1,W-00130
gcell/R3/qwen3.5-27b/full_load/s14,7677,9,3,2,W-00131|W-00132
gcell/R3/qwen3.5-27b/full_load/s14,7702,9,3,2,W-00133|W-00134
gcell/R3/qwen3.5-27b/full_load/s14,7790,9,3,1,W-00135
gcell/R3/qwen3.5-27b/full_load/s14,8004,10,1,4,W-00136|W-00137|W-00138|W-00139
gcell/R3/qwen3.5-27b/full_load/s14,8293,10,2,5,W-00140|W-00141|W-00142|W-00143|W-00144
gcell/R3/qwen3.5-27b/full_load/s14,8604,10,3,2,W-00145|W-00146
gcell/R3/qwen3.5-27b/full_load/s14,8634,10,3,1,W-00147
gcell/R3/qwen3.5-27b/full_load/s14,8655,10,3,1,W-00148
gcell/R3/qwen3.5-27b/full_load/s14,8739,10,3,2,W-00149|W-00150
gcell/R3/qwen3.5-27b/full_load/s14,8962,11,1,2,W-00151|W-00152
gcell/R3/qwen3.5-27b/full_load/s14,9016,11,1,1,W-00153
gcell/R3/qwen3.5-27b/full_load/s14,9205,11,2,2,W-00154|W-00155
gcell/R3/qwen3.5-27b/full_load/s14,9236,11,2,3,W-00156|W-00157|W-00158
gcell/R3/qwen3.5-27b/full_load/s14,9430,11,3,1,W-00159
gcell/R3/qwen3.5-27b/full_load/s14,9461,11,3,6,W-00160|W-00161|W-00162|W-00163|W-00164|W-00165
gcell/R3/qwen3.5-27b/full_load/s14,9810,12,1,3,W-00166|W-00167|W-00168
gcell/R3/qwen3.5-27b/full_load/s14,9927,12,1,2,W-00169|W-00170
gcell/R3/qwen3.5-27b/full_load/s14,10094,12,2,1,W-00171
gcell/R3/qwen3.5-27b/full_load/s14,10104,12,2,1,W-00172
gcell/R3/qwen3.5-27b/full_load/s14,10123,12,2,1,W-00173
gcell/R3/qwen3.5-27b/full_load/s14,10309,12,3,7,W-00174|W-00175|W-00176|W-00177|W-00178|W-00179|W-00180
gcell/R3/qwen3.5-27b/full_load/s14,10598,13,1,2,W-00181|W-00182
gcell/R3/qwen3.5-27b/full_load/s14,10665,13,1,1,W-00183
gcell/R3/qwen3.5-27b/full_load/s14,10878,13,2,4,W-00184|W-00185|W-00186|W-00187
gcell/R3/qwen3.5-27b/full_load/s14,10938,13,2,3,W-00188|W-00189|W-00190
gcell/R3/qwen3.5-27b/full_load/s14,11083,13,3,5,W-00191|W-00192|W-00193|W-00194|W-00195
gcell/R3/qwen3.5-27b/full_load/s14,11352,14,1,5,W-00196|W-00197|W-00198|W-00199|W-00200
gcell/R3/qwen3.5-27b/full_load/s14,11460,14,1,1,W-00201
gcell/R3/qwen3.5-27b/full_load/s14,11618,14,2,4,W-00202|W-00203|W-00204|W-00205
gcell/R3/qwen3.5-27b/full_load/s14,11795,14,3,5,W-00206|W-00207|W-00208|W-00209|W-00210
gcell/R3/qwen3.5-27b/full_load/s14,12061,15,1,3,W-00211|W-00212|W-00213
gcell/R3/qwen3.5-27b/full_load/s14,12380,15,2,6,W-00214|W-00215|W-00216|W-00217|W-00218|W-00219
gcell/R3/qwen3.5-27b/full_load/s14,12659,15,3,1,W-00220
gcell/R3/qwen3.5-27b/full_load/s14,12668,15,3,5,W-00221|W-00222|W-00223|W-00224|W-00225
gcell/R3/qwen3.5-27b/ingress/s12,177,1,1,3,W-00001|W-00002|W-00003
gcell/R3/qwen3.5-27b/ingress/s12,530,1,2,4,W-00004|W-00005|W-00006|W-00007
gcell/R3/qwen3.5-27b/ingress/s12,1203,1,2,4,W-00008|W-00009|W-00010|W-00011
gcell/R3/qwen3.5-27b/ingress/s12,1939,1,2,1,W-00012
gcell/R3/qwen3.5-27b/ingress/s12,2617,1,3,1,W-00013
gcell/R3/qwen3.5-27b/ingress/s12,2801,1,3,1,W-00014
gcell/R3/qwen3.5-27b/ingress/s12,2854,1,3,1,W-00015
gcell/R3/qwen3.5-27b/ingress/s12,3111,2,1,2,W-00016|W-00017
gcell/R3/qwen3.5-27b/ingress/s12,3941,2,2,4,W-00018|W-00019|W-00020|W-00021
gcell/R3/qwen3.5-27b/ingress/s12,5919,2,2,1,W-00022
gcell/R3/qwen3.5-27b/ingress/s12,6129,2,3,3,W-00023|W-00024|W-00025
gcell/R3/qwen3.5-27b/ingress/s12,6637,2,3,4,W-00026|W-00027|W-00028|W-00029
gcell/R3/qwen3.5-27b/ingress/s12,7548,2,3,1,W-00030
gcell/R3/qwen3.5-27b/ingress/s12,8091,3,1,2,W-00031|W-00032
gcell/R3/qwen3.5-27b/ingress/s12,8891,3,2,3,W-00033|W-00034|W-00035
gcell/R3/qwen3.5-27b/ingress/s12,9564,3,2,3,W-00036|W-00037|W-00038
gcell/R3/qwen3.5-27b/ingress/s12,10137,3,3,7,W-00039|W-00040|W-00041|W-00042|W-00043|W-00044|W-00045
gcell/R3/qwen3.5-27b/ingress/s12,11381,4,1,1,W-00046
gcell/R3/qwen3.5-27b/ingress/s12,11730,4,1,1,W-00047
gcell/R3/qwen3.5-27b/ingress/s12,11976,4,1,4,W-00048|W-00049|W-00050|W-00051
gcell/R3/qwen3.5-27b/ingress/s12,12878,4,2,2,W-00052|W-00053
gcell/R3/qwen3.5-27b/ingress/s12,13080,4,2,2,W-00054|W-00055
gcell/R3/qwen3.5-27b/ingress/s12,13882,4,2,2,W-00056|W-00057
gcell/R3/qwen3.5-27b/ingress/s12,14638,4,3,1,W-00058
gcell/R3/qwen3.5-27b/ingress/s12,14889,4,3,2,W-00059|W-00060
gcell/R3/qwen3.5-27b/ingress/s12,15265,5,1,4,W-00061|W-00062|W-00063|W-00064
gcell/R3/qwen3.5-27b/ingress/s12,16090,5,2,4,W-00065|W-00066|W-00067|W-00068
gcell/R3/qwen3.5-27b/ingress/s12,16570,5,2,2,W-00069|W-00070
gcell/R3/qwen3.5-27b/ingress/s12,17162,5,2,2,W-00071|W-00072
gcell/R3/qwen3.5-27b/ingress/s12,17832,5,3,3,W-00073|W-00074|W-00075
gcell/R3/qwen3.5-27b/ingress/s12,18844,6,1,1,W-00076
gcell/R3/qwen3.5-27b/ingress/s12,19018,6,1,3,W-00077|W-00078|W-00079
gcell/R3/qwen3.5-27b/ingress/s12,19365,6,2,1,W-00080
gcell/R3/qwen3.5-27b/ingress/s12,19413,6,2,4,W-00081|W-00082|W-00083|W-00084
gcell/R3/qwen3.5-27b/ingress/s12,20366,6,2,2,W-00085|W-00086
gcell/R3/qwen3.5-27b/ingress/s12,20803,6,3,4,W-00087|W-00088|W-00089|W-00090
gcell/R3/qwen3.5-27b/ingress/s12,21754,7,1,2,W-00091|W-00092
gcell/R3/qwen3.5-27b/ingress/s12,21973,7,1,1,W-00093
gcell/R3/qwen3.5-27b/ingress/s12,22113,7,1,5,W-00094|W-00095|W-00096|W-00097|W-00098
gcell/R3/qwen3.5-27b/ingress/s12,22917,7,2,1,W-00099
gcell/R3/qwen3.5-27b/ingress/s12,23098,7,2,1,W-00100
gcell/R3/qwen3.5-27b/ingress/s12,23580,7,2,1,W-00101
gcell/R3/qwen3.5-27b/ingress/s12,23884,7,3,4,W-00102|W-00103|W-00104|W-00105
gcell/R3/qwen3.5-27b/ingress/s12,24488,8,1,4,W-00106|W-00107|W-00108|W-00109
gcell/R3/qwen3.5-27b/ingress/s12,25193,8,1,1,W-00110
gcell/R3/qwen3.5-27b/ingress/s12,25507,8,2,1,W-00111
gcell/R3/qwen3.5-27b/ingress/s12,25778,8,2,1,W-00112
gcell/R3/qwen3.5-27b/ingress/s12,26063,8,2,4,W-00113|W-00114|W-00115|W-00116
gcell/R3/qwen3.5-27b/ingress/s12,26693,8,3,1,W-00117
gcell/R3/qwen3.5-27b/ingress/s12,27114,8,3,3,W-00118|W-00119|W-00120
gcell/R3/qwen3.5-27b/ingress/s12,27617,9,1,1,W-00121
gcell/R3/qwen3.5-27b/ingress/s12,27780,9,1,4,W-00122|W-00123|W-00124|W-00125
gcell/R3/qwen3.5-27b/ingress/s12,29192,9,2,4,W-00126|W-00127|W-00128|W-00129
gcell/R3/qwen3.5-27b/ingress/s12,29685,9,2,1,W-00130
gcell/R3/qwen3.5-27b/ingress/s12,30021,9,3,1,W-00131
gcell/R3/qwen3.5-27b/ingress/s12,30057,9,3,3,W-00132|W-00133|W-00134
gcell/R3/qwen3.5-27b/ingress/s12,30232,9,3,1,W-00135
gcell/R3/qwen3.5-27b/ingress/s12,30553,10,1,5,W-00136|W-00137|W-00138|W-00139|W-00140
gcell/R3/qwen3.5-27b/ingress/s12,31338,10,1,1,W-00141
gcell/R3/qwen3.5-27b/ingress/s12,31664,10,2,1,W-00142
gcell/R3/qwen3.5-27b/ingress/s12,31830,10,2,3,W-00143|W-00144|W-00145
gcell/R3/qwen3.5-27b/ingress/s12,32294,10,3,3,W-00146|W-00147|W-00148
gcell/R3/qwen3.5-27b/ingress/s12,32837,10,3,1,W-00149
gcell/R3/qwen3.5-27b/ingress/s12,32886,10,3,1,W-00150
gcell/R3/qwen3.5-27b/ingress/s13,163,1,1,3,W-00001|W-00002|W-00003
gcell/R3/qwen3.5-27b/ingress/s13,922,1,1,1,W-00004
gcell/R3/qwen3.5-27b/ingress/s13,1128,1,2,1,W-00005
gcell/R3/qwen3.5-27b/ingress/s13,1233,1,2,6,W-00006|W-00007|W-00008|W-00009|W-00010|W-00011
gcell/R3/qwen3.5-27b/ingress/s13,2495,1,3,4,W-00012|W-00013|W-00014|W-00015
gcell/R3/qwen3.5-27b/ingress/s13,3054,2,1,5,W-00016|W-00017|W-00018|W-00019|W-00020
gcell/R3/qwen3.5-27b/ingress/s13,3914,2,2,2,W-00021|W-00022
gcell/R3/qwen3.5-27b/ingress/s13,4527,2,2,4,W-00023|W-00024|W-00025|W-00026
gcell/R3/qwen3.5-27b/ingress/s13,4921,2,2,1,W-00027
gcell/R3/qwen3.5-27b/ingress/s13,5174,2,2,1,W-00028
gcell/R3/qwen3.5-27b/ingress/s13,5674,2,3,2,W-00029|W-00030
gcell/R3/qwen3.5-27b/ingress/s13,5978,3,1,4,W-00031|W-00032|W-00033|W-00034
gcell/R3/qwen3.5-27b/ingress/s13,7288,3,2,1,W-00035
gcell/R3/qwen3.5-27b/ingress/s13,7349,3,2,4,W-00036|W-00037|W-00038|W-00039
gcell/R3/qwen3.5-27b/ingress/s13,8367,3,3,6,W-00040|W-00041|W-00042|W-00043|W-00044|W-00045
gcell/R3/qwen3.5-27b/ingress/s13,9553,4,1,4,W-00046|W-00047|W-00048|W-00049
gcell/R3/qwen3.5-27b/ingress/s13,10337,4,1,2,W-00050|W-00051
gcell/R3/qwen3.5-27b/ingress/s13,11164,4,2,3,W-00052|W-00053|W-00054
gcell/R3/qwen3.5-27b/ingress/s13,11947,4,3,4,W-00055|W-00056|W-00057|W-00058
gcell/R3/qwen3.5-27b/ingress/s13,12703,4,3,2,W-00059|W-00060
gcell/R3/qwen3.5-27b/ingress/s13,13135,5,1,3,W-00061|W-00062|W-00063
gcell/R3/qwen3.5-27b/ingress/s13,13812,5,1,1,W-00064
gcell/R3/qwen3.5-27b/ingress/s13,14481,5,2,1,W-00065
gcell/R3/qwen3.5-27b/ingress/s13,14538,5,2,2,W-00066|W-00067
gcell/R3/qwen3.5-27b/ingress/s13,14783,5,2,1,W-00068
gcell/R3/qwen3.5-27b/ingress/s13,14829,5,2,1,W-00069
gcell/R3/qwen3.5-27b/ingress/s13,15245,5,3,6,W-00070|W-00071|W-00072|W-00073|W-00074|W-00075
gcell/R3/qwen3.5-27b/ingress/s13,16468,6,1,3,W-00076|W-00077|W-00078
gcell/R3/qwen3.5-27b/ingress/s13,17403,6,2,1,W-00079
gcell/R3/qwen3.5-27b/ingress/s13,17470,6,2,2,W-00080|W-00081
gcell/R3/qwen3.5-27b/ingress/s13,17987,6,3,1,W-00082
gcell/R3/qwen3.5-27b/ingress/s13,18095,6,3,8,W-00083|W-00084|W-00085|W-00086|W-00087|W-00088|W-00089|W-00090
gcell/R3/qwen3.5-27b/ingress/s13,19593,7,1,8,W-00091|W-00092|W-00093|W-00094|W-00095|W-00096|W-00097|W-00098
gcell/R3/qwen3.5-27b/ingress/s13,20614,7,2,5,W-00099|W-00100|W-00101|W-00102|W-00103
gcell/R3/qwen3.5-27b/ingress/s13,21562,7,3,2,W-00104|W-00105
gcell/R3/qwen3.5-27b/ingress/s13,22073,8,1,4,W-00106|W-00107|W-00108|W-00109
gcell/R3/qwen3.5-27b/ingress/s13,22975,8,2,3,W-00110|W-00111|W-00112
gcell/R3/qwen3.5-27b/ingress/s13,23374,8,2,2,W-00113|W-00114
gcell/R3/qwen3.5-27b/ingress/s13,23643,8,3,6,W-00115|W-00116|W-00117|W-00118|W-00119|W-00120
gcell/R3/qwen3.5-27b/ingress/s13,25297,9,1,1,W-00121
gcell/R3/qwen3.5-27b/ingress/s13,25579,9,1,2,W-00122|W-00123
gcell/R3/qwen3.5-27b/ingress/s13,25919,9,1,1,W-00124
gcell/R3/qwen3.5-27b/ingress/s13,26302,9,2,4,W-00125|W-00126|W-00127|W-00128
gcell/R3/qwen3.5-27b/ingress/s13,27037,9,2,2,W-00129|W-00130
gcell/R3/qwen3.5-27b/ingress/s13,27369,9,3,1,W-00131
gcell/R3/qwen3.5-27b/ingress/s13,27712,9,3,4,W-00132|W-00133|W-00134|W-00135
gcell/R3/qwen3.5-27b/ingress/s13,28491,10,1,5,W-00136|W-00137|W-00138|W-00139|W-00140
gcell/R3/qwen3.5-27b/ingress/s13,29592,10,2,2,W-00141|W-00142
gcell/R3/qwen3.5-27b/ingress/s13,29773,10,2,2,W-00143|W-00144
gcell/R3/qwen3.5-27b/ingress/s13,29901,10,2,1,W-00145
gcell/R3/qwen3.5-27b/ingress/s13,29972,10,2,1,W-00146
gcell/R3/qwen3.5-27b/ingress/s13,30200,10,3,4,W-00147|W-00148|W-00149|W-00150
gcell/R3/qwen3.5-27b/ingress/s14,170,1,1,1,W-00001
gcell/R3/qwen3.5-27b/ingress/s14,342,1,1,6,W-00002|W-00003|W-00004|W-00005|W-00006|W-00007
gcell/R3/qwen3.5-27b/ingress/s14,1469,1,2,7,W-00008|W-00009|W-00010|W-00011|W-00012|W-00013|W-00014
gcell/R3/qwen3.5-27b/ingress/s14,2730,1,3,1,W-00015
gcell/R3/qwen3.5-27b/ingress/s14,2960,2,1,6,W-00016|W-00017|W-00018|W-00019|W-00020|W-00021
gcell/R3/qwen3.5-27b/ingress/s14,4112,2,2,4,W-00022|W-00023|W-00024|W-00025
gcell/R3/qwen3.5-27b/ingress/s14,4982,2,3,1,W-00026
gcell/R3/qwen3.5-27b/ingress/s14,5107,2,3,2,W-00027|W-00028
gcell/R3/qwen3.5-27b/ingress/s14,5558,2,3,2,W-00029|W-00030
gcell/R3/qwen3.5-27b/ingress/s14,5910,3,1,5,W-00031|W-00032|W-00033|W-00034|W-00035
gcell/R3/qwen3.5-27b/ingress/s14,6634,3,2,4,W-00036|W-00037|W-00038|W-00039
gcell/R3/qwen3.5-27b/ingress/s14,7136,3,2,1,W-00040
gcell/R3/qwen3.5-27b/ingress/s14,7683,3,3,1,W-00041
gcell/R3/qwen3.5-27b/ingress/s14,7763,3,3,4,W-00042|W-00043|W-00044|W-00045
gcell/R3/qwen3.5-27b/ingress/s14,8429,4,1,5,W-00046|W-00047|W-00048|W-00049|W-00050
gcell/R3/qwen3.5-27b/ingress/s14,9281,4,2,4,W-00051|W-00052|W-00053|W-00054
gcell/R3/qwen3.5-27b/ingress/s14,9935,4,3,6,W-00055|W-00056|W-00057|W-00058|W-00059|W-00060
gcell/R3/qwen3.5-27b/ingress/s14,10762,5,1,6,W-00061|W-00062|W-00063|W-00064|W-00065|W-00066
gcell/R3/qwen3.5-27b/ingress/s14,11632,5,2,4,W-00067|W-00068|W-00069|W-00070
gcell/R3/qwen3.5-27b/ingress/s14,12363,5,3,4,W-00071|W-00072|W-00073|W-00074
gcell/R3/qwen3.5-27b/ingress/s14,13151,5,3,1,W-00075
gcell/R3/qwen3.5-27b/ingress/s14,13488,6,1,4,W-00076|W-00077|W-00078|W-00079
gcell/R3/qwen3.5-27b/ingress/s14,14104,6,1,3,W-00080|W-00081|W-00082
gcell/R3/qwen3.5-27b/ingress/s14,14569,6,1,1,W-00083
gcell/R3/qwen3.5-27b/ingress/s14,15243,6,2,5,W-00084|W-00085|W-00086|W-00087|W-00088
gcell/R3/qwen3.5-27b/ingress/s14,16254,6,3,2,W-00089|W-00090
gcell/R3/qwen3.5-27b/ingress/s14,17407,7,1,1,W-00091
gcell/R3/qwen3.5-27b/ingress/s14,17844,7,1,1,W-00092
gcell/R3/qwen3.5-27b/ingress/s14,18260,7,1,3,W-00093|W-00094|W-00095
gcell/R3/qwen3.5-27b/ingress/s14,18542,7,1,2,W-00096|W-00097
gcell/R3/qwen3.5-27b/ingress/s14,19149,7,2,2,W-00098|W-00099
gcell/R3/qwen3.5-27b/ingress/s14,19282,7,2,1,W-00100
gcell/R3/qwen3.5-27b/ingress/s14,19519,7,3,1,W-00101
gcell/R3/qwen3.5-27b/ingress/s14,19718,7,3,4,W-00102|W-00103|W-00104|W-00105
gcell/R3/qwen3.5-27b/ingress/s14,20717,8,1,5,W-00106|W-00107|W-00108|W-00109|W-00110
gcell/R3/qwen3.5-27b/ingress/s14,21634,8,2,2,W-00111|W-00112
gcell/R3/qwen3.5-27b/ingress/s14,21898,8,2,5,W-00113|W-00114|W-00115|W-00116|W-00117
gcell/R3/qwen3.5-27b/ingress/s14,22745,8,3,1,W-00118
gcell/R3/qwen3.5-27b/ingress/s14,22826,8,3,2,W-00119|W-00120
gcell/R3/qwen3.5-27b/ingress/s14,23501,9,1,3,W-00121|W-00122|W-00123
gcell/R3/qwen3.5-27b/ingress/s14,24216,9,2,2,W-00124|W-00125
gcell/R3/qwen3.5-27b/ingress/s14,24356,9,2,4,W-00126|W-00127|W-00128|W-00129
gcell/R3/qwen3.5-27b/ingress/s14,25054,9,3,1,W-00130
gcell/R3/qwen3.5-27b/ingress/s14,25470,9,3,2,W-00131|W-00132
gcell/R3/qwen3.5-27b/ingress/s14,25591,9,3,2,W-00133|W-00134
gcell/R3/qwen3.5-27b/ingress/s14,25947,9,3,1,W-00135
gcell/R3/qwen3.5-27b/ingress/s14,26308,10,1,4,W-00136|W-00137|W-00138|W-00139
gcell/R3/qwen3.5-27b/ingress/s14,27332,10,2,5,W-00140|W-00141|W-00142|W-00143|W-00144
gcell/R3/qwen3.5-27b/ingress/s14,28862,10,3,2,W-00145|W-00146
gcell/R3/qwen3.5-27b/ingress/s14,29204,10,3,1,W-00147
gcell/R3/qwen3.5-27b/ingress/s14,29464,10,3,1,W-00148
gcell/R3/qwen3.5-27b/ingress/s14,29836,10,3,2,W-00149|W-00150
gcell/R3/qwen3.5-27b/routing/s12,177,1,1,3,W-00001|W-00002|W-00003
gcell/R3/qwen3.5-27b/routing/s12,672,1,2,4,W-00004|W-00005|W-00006|W-00007
gcell/R3/qwen3.5-27b/routing/s12,1095,1,2,4,W-00008|W-00009|W-00010|W-00011
gcell/R3/qwen3.5-27b/routing/s12,2010,1,2,1,W-00012
gcell/R3/qwen3.5-27b/routing/s12,2522,1,3,1,W-00013
gcell/R3/qwen3.5-27b/routing/s12,2757,1,3,1,W-00014
gcell/R3/qwen3.5-27b/routing/s12,2845,1,3,1,W-00015
gcell/R3/qwen3.5-27b/routing/s12,3153,2,1,2,W-00016|W-00017
gcell/R3/qwen3.5-27b/routing/s12,3561,2,2,4,W-00018|W-00019|W-00020|W-00021
gcell/R3/qwen3.5-27b/routing/s12,4394,2,2,1,W-00022
gcell/R3/qwen3.5-27b/routing/s12,4606,2,3,3,W-00023|W-00024|W-00025
gcell/R3/qwen3.5-27b/routing/s12,4976,2,3,4,W-00026|W-00027|W-00028|W-00029
gcell/R3/qwen3.5-27b/routing/s12,5671,2,3,1,W-00030
gcell/R3/qwen3.5-27b/routing/s12,6305,3,1,2,W-00031|W-00032
gcell/R3/qwen3.5-27b/routing/s12,6527,3,2,3,W-00033|W-00034|W-00035
gcell/R3/qwen3.5-27b/routing/s12,7038,3,2,3,W-00036|W-00037|W-00038
gcell/R3/qwen3.5-27b/routing/s12,7422,3,3,7,W-00039|W-00040|W-00041|W-00042|W-00043|W-00044|W-00045
gcell/R3/qwen3.5-27b/routing/s12,8578,4,1,1,W-00046
gcell/R3/qwen3.5-27b/routing/s12,8803,4,1,1,W-00047
gcell/R3/qwen3.5-27b/routing/s12,8966,4,1,4,W-00048|W-00049|W-00050|W-00051
gcell/R3/qwen3.5-27b/routing/s12,9646,4,2,2,W-00052|W-00053
gcell/R3/qwen3.5-27b/routing/s12,9844,4,2,2,W-00054|W-00055
gcell/R3/qwen3.5-27b/routing/s12,10034,4,2,2,W-00056|W-00057
gcell/R3/qwen3.5-27b/routing/s12,10504,4,3,1,W-00058
gcell/R3/qwen3.5-27b/routing/s12,10750,4,3,2,W-00059|W-00060
gcell/R3/qwen3.5-27b/routing/s12,11196,5,1,4,W-00061|W-00062|W-00063|W-00064
gcell/R3/qwen3.5-27b/routing/s12,11883,5,2,4,W-00065|W-00066|W-00067|W-00068
gcell/R3/qwen3.5-27b/routing/s12,12372,5,2,2,W-00069|W-00070
gcell/R3/qwen3.5-27b/routing/s12,12730,5,2,2,W-00071|W-00072
gcell/R3/qwen3.5-27b/routing/s12,13133,5,3,3,W-00073|W-00074|W-00075
gcell/R3/qwen3.5-27b/routing/s12,13667,6,1,1,W-00076
gcell/R3/qwen3.5-27b/routing/s12,13913,6,1,3,W-00077|W-00078|W-00079
gcell/R3/qwen3.5-27b/routing/s12,14236,6,2,1,W-00080
gcell/R3/qwen3.5-27b/routing/s12,14322,6,2,4,W-00081|W-00082|W-00083|W-00084
gcell/R3/qwen3.5-27b/routing/s12,14799,6,2,2,W-00085|W-00086
gcell/R3/qwen3.5-27b/routing/s12,15301,6,3,4,W-00087|W-00088|W-00089|W-00090
gcell/R3/qwen3.5-27b/routing/s12,16143,7,1,2,W-00091|W-00092
gcell/R3/qwen3.5-27b/routing/s12,16321,7,1,1,W-00093
gcell/R3/qwen3.5-27b/routing/s12,16523,7,1,5,W-00094|W-00095|W-00096|W-00097|W-00098
gcell/R3/qwen3.5-27b/routing/s12,17212,7,2,1,W-00099
gcell/R3/qwen3.5-27b/routing/s12,17393,7,2,1,W-00100
gcell/R3/qwen3.5-27b/routing/s12,17683,7,2,1,W-00101
gcell/R3/qwen3.5-27b/routing/s12,18003,7,3,4,W-00102|W-00103|W-00104|W-00105
gcell/R3/qwen3.5-27b/routing/s12,18609,8,1,4,W-00106|W-00107|W-00108|W-00109
gcell/R3/qwen3.5-27b/routing/s12,19144,8,1,1,W-00110
gcell/R3/qwen3.5-27b/routing/s12,19486,8,2,1,W-00111
gcell/R3/qwen3.5-27b/routing/s12,19663,8,2,1,W-00112
gcell/R3/qwen3.5-27b/routing/s12,19946,8,2,4,W-00113|W-00114|W-00115|W-00116
gcell/R3/qwen3.5-27b/routing/s12,20568,8,3,1,W-00117
gcell/R3/qwen3.5-27b/routing/s12,20788,8,3,3,W-00118|W-00119|W-00120
gcell/R3/qwen3.5-27b/routing/s12,21222,9,1,1,W-00121
gcell/R3/qwen3.5-27b/routing/s12,21467,9,1,4,W-00122|W-00123|W-00124|W-00125
gcell/R3/qwen3.5-27b/routing/s12,22458,9,2,4,W-00126|W-00127|W-00128|W-00129
gcell/R3/qwen3.5-27b/routing/s12,23343,9,2,1,W-00130
gcell/R3/qwen3.5-27b/routing/s12,23590,9,3,1,W-00131
gcell/R3/qwen3.5-27b/routing/s12,23609,9,3,3,W-00132|W-00133|W-00134
gcell/R3/qwen3.5-27b/routing/s12,23942,9,3,1,W-00135
gcell/R3/qwen3.5-27b/routing/s12,24276,10,1,5,W-00136|W-00137|W-00138|W-00139|W-00140
gcell/R3/qwen3.5-27b/routing/s12,24945,10,1,1,W-00141
gcell/R3/qwen3.5-27b/routing/s12,25400,10,2,1,W-00142
gcell/R3/qwen3.5-27b/routing/s12,25554,10,2,3,W-00143|W-00144|W-00145
gcell/R3/qwen3.5-27b/routing/s12,26092,10,3,3,W-00146|W-00147|W-00148
gcell/R3/qwen3.5-27b/routing/s12,26502,10,3,1,W-00149
gcell/R3/qwen3.5-27b/routing/s12,26564,10,3,1,W-00150
gcell/R3/qwen3.5-27b/routing/s13,163,1,1,3,W-00001|W-00002|W-00003
gcell/R3/qwen3.5-27b/routing/s13,593,1,1,1,W-00004
gcell/R3/qwen3.5-27b/routing/s13,812,1,2,1,W-00005
gcell/R3/qwen3.5-27b/routing/s13,915,1,2,6,W-00006|W-00007|W-00008|W-00009|W-00010|W-00011
gcell/R3/qwen3.5-27b/routing/s13,2016,1,3,4,W-00012|W-00013|W-00014|W-00015
gcell/R3/qwen3.5-27b/routing/s13,3003,2,1,5,W-00016|W-00017|W-00018|W-00019|W-00020
gcell/R3/qwen3.5-27b/routing/s13,3649,2,2,2,W-00021|W-00022
gcell/R3/qwen3.5-27b/routing/s13,3977,2,2,4,W-00023|W-00024|W-00025|W-00026
gcell/R3/qwen3.5-27b/routing/s13,4619,2,2,1,W-00027
gcell/R3/qwen3.5-27b/routing/s13,4717,2,2,1,W-00028
gcell/R3/qwen3.5-27b/routing/s13,5065,2,3,2,W-00029|W-00030
gcell/R3/qwen3.5-27b/routing/s13,5467,3,1,4,W-00031|W-00032|W-00033|W-00034
gcell/R3/qwen3.5-27b/routing/s13,6336,3,2,1,W-00035
gcell/R3/qwen3.5-27b/routing/s13,6418,3,2,4,W-00036|W-00037|W-00038|W-00039
gcell/R3/qwen3.5-27b/routing/s13,7061,3,3,6,W-00040|W-00041|W-00042|W-00043|W-00044|W-00045
gcell/R3/qwen3.5-27b/routing/s13,8227,4,1,4,W-00046|W-00047|W-00048|W-00049
gcell/R3/qwen3.5-27b/routing/s13,8918,4,1,2,W-00050|W-00051
gcell/R3/qwen3.5-27b/routing/s13,9688,4,2,3,W-00052|W-00053|W-00054
gcell/R3/qwen3.5-27b/routing/s13,10304,4,3,4,W-00055|W-00056|W-00057|W-00058
gcell/R3/qwen3.5-27b/routing/s13,10778,4,3,2,W-00059|W-00060
gcell/R3/qwen3.5-27b/routing/s13,11289,5,1,3,W-00061|W-00062|W-00063
gcell/R3/qwen3.5-27b/routing/s13,12159,5,1,1,W-00064
gcell/R3/qwen3.5-27b/routing/s13,12689,5,2,1,W-00065
gcell/R3/qwen3.5-27b/routing/s13,12816,5,2,2,W-00066|W-00067
gcell/R3/qwen3.5-27b/routing/s13,13037,5,2,1,W-00068
gcell/R3/qwen3.5-27b/routing/s13,13098,5,2,1,W-00069
gcell/R3/qwen3.5-27b/routing/s13,13449,5,3,6,W-00070|W-00071|W-00072|W-00073|W-00074|W-00075
gcell/R3/qwen3.5-27b/routing/s13,14262,6,1,3,W-00076|W-00077|W-00078
gcell/R3/qwen3.5-27b/routing/s13,15110,6,2,1,W-00079
gcell/R3/qwen3.5-27b/routing/s13,15167,6,2,2,W-00080|W-00081
gcell/R3/qwen3.5-27b/routing/s13,15587,6,3,1,W-00082
gcell/R3/qwen3.5-27b/routing/s13,15755,6,3,8,W-00083|W-00084|W-00085|W-00086|W-00087|W-00088|W-00089|W-00090
gcell/R3/qwen3.5-27b/routing/s13,16979,7,1,8,W-00091|W-00092|W-00093|W-00094|W-00095|W-00096|W-00097|W-00098
gcell/R3/qwen3.5-27b/routing/s13,17690,7,2,5,W-00099|W-00100|W-00101|W-00102|W-00103
gcell/R3/qwen3.5-27b/routing/s13,18531,7,3,2,W-00104|W-00105
gcell/R3/qwen3.5-27b/routing/s13,18933,8,1,4,W-00106|W-00107|W-00108|W-00109
gcell/R3/qwen3.5-27b/routing/s13,19854,8,2,3,W-00110|W-00111|W-00112
gcell/R3/qwen3.5-27b/routing/s13,20170,8,2,2,W-00113|W-00114
gcell/R3/qwen3.5-27b/routing/s13,20430,8,3,6,W-00115|W-00116|W-00117|W-00118|W-00119|W-00120
gcell/R3/qwen3.5-27b/routing/s13,21420,9,1,1,W-00121
gcell/R3/qwen3.5-27b/routing/s13,21519,9,1,2,W-00122|W-00123
gcell/R3/qwen3.5-27b/routing/s13,21745,9,1,1,W-00124
gcell/R3/qwen3.5-27b/routing/s13,22135,9,2,4,W-00125|W-00126|W-00127|W-00128
gcell/R3/qwen3.5-27b/routing/s13,22728,9,2,2,W-00129|W-00130
gcell/R3/qwen3.5-27b/routing/s13,23086,9,3,1,W-00131
gcell/R3/qwen3.5-27b/routing/s13,23355,9,3,4,W-00132|W-00133|W-00134|W-00135
gcell/R3/qwen3.5-27b/routing/s13,24079,10,1,5,W-00136|W-00137|W-00138|W-00139|W-00140
gcell/R3/qwen3.5-27b/routing/s13,24834,10,2,2,W-00141|W-00142
gcell/R3/qwen3.5-27b/routing/s13,24997,10,2,2,W-00143|W-00144
gcell/R3/qwen3.5-27b/routing/s13,25138,10,2,1,W-00145
gcell/R3/qwen3.5-27b/routing/s13,25220,10,2,1,W-00146
gcell/R3/qwen3.5-27b/routing/s13,25451,10,3,4,W-00147|W-00148|W-00149|W-00150
gcell/R3/qwen3.5-27b/routing/s13,26014,11,1,2,W-00151|W-00152
gcell/R3/qwen3.5-27b/routing/s13,26452,11,1,3,W-00153|W-00154|W-00155
gcell/R3/qwen3.5-27b/routing/s14,170,1,1,1,W-00001
gcell/R3/qwen3.5-27b/routing/s14,244,1,1,6,W-00002|W-00003|W-00004|W-00005|W-00006|W-00007
gcell/R3/qwen3.5-27b/routing/s14,1205,1,2,7,W-00008|W-00009|W-00010|W-00011|W-00012|W-00013|W-00014
gcell/R3/qwen3.5-27b/routing/s14,2339,1,3,1,W-00015
gcell/R3/qwen3.5-27b/routing/s14,2546,2,1,6,W-00016|W-00017|W-00018|W-00019|W-00020|W-00021
gcell/R3/qwen3.5-27b/routing/s14,3394,2,2,4,W-00022|W-00023|W-00024|W-00025
gcell/R3/qwen3.5-27b/routing/s14,4145,2,3,1,W-00026
gcell/R3/qwen3.5-27b/routing/s14,4237,2,3,2,W-00027|W-00028
gcell/R3/qwen3.5-27b/routing/s14,4400,2,3,2,W-00029|W-00030
gcell/R3/qwen3.5-27b/routing/s14,4872,3,1,5,W-00031|W-00032|W-00033|W-00034|W-00035
gcell/R3/qwen3.5-27b/routing/s14,5860,3,2,4,W-00036|W-00037|W-00038|W-00039
gcell/R3/qwen3.5-27b/routing/s14,6162,3,2,1,W-00040
gcell/R3/qwen3.5-27b/routing/s14,6437,3,3,1,W-00041
gcell/R3/qwen3.5-27b/routing/s14,6573,3,3,4,W-00042|W-00043|W-00044|W-00045
gcell/R3/qwen3.5-27b/routing/s14,7311,4,1,5,W-00046|W-00047|W-00048|W-00049|W-00050
gcell/R3/qwen3.5-27b/routing/s14,8194,4,2,4,W-00051|W-00052|W-00053|W-00054
gcell/R3/qwen3.5-27b/routing/s14,8907,4,3,6,W-00055|W-00056|W-00057|W-00058|W-00059|W-00060
gcell/R3/qwen3.5-27b/routing/s14,9678,5,1,6,W-00061|W-00062|W-00063|W-00064|W-00065|W-00066
gcell/R3/qwen3.5-27b/routing/s14,10614,5,2,4,W-00067|W-00068|W-00069|W-00070
gcell/R3/qwen3.5-27b/routing/s14,11192,5,3,4,W-00071|W-00072|W-00073|W-00074
gcell/R3/qwen3.5-27b/routing/s14,11709,5,3,1,W-00075
gcell/R3/qwen3.5-27b/routing/s14,11995,6,1,4,W-00076|W-00077|W-00078|W-00079
gcell/R3/qwen3.5-27b/routing/s14,12364,6,1,3,W-00080|W-00081|W-00082
gcell/R3/qwen3.5-27b/routing/s14,12680,6,1,1,W-00083
gcell/R3/qwen3.5-27b/routing/s14,12969,6,2,5,W-00084|W-00085|W-00086|W-00087|W-00088
gcell/R3/qwen3.5-27b/routing/s14,13880,6,3,2,W-00089|W-00090
gcell/R3/qwen3.5-27b/routing/s14,14220,7,1,1,W-00091
gcell/R3/qwen3.5-27b/routing/s14,14561,7,1,1,W-00092
gcell/R3/qwen3.5-27b/routing/s14,14775,7,1,3,W-00093|W-00094|W-00095
gcell/R3/qwen3.5-27b/routing/s14,15123,7,1,2,W-00096|W-00097
gcell/R3/qwen3.5-27b/routing/s14,15663,7,2,2,W-00098|W-00099
gcell/R3/qwen3.5-27b/routing/s14,15804,7,2,1,W-00100
gcell/R3/qwen3.5-27b/routing/s14,16056,7,3,1,W-00101
gcell/R3/qwen3.5-27b/routing/s14,16222,7,3,4,W-00102|W-00103|W-00104|W-00105
gcell/R3/qwen3.5-27b/routing/s14,17012,8,1,5,W-00106|W-00107|W-00108|W-00109|W-00110
gcell/R3/qwen3.5-27b/routing/s14,17912,8,2,2,W-00111|W-00112
gcell/R3/qwen3.5-27b/routing/s14,18157,8,2,5,W-00113|W-00114|W-00115|W-00116|W-00117
gcell/R3/qwen3.5-27b/routing/s14,18722,8,3,1,W-00118
gcell/R3/qwen3.5-27b/routing/s14,18799,8,3,2,W-00119|W-00120
gcell/R3/qwen3.5-27b/routing/s14,19223,9,1,3,W-00121|W-00122|W-00123
gcell/R3/qwen3.5-27b/routing/s14,19726,9,2,2,W-00124|W-00125
gcell/R3/qwen3.5-27b/routing/s14,20058,9,2,4,W-00126|W-00127|W-00128|W-00129
gcell/R3/qwen3.5-27b/routing/s14,20797,9,3,1,W-00130
gcell/R3/qwen3.5-27b/routing/s14,21117,9,3,2,W-00131|W-00132
gcell/R3/qwen3.5-27b/routing/s14,21298,9,3,2,W-00133|W-00134
gcell/R3/qwen3.5-27b/routing/s14,21456,9,3,1,W-00135
gcell/R3/qwen3.5-27b/routing/s14,21749,10,1,4,W-00136|W-00137|W-00138|W-00139
gcell/R3/qwen3.5-27b/routing/s14,22511,10,2,5,W-00140|W-00141|W-00142|W-00143|W-00144
gcell/R3/qwen3.5-27b/routing/s14,23368,10,3,2,W-00145|W-00146
gcell/R3/qwen3.5-27b/routing/s14,23562,10,3,1,W-00147
gcell/R3/qwen3.5-27b/routing/s14,23700,10,3,1,W-00148
gcell/R3/qwen3.5-27b/routing/s14,24115,10,3,2,W-00149|W-00150
gcell/R3/qwen3.5-27b/routing/s14,24506,11,1,2,W-00151|W-00152
gcell/R3/qwen3.5-27b/routing/s14,24725,11,1,1,W-00153
gcell/R3/qwen3.5-27b/routing/s14,24940,11,2,2,W-00154|W-00155
gcell/R3/qwen3.5-27b/routing/s14,25256,11,2,3,W-00156|W-00157|W-00158
appendix/base/qwen3.5-27b/direct_relay/s12,136,1,1,1,W-00001
appendix/base/qwen3.5-27b/direct_relay/s12,174,1,1,1,W-00002
appendix/base/qwen3.5-27b/direct_relay/s12,280,1,1,6,W-00003|W-00004|W-00005|W-00006|W-00007|W-00008
appendix/base/qwen3.5-27b/direct_relay/s12,846,1,2,2,W-00009|W-00010
appendix/base/qwen3.5-27b/direct_relay/s12,1168,2,1,3,W-00011|W-00012|W-00013
appendix/base/qwen3.5-27b/direct_relay/s12,1702,2,2,4,W-00014|W-00015|W-00016|W-00017
appendix/base/qwen3.5-27b/direct_relay/s12,1943,2,3,3,W-00018|W-00019|W-00020
appendix/base/qwen3.5-27b/direct_relay/s12,2556,3,1,2,W-00021|W-00022
appendix/base/qwen3.5-27b/direct_relay/s12,2823,3,1,1,W-00023
appendix/base/qwen3.5-27b/direct_relay/s12,2984,3,1,1,W-00024
appendix/base/qwen3.5-27b/direct_relay/s12,3053,3,2,1,W-00025
appendix/base/qwen3.5-27b/direct_relay/s12,3294,3,2,1,W-00026
appendix/base/qwen3.5-27b/direct_relay/s12,3501,3,3,4,W-00027|W-00028|W-00029|W-00030
appendix/base/qwen3.5-27b/direct_relay/s12,3853,4,1,2,W-00031|W-00032
appendix/base/qwen3.5-27b/direct_relay/s12,4054,4,1,1,W-00033
appendix/base/qwen3.5-27b/direct_relay/s12,4319,4,2,3,W-00034|W-00035|W-00036
appendix/base/qwen3.5-27b/direct_relay/s12,4853,4,3,2,W-00037|W-00038
appendix/base/qwen3.5-27b/direct_relay/s12,5199,4,3,2,W-00039|W-00040
appendix/base/qwen3.5-27b/direct_relay/s12,5692,5,1,2,W-00041|W-00042
appendix/base/qwen3.5-27b/direct_relay/s12,6214,5,2,3,W-00043|W-00044|W-00045
appendix/base/qwen3.5-27b/direct_relay/s12,6407,5,2,1,W-00046
appendix/base/qwen3.5-27b/direct_relay/s12,6616,5,3,4,W-00047|W-00048|W-00049|W-00050
appendix/base/qwen3.5-27b/direct_relay/s12,7182,6,1,1,W-00051
appendix/base/qwen3.5-27b/direct_relay/s12,7331,6,2,2,W-00052|W-00053
appendix/base/qwen3.5-27b/direct_relay/s12,7682,6,3,1,W-00054
appendix/base/qwen3.5-27b/direct_relay/s12,7696,6,3,3,W-00055|W-00056|W-00057
appendix/base/qwen3.5-27b/direct_relay/s12,7958,6,3,3,W-00058|W-00059|W-00060
appendix/base/qwen3.5-27b/direct_relay/s12,8350,7,1,2,W-00061|W-00062
appendix/base/qwen3.5-27b/direct_relay/s12,8606,7,1,1,W-00063
appendix/base/qwen3.5-27b/direct_relay/s12,8900,7,2,3,W-00064|W-00065|W-00066
appendix/base/qwen3.5-27b/direct_relay/s12,9114,7,2,1,W-00067
appendix/base/qwen3.5-27b/direct_relay/s12,9329,7,3,3,W-00068|W-00069|W-00070
appendix/base/qwen3.5-27b/direct_relay/s12,9805,8,1,1,W-00071
appendix/base/qwen3.5-27b/direct_relay/s12,10408,8,1,2,W-00072|W-00073
appendix/base/qwen3.5-27b/direct_relay/s12,10633,8,2,3,W-00074|W-00075|W-00076
appendix/base/qwen3.5-27b/direct_relay/s12,11032,8,3,4,W-00077|W-00078|W-00079|W-00080
appendix/base/qwen3.5-27b/direct_relay/s12,11937,9,1,2,W-00081|W-00082
appendix/base/qwen3.5-27b/direct_relay/s12,12045,9,1,1,W-00083
appendix/base/qwen3.5-27b/direct_relay/s12,12200,9,2,4,W-00084|W-00085|W-00086|W-00087
appendix/base/qwen3.5-27b/direct_relay/s12,12963,9,3,3,W-00088|W-00089|W-00090
appendix/base/qwen3.5-27b/direct_relay/s12,13531,10,1,3,W-00091|W-00092|W-00093
appendix/base/qwen3.5-27b/direct_relay/s12,13969,10,2,3,W-00094|W-00095|W-00096
appendix/base/qwen3.5-27b/direct_relay/s12,14322,10,2,2,W-00097|W-00098
appendix/base/qwen3.5-27b/direct_relay/s12,14813,10,3,1,W-00099
appendix/base/qwen3.5-27b/direct_relay/s12,14929,10,3,1,W-00100
appendix/base/qwen3.5-27b/direct_relay/s13,100,1,1,1,W-00001
appendix/base/qwen3.5-27b/direct_relay/s13,314,1,2,6,W-00002|W-00003|W-00004|W-00005|W-00006|W-00007
appendix/base/qwen3.5-27b/direct_relay/s13,679,1,3,3,W-00008|W-00009|W-00010
appendix/base/qwen3.5-27b/direct_relay/s13,1264,2,1,5,W-00011|W-00012|W-00013|W-00014|W-00015
appendix/base/qwen3.5-27b/direct_relay/s13,1940,2,2,2,W-00016|W-00017
appendix/base/qwen3.5-27b/direct_relay/s13,1986,2,2,1,W-00018
appendix/base/qwen3.5-27b/direct_relay/s13,2261,2,3,2,W-00019|W-00020
appendix/base/qwen3.5-27b/direct_relay/s13,2648,3,1,4,W-00021|W-00022|W-00023|W-00024
appendix/base/qwen3.5-27b/direct_relay/s13,3330,3,2,1,W-00025
appendix/base/qwen3.5-27b/direct_relay/s13,3396,3,2,3,W-00026|W-00027|W-00028
appendix/base/qwen3.5-27b/direct_relay/s13,3619,3,3,1,W-00029
appendix/base/qwen3.5-27b/direct_relay/s13,3652,3,3,1,W-00030
appendix/base/qwen3.5-27b/direct_relay/s13,3818,4,1,2,W-00031|W-00032
appendix/base/qwen3.5-27b/direct_relay/s13,4035,4,2,2,W-00033|W-00034
appendix/base/qwen3.5-27b/direct_relay/s13,4211,4,2,1,W-00035
appendix/base/qwen3.5-27b/direct_relay/s13,4349,4,3,1,W-00036
appendix/base/qwen3.5-27b/direct_relay/s13,4595,4,3,4,W-00037|W-00038|W-00039|W-00040
appendix/base/qwen3.5-27b/direct_relay/s13,5147,5,1,2,W-00041|W-00042
appendix/base/qwen3.5-27b/direct_relay/s13,5502,5,2,4,W-00043|W-00044|W-00045|W-00046
appendix/base/qwen3.5-27b/direct_relay/s13,5953,5,3,1,W-00047
appendix/base/qwen3.5-27b/direct_relay/s13,6264,5,3,3,W-00048|W-00049|W-00050
appendix/base/qwen3.5-27b/direct_relay/s13,6497,6,1,1,W-00051
appendix/base/qwen3.5-27b/direct_relay/s13,6741,6,1,1,W-00052
appendix/base/qwen3.5-27b/direct_relay/s13,6979,6,1,1,W-00053
appendix/base/qwen3.5-27b/direct_relay/s13,7016,6,1,2,W-00054|W-00055
appendix/base/qwen3.5-27b/direct_relay/s13,7435,6,2,2,W-00056|W-00057
appendix/base/qwen3.5-27b/direct_relay/s13,7756,6,3,1,W-00058
appendix/base/qwen3.5-27b/direct_relay/s13,7808,6,3,1,W-00059
appendix/base/qwen3.5-27b/direct_relay/s13,8044,6,3,1,W-00060
appendix/base/qwen3.5-27b/direct_relay/s13,8357,7,1,4,W-00061|W-00062|W-00063|W-00064
appendix/base/qwen3.5-27b/direct_relay/s13,8933,7,2,2,W-00065|W-00066
appendix/base/qwen3.5-27b/direct_relay/s13,9179,7,3,2,W-00067|W-00068
appendix/base/qwen3.5-27b/direct_relay/s13,9668,7,3,2,W-00069|W-00070
appendix/base/qwen3.5-27b/direct_relay/s13,9982,8,1,5,W-00071|W-00072|W-00073|W-00074|W-00075
appendix/base/qwen3.5-27b/direct_relay/s13,10560,8,2,2,W-00076|W-00077
appendix/base/qwen3.5-27b/direct_relay/s13,10899,8,2,1,W-00078
appendix/base/qwen3.5-27b/direct_relay/s13,11030,8,3,2,W-00079|W-00080
appendix/base/qwen3.5-27b/direct_relay/s13,11301,9,1,1,W-00081
appendix/base/qwen3.5-27b/direct_relay/s13,11357,9,1,1,W-00082
appendix/base/qwen3.5-27b/direct_relay/s13,11400,9,1,2,W-00083|W-00084
appendix/base/qwen3.5-27b/direct_relay/s13,11947,9,2,1,W-00085
appendix/base/qwen3.5-27b/direct_relay/s13,12051,9,3,1,W-00086
appendix/base/qwen3.5-27b/direct_relay/s13,12077,9,3,2,W-00087|W-00088
appendix/base/qwen3.5-27b/direct_relay/s13,12368,9,3,1,W-00089
appendix/base/qwen3.5-27b/direct_relay/s13,12381,9,3,1,W-00090
appendix/base/qwen3.5-27b/direct_relay/s13,12555,10,1,1,W-00091
appendix/base/qwen3.5-27b/direct_relay/s13,12594,10,1,1,W-00092
appendix/base/qwen3.5-27b/direct_relay/s13,12710,10,1,2,W-00093|W-00094
appendix/base/qwen3.5-27b/direct_relay/s13,13539,10,2,3,W-00095|W-00096|W-00097
appendix/base/qwen3.5-27b/direct_relay/s13,14456,10,3,3,W-00098|W-00099|W-00100
appendix/base/qwen3.5-27b/direct_relay/s14,125,1,1,1,W-00001
appendix/base/qwen3.5-27b/direct_relay/s14,375,1,1,1,W-00002
appendix/base/qwen3.5-27b/direct_relay/s14,427,1,1,2,W-00003|W-00004
appendix/base/qwen3.5-27b/direct_relay/s14,555,1,1,1,W-00005
appendix/base/qwen3.5-27b/direct_relay/s14,1022,1,2,3,W-00006|W-00007|W-00008
appendix/base/qwen3.5-27b/direct_relay/s14,1714,1,3,2,W-00009|W-00010
appendix/base/qwen3.5-27b/direct_relay/s14,1862,2,1,4,W-00011|W-00012|W-00013|W-00014
appendix/base/qwen3.5-27b/direct_relay/s14,2696,2,2,1,W-00015
appendix/base/qwen3.5-27b/direct_relay/s14,2715,2,2,1,W-00016
appendix/base/qwen3.5-27b/direct_relay/s14,2967,2,3,4,W-00017|W-00018|W-00019|W-00020
appendix/base/qwen3.5-27b/direct_relay/s14,3350,3,1,2,W-00021|W-00022
appendix/base/qwen3.5-27b/direct_relay/s14,3678,3,2,1,W-00023
appendix/base/qwen3.5-27b/direct_relay/s14,3960,3,2,3,W-00024|W-00025|W-00026
appendix/base/qwen3.5-27b/direct_relay/s14,4206,3,3,2,W-00027|W-00028
appendix/base/qwen3.5-27b/direct_relay/s14,4459,3,3,1,W-00029
appendix/base/qwen3.5-27b/direct_relay/s14,4479,3,3,1,W-00030
appendix/base/qwen3.5-27b/direct_relay/s14,4713,4,1,4,W-00031|W-00032|W-00033|W-00034
appendix/base/qwen3.5-27b/direct_relay/s14,5184,4,2,2,W-00035|W-00036
appendix/base/qwen3.5-27b/direct_relay/s14,5409,4,3,2,W-00037|W-00038
appendix/base/qwen3.5-27b/direct_relay/s14,5497,4,3,2,W-00039|W-00040
appendix/base/qwen3.5-27b/direct_relay/s14,6182,5,1,2,W-00041|W-00042
appendix/base/qwen3.5-27b/direct_relay/s14,6484,5,1,1,W-00043
appendix/base/qwen3.5-27b/direct_relay/s14,6794,5,2,3,W-00044|W-00045|W-00046
appendix/base/qwen3.5-27b/direct_relay/s14,7165,5,3,2,W-00047|W-00048
appendix/base/qwen3.5-27b/direct_relay/s14,7387,5,3,1,W-00049
appendix/base/qwen3.5-27b/direct_relay/s14,7669,5,3,1,W-00050
appendix/base/qwen3.5-27b/direct_relay/s14,8043,6,1,1,W-00051
appendix/base/qwen3.5-27b/direct_relay/s14,8182,6,2,1,W-00052
appendix/base/qwen3.5-27b/direct_relay/s14,8374,6,2,3,W-00053|W-00054|W-00055
appendix/base/qwen3.5-27b/direct_relay/s14,8787,6,2,1,W-00056
appendix/base/qwen3.5-27b/direct_relay/s14,8864,6,3,1,W-00057
appendix/base/qwen3.5-27b/direct_relay/s14,8906,6,3,1,W-00058
appendix/base/qwen3.5-27b/direct_relay/s14,9046,6,3,1,W-00059
appendix/base/qwen3.5-27b/direct_relay/s14,9096,6,3,1,W-00060
appendix/base/qwen3.5-27b/direct_relay/s14,9373,7,1,3,W-00061|W-00062|W-00063
appendix/base/qwen3.5-27b/direct_relay/s14,9882,7,2,2,W-00064|W-00065
appendix/base/qwen3.5-27b/direct_relay/s14,10132,7,2,2,W-00066|W-00067
appendix/base/qwen3.5-27b/direct_relay/s14,10398,7,3,3,W-00068|W-00069|W-00070
appendix/base/qwen3.5-27b/direct_relay/s14,10649,8,1,3,W-00071|W-00072|W-00073
appendix/base/qwen3.5-27b/direct_relay/s14,11529,8,2,1,W-00074
appendix/base/qwen3.5-27b/direct_relay/s14,11628,8,2,2,W-00075|W-00076
appendix/base/qwen3.5-27b/direct_relay/s14,11888,8,2,4,W-00077|W-00078|W-00079|W-00080
appendix/base/qwen3.5-27b/direct_relay/s14,12599,9,1,1,W-00081
appendix/base/qwen3.5-27b/direct_relay/s14,12750,9,1,5,W-00082|W-00083|W-00084|W-00085|W-00086
appendix/base/qwen3.5-27b/direct_relay/s14,13434,9,2,3,W-00087|W-00088|W-00089
appendix/base/qwen3.5-27b/direct_relay/s14,13823,9,2,1,W-00090
appendix/base/qwen3.5-27b/direct_relay/s14,14076,10,1,2,W-00091|W-00092
appendix/base/qwen3.5-27b/direct_relay/s14,14530,10,2,4,W-00093|W-00094|W-00095|W-00096
appendix/base/qwen3.5-27b/direct_relay/s14,15147,10,3,2,W-00097|W-00098
appendix/base/qwen3.5-27b/direct_relay/s14,15556,10,3,2,W-00099|W-00100
appendix/base/qwen3.5-27b/retrieve/s12,136,1,1,1,W-00001
appendix/base/qwen3.5-27b/retrieve/s12,224,1,1,1,W-00002
appendix/base/qwen3.5-27b/retrieve/s12,413,1,1,6,W-00003|W-00004|W-00005|W-00006|W-00007|W-00008
appendix/base/qwen3.5-27b/retrieve/s12,1122,1,2,2,W-00009|W-00010
appendix/base/qwen3.5-27b/retrieve/s12,1470,2,1,3,W-00011|W-00012|W-00013
appendix/base/qwen3.5-27b/retrieve/s12,1836,2,2,4,W-00014|W-00015|W-00016|W-00017
appendix/base/qwen3.5-27b/retrieve/s12,2277,2,3,3,W-00018|W-00019|W-00020
appendix/base/qwen3.5-27b/retrieve/s12,2648,3,1,2,W-00021|W-00022
appendix/base/qwen3.5-27b/retrieve/s12,2805,3,1,1,W-00023
appendix/base/qwen3.5-27b/retrieve/s12,3057,3,1,1,W-00024
appendix/base/qwen3.5-27b/retrieve/s12,3207,3,2,1,W-00025
appendix/base/qwen3.5-27b/retrieve/s12,3309,3,2,1,W-00026
appendix/base/qwen3.5-27b/retrieve/s12,3494,3,3,4,W-00027|W-00028|W-00029|W-00030
appendix/base/qwen3.5-27b/retrieve/s12,3985,4,1,2,W-00031|W-00032
appendix/base/qwen3.5-27b/retrieve/s12,4391,4,1,1,W-00033
appendix/base/qwen3.5-27b/retrieve/s12,4564,4,2,3,W-00034|W-00035|W-00036
appendix/base/qwen3.5-27b/retrieve/s12,4894,4,3,2,W-00037|W-00038
appendix/base/qwen3.5-27b/retrieve/s12,5191,4,3,2,W-00039|W-00040
appendix/base/qwen3.5-27b/retrieve/s12,5529,5,1,2,W-00041|W-00042
appendix/base/qwen3.5-27b/retrieve/s12,5814,5,2,3,W-00043|W-00044|W-00045
appendix/base/qwen3.5-27b/retrieve/s12,6109,5,2,1,W-00046
appendix/base/qwen3.5-27b/retrieve/s12,6289,5,3,4,W-00047|W-00048|W-00049|W-00050
appendix/base/qwen3.5-27b/retrieve/s12,6863,6,1,1,W-00051
appendix/base/qwen3.5-27b/retrieve/s12,7128,6,2,2,W-00052|W-00053
appendix/base/qwen3.5-27b/retrieve/s12,7425,6,3,1,W-00054
appendix/base/qwen3.5-27b/retrieve/s12,7482,6,3,3,W-00055|W-00056|W-00057
appendix/base/qwen3.5-27b/retrieve/s12,7756,6,3,3,W-00058|W-00059|W-00060
appendix/base/qwen3.5-27b/retrieve/s12,8270,7,1,2,W-00061|W-00062
appendix/base/qwen3.5-27b/retrieve/s12,8422,7,1,1,W-00063
appendix/base/qwen3.5-27b/retrieve/s12,8649,7,2,3,W-00064|W-00065|W-00066
appendix/base/qwen3.5-27b/retrieve/s12,9035,7,2,1,W-00067
appendix/base/qwen3.5-27b/retrieve/s12,9299,7,3,3,W-00068|W-00069|W-00070
appendix/base/qwen3.5-27b/retrieve/s12,9803,8,1,1,W-00071
appendix/base/qwen3.5-27b/retrieve/s12,9903,8,1,2,W-00072|W-00073
appendix/base/qwen3.5-27b/retrieve/s12,10181,8,2,3,W-00074|W-00075|W-00076
appendix/base/qwen3.5-27b/retrieve/s12,10534,8,3,4,W-00077|W-00078|W-00079|W-00080
appendix/base/qwen3.5-27b/retrieve/s12,11156,9,1,2,W-00081|W-00082
appendix/base/qwen3.5-27b/retrieve/s12,11233,9,1,1,W-00083
appendix/base/qwen3.5-27b/retrieve/s12,11376,9,2,4,W-00084|W-00085|W-00086|W-00087
appendix/base/qwen3.5-27b/retrieve/s12,11803,9,3,3,W-00088|W-00089|W-00090
appendix/base/qwen3.5-27b/retrieve/s12,12414,10,1,3,W-00091|W-00092|W-00093
appendix/base/qwen3.5-27b/retrieve/s12,12896,10,2,3,W-00094|W-00095|W-00096
appendix/base/qwen3.5-27b/retrieve/s12,13137,10,2,2,W-00097|W-00098
appendix/base/qwen3.5-27b/retrieve/s12,13497,10,3,1,W-00099
appendix/base/qwen3.5-27b/retrieve/s12,13573,10,3,1,W-00100
appendix/base/qwen3.5-27b/retrieve/s13,100,1,1,1,W-00001
appendix/base/qwen3.5-27b/retrieve/s13,330,1,2,6,W-00002|W-00003|W-00004|W-00005|W-00006|W-00007
appendix/base/qwen3.5-27b/retrieve/s13,952,1,3,3,W-00008|W-00009|W-00010
appendix/base/qwen3.5-27b/retrieve/s13,1518,2,1,5,W-00011|W-00012|W-00013|W-00014|W-00015
appendix/base/qwen3.5-27b/retrieve/s13,2222,2,2,2,W-00016|W-00017
appendix/base/qwen3.5-27b/retrieve/s13,2324,2,2,1,W-00018
appendix/base/qwen3.5-27b/retrieve/s13,2495,2,3,2,W-00019|W-00020
appendix/base/qwen3.5-27b/retrieve/s13,2824,3,1,4,W-00021|W-00022|W-00023|W-00024
appendix/base/qwen3.5-27b/retrieve/s13,3374,3,2,1,W-00025
appendix/base/qwen3.5-27b/retrieve/s13,3420,3,2,3,W-00026|W-00027|W-00028
appendix/base/qwen3.5-27b/retrieve/s13,3670,3,3,1,W-00029
appendix/base/qwen3.5-27b/retrieve/s13,3742,3,3,1,W-00030
appendix/base/qwen3.5-27b/retrieve/s13,3930,4,1,2,W-00031|W-00032
appendix/base/qwen3.5-27b/retrieve/s13,4345,4,2,2,W-00033|W-00034
appendix/base/qwen3.5-27b/retrieve/s13,4496,4,2,1,W-00035
appendix/base/qwen3.5-27b/retrieve/s13,4615,4,3,1,W-00036
appendix/base/qwen3.5-27b/retrieve/s13,4714,4,3,4,W-00037|W-00038|W-00039|W-00040
appendix/base/qwen3.5-27b/retrieve/s13,5200,5,1,2,W-00041|W-00042
appendix/base/qwen3.5-27b/retrieve/s13,5475,5,2,4,W-00043|W-00044|W-00045|W-00046
appendix/base/qwen3.5-27b/retrieve/s13,6006,5,3,1,W-00047
appendix/base/qwen3.5-27b/retrieve/s13,6113,5,3,3,W-00048|W-00049|W-00050
appendix/base/qwen3.5-27b/retrieve/s13,6428,6,1,1,W-00051
appendix/base/qwen3.5-27b/retrieve/s13,6561,6,1,1,W-00052
appendix/base/qwen3.5-27b/retrieve/s13,6743,6,1,1,W-00053
appendix/base/qwen3.5-27b/retrieve/s13,6807,6,1,2,W-00054|W-00055
appendix/base/qwen3.5-27b/retrieve/s13,7111,6,2,2,W-00056|W-00057
appendix/base/qwen3.5-27b/retrieve/s13,7301,6,3,1,W-00058
appendix/base/qwen3.5-27b/retrieve/s13,7349,6,3,1,W-00059
appendix/base/qwen3.5-27b/retrieve/s13,7498,6,3,1,W-00060
appendix/base/qwen3.5-27b/retrieve/s13,7765,7,1,4,W-00061|W-00062|W-00063|W-00064
appendix/base/qwen3.5-27b/retrieve/s13,8264,7,2,2,W-00065|W-00066
appendix/base/qwen3.5-27b/retrieve/s13,8534,7,3,2,W-00067|W-00068
appendix/base/qwen3.5-27b/retrieve/s13,8754,7,3,2,W-00069|W-00070
appendix/base/qwen3.5-27b/retrieve/s13,9043,8,1,5,W-00071|W-00072|W-00073|W-00074|W-00075
appendix/base/qwen3.5-27b/retrieve/s13,9642,8,2,2,W-00076|W-00077
appendix/base/qwen3.5-27b/retrieve/s13,9858,8,2,1,W-00078
appendix/base/qwen3.5-27b/retrieve/s13,10057,8,3,2,W-00079|W-00080
appendix/base/qwen3.5-27b/retrieve/s13,10377,9,1,1,W-00081
appendix/base/qwen3.5-27b/retrieve/s13,10426,9,1,1,W-00082
appendix/base/qwen3.5-27b/retrieve/s13,10516,9,1,2,W-00083|W-00084
appendix/base/qwen3.5-27b/retrieve/s13,10783,9,2,1,W-00085
appendix/base/qwen3.5-27b/retrieve/s13,10960,9,3,1,W-00086
appendix/base/qwen3.5-27b/retrieve/s13,11041,9,3,2,W-00087|W-00088
appendix/base/qwen3.5-27b/retrieve/s13,11267,9,3,1,W-00089
appendix/base/qwen3.5-27b/retrieve/s13,11334,9,3,1,W-00090
appendix/base/qwen3.5-27b/retrieve/s13,11531,10,1,1,W-00091
appendix/base/qwen3.5-27b/retrieve/s13,11565,10,1,1,W-00092
appendix/base/qwen3.5-27b/retrieve/s13,11692,10,1,2,W-00093|W-00094
appendix/base/qwen3.5-27b/retrieve/s13,11964,10,2,3,W-00095|W-00096|W-00097
appendix/base/qwen3.5-27b/retrieve/s13,12521,10,3,3,W-00098|W-00099|W-00100
appendix/base/qwen3.5-27b/retrieve/s14,125,1,1,1,W-00001
appendix/base/qwen3.5-27b/retrieve/s14,281,1,1,1,W-00002
appendix/base/qwen3.5-27b/retrieve/s14,378,1,1,2,W-00003|W-00004
appendix/base/qwen3.5-27b/retrieve/s14,576,1,1,1,W-00005
appendix/base/qwen3.5-27b/retrieve/s14,827,1,2,3,W-00006|W-00007|W-00008
appendix/base/qwen3.5-27b/retrieve/s14,1341,1,3,2,W-00009|W-00010
appendix/base/qwen3.5-27b/retrieve/s14,1623,2,1,4,W-00011|W-00012|W-00013|W-00014
appendix/base/qwen3.5-27b/retrieve/s14,2271,2,2,1,W-00015
appendix/base/qwen3.5-27b/retrieve/s14,2393,2,2,1,W-00016
appendix/base/qwen3.5-27b/retrieve/s14,2713,2,3,4,W-00017|W-00018|W-00019|W-00020
appendix/base/qwen3.5-27b/retrieve/s14,3077,3,1,2,W-00021|W-00022
appendix/base/qwen3.5-27b/retrieve/s14,3350,3,2,1,W-00023
appendix/base/qwen3.5-27b/retrieve/s14,3551,3,2,3,W-00024|W-00025|W-00026
appendix/base/qwen3.5-27b/retrieve/s14,3758,3,3,2,W-00027|W-00028
appendix/base/qwen3.5-27b/retrieve/s14,4077,3,3,1,W-00029
appendix/base/qwen3.5-27b/retrieve/s14,4164,3,3,1,W-00030
appendix/base/qwen3.5-27b/retrieve/s14,4541,4,1,4,W-00031|W-00032|W-00033|W-00034
appendix/base/qwen3.5-27b/retrieve/s14,5005,4,2,2,W-00035|W-00036
appendix/base/qwen3.5-27b/retrieve/s14,5156,4,3,2,W-00037|W-00038
appendix/base/qwen3.5-27b/retrieve/s14,5303,4,3,2,W-00039|W-00040
appendix/base/qwen3.5-27b/retrieve/s14,5558,5,1,2,W-00041|W-00042
appendix/base/qwen3.5-27b/retrieve/s14,5711,5,1,1,W-00043
appendix/base/qwen3.5-27b/retrieve/s14,5935,5,2,3,W-00044|W-00045|W-00046
appendix/base/qwen3.5-27b/retrieve/s14,6308,5,3,2,W-00047|W-00048
appendix/base/qwen3.5-27b/retrieve/s14,6493,5,3,1,W-00049
appendix/base/qwen3.5-27b/retrieve/s14,6635,5,3,1,W-00050
appendix/base/qwen3.5-27b/retrieve/s14,6823,6,1,1,W-00051
appendix/base/qwen3.5-27b/retrieve/s14,6986,6,2,1,W-00052
appendix/base/qwen3.5-27b/retrieve/s14,7118,6,2,3,W-00053|W-00054|W-00055
appendix/base/qwen3.5-27b/retrieve/s14,7314,6,2,1,W-00056
appendix/base/qwen3.5-27b/retrieve/s14,7419,6,3,1,W-00057
appendix/base/qwen3.5-27b/retrieve/s14,7447,6,3,1,W-00058
appendix/base/qwen3.5-27b/retrieve/s14,7524,6,3,1,W-00059
appendix/base/qwen3.5-27b/retrieve/s14,7627,6,3,1,W-00060
appendix/base/qwen3.5-27b/retrieve/s14,7960,7,1,3,W-00061|W-00062|W-00063
appendix/base/qwen3.5-27b/retrieve/s14,8315,7,2,2,W-00064|W-00065
appendix/base/qwen3.5-27b/retrieve/s14,8614,7,2,2,W-00066|W-00067
appendix/base/qwen3.5-27b/retrieve/s14,8953,7,3,3,W-00068|W-00069|W-00070
appendix/base/qwen3.5-27b/retrieve/s14,9244,8,1,3,W-00071|W-00072|W-00073
appendix/base/qwen3.5-27b/retrieve/s14,9847,8,2,1,W-00074
appendix/base/qwen3.5-27b/retrieve/s14,9917,8,2,2,W-00075|W-00076
appendix/base/qwen3.5-27b/retrieve/s14,10127,8,2,4,W-00077|W-00078|W-00079|W-00080
appendix/base/qwen3.5-27b/retrieve/s14,10638,9,1,1,W-00081
appendix/base/qwen3.5-27b/retrieve/s14,10760,9,1,5,W-00082|W-00083|W-00084|W-00085|W-00086
appendix/base/qwen3.5-27b/retrieve/s14,11289,9,2,3,W-00087|W-00088|W-00089
appendix/base/qwen3.5-27b/retrieve/s14,11540,9,2,1,W-00090
appendix/base/qwen3.5-27b/retrieve/s14,11825,10,1,2,W-00091|W-00092
appendix/base/qwen3.5-27b/retrieve/s14,12220,10,2,4,W-00093|W-00094|W-00095|W-00096
appendix/base/qwen3.5-27b/retrieve/s14,12656,10,3,2,W-00097|W-00098
appendix/base/qwen3.5-27b/retrieve/s14,12779,10,3,2,W-00099|W-00100
appendix/base/qwen3.5-27b/sidecar/s12,136,1,1,1,W-00001
appendix/base/qwen3.5-27b/sidecar/s12,190,1,1,1,W-00002
appendix/base/qwen3.5-27b/sidecar/s12,282,1,1,6,W-00003|W-00004|W-00005|W-00006|W-00007|W-00008
appendix/base/qwen3.5-27b/sidecar/s12,830,1,2,2,W-00009|W-00010
appendix/base/qwen3.5-27b/sidecar/s12,1097,2,1,3,W-00011|W-00012|W-00013
appendix/base/qwen3.5-27b/sidecar/s12,1462,2,2,4,W-00014|W-00015|W-00016|W-00017
appendix/base/qwen3.5-27b/sidecar/s12,1724,2,3,3,W-00018|W-00019|W-00020
appendix/base/qwen3.5-27b/sidecar/s12,2107,3,1,2,W-00021|W-00022
appendix/base/qwen3.5-27b/sidecar/s12,2189,3,1,1,W-00023
appendix/base/qwen3.5-27b/sidecar/s12,2262,3,1,1,W-00024
appendix/base/qwen3.5-27b/sidecar/s12,2338,3,2,1,W-00025
appendix/base/qwen3.5-27b/sidecar/s12,2420,3,2,1,W-00026
appendix/base/qwen3.5-27b/sidecar/s12,2565,3,3,4,W-00027|W-00028|W-00029|W-00030
appendix/base/qwen3.5-27b/sidecar/s12,2891,4,1,2,W-00031|W-00032
appendix/base/qwen3.5-27b/sidecar/s12,3012,4,1,1,W-00033
appendix/base/qwen3.5-27b/sidecar/s12,3129,4,2,3,W-00034|W-00035|W-00036
appendix/base/qwen3.5-27b/sidecar/s12,3457,4,3,2,W-00037|W-00038
appendix/base/qwen3.5-27b/sidecar/s12,3665,4,3,2,W-00039|W-00040
appendix/base/qwen3.5-27b/sidecar/s12,4015,5,1,2,W-00041|W-00042
appendix/base/qwen3.5-27b/sidecar/s12,4284,5,2,3,W-00043|W-00044|W-00045
appendix/base/qwen3.5-27b/sidecar/s12,4498,5,2,1,W-00046
appendix/base/qwen3.5-27b/sidecar/s12,4660,5,3,4,W-00047|W-00048|W-00049|W-00050
appendix/base/qwen3.5-27b/sidecar/s12,5184,6,1,1,W-00051
appendix/base/qwen3.5-27b/sidecar/s12,5333,6,2,2,W-00052|W-00053
appendix/base/qwen3.5-27b/sidecar/s12,5541,6,3,1,W-00054
appendix/base/qwen3.5-27b/sidecar/s12,5562,6,3,3,W-00055|W-00056|W-00057
appendix/base/qwen3.5-27b/sidecar/s12,5718,6,3,3,W-00058|W-00059|W-00060
appendix/base/qwen3.5-27b/sidecar/s12,6139,7,1,2,W-00061|W-00062
appendix/base/qwen3.5-27b/sidecar/s12,6278,7,1,1,W-00063
appendix/base/qwen3.5-27b/sidecar/s12,6432,7,2,3,W-00064|W-00065|W-00066
appendix/base/qwen3.5-27b/sidecar/s12,6650,7,2,1,W-00067
appendix/base/qwen3.5-27b/sidecar/s12,6906,7,3,3,W-00068|W-00069|W-00070
appendix/base/qwen3.5-27b/sidecar/s12,7255,8,1,1,W-00071
appendix/base/qwen3.5-27b/sidecar/s12,7357,8,1,2,W-00072|W-00073
appendix/base/qwen3.5-27b/sidecar/s12,7537,8,2,3,W-00074|W-00075|W-00076
appendix/base/qwen3.5-27b/sidecar/s12,7850,8,3,4,W-00077|W-00078|W-00079|W-00080
appendix/base/qwen3.5-27b/sidecar/s12,8275,9,1,2,W-00081|W-00082
appendix/base/qwen3.5-27b/sidecar/s12,8308,9,1,1,W-00083
appendix/base/qwen3.5-27b/sidecar/s12,8488,9,2,4,W-00084|W-00085|W-00086|W-00087
appendix/base/qwen3.5-27b/sidecar/s12,8924,9,3,3,W-00088|W-00089|W-00090
appendix/base/qwen3.5-27b/sidecar/s12,9390,10,1,3,W-00091|W-00092|W-00093
appendix/base/qwen3.5-27b/sidecar/s12,9747,10,2,3,W-00094|W-00095|W-00096
appendix/base/qwen3.5-27b/sidecar/s12,9942,10,2,2,W-00097|W-00098
appendix/base/qwen3.5-27b/sidecar/s12,10398,10,3,1,W-00099
appendix/base/qwen3.5-27b/sidecar/s12,10452,10,3,1,W-00100
appendix/base/qwen3.5-27b/sidecar/s13,100,1,1,1,W-00001
appendix/base/qwen3.5-27b/sidecar/s13,354,1,2,6,W-00002|W-00003|W-00004|W-00005|W-00006|W-00007
appendix/base/qwen3.5-27b/sidecar/s13,780,1,3,3,W-00008|W-00009|W-00010
appendix/base/qwen3.5-27b/sidecar/s13,1169,2,1,5,W-00011|W-00012|W-00013|W-00014|W-00015
appendix/base/qwen3.5-27b/sidecar/s13,1673,2,2,2,W-00016|W-00017
appendix/base/qwen3.5-27b/sidecar/s13,1737,2,2,1,W-00018
appendix/base/qwen3.5-27b/sidecar/s13,1970,2,3,2,W-00019|W-00020
appendix/base/qwen3.5-27b/sidecar/s13,2237,3,1,4,W-00021|W-00022|W-00023|W-00024
appendix/base/qwen3.5-27b/sidecar/s13,2753,3,2,1,W-00025
appendix/base/qwen3.5-27b/sidecar/s13,2805,3,2,3,W-00026|W-00027|W-00028
appendix/base/qwen3.5-27b/sidecar/s13,3027,3,3,1,W-00029
appendix/base/qwen3.5-27b/sidecar/s13,3068,3,3,1,W-00030
appendix/base/qwen3.5-27b/sidecar/s13,3236,4,1,2,W-00031|W-00032
appendix/base/qwen3.5-27b/sidecar/s13,3498,4,2,2,W-00033|W-00034
appendix/base/qwen3.5-27b/sidecar/s13,3641,4,2,1,W-00035
appendix/base/qwen3.5-27b/sidecar/s13,3772,4,3,1,W-00036
appendix/base/qwen3.5-27b/sidecar/s13,3851,4,3,4,W-00037|W-00038|W-00039|W-00040
appendix/base/qwen3.5-27b/sidecar/s13,4285,5,1,2,W-00041|W-00042
appendix/base/qwen3.5-27b/sidecar/s13,4723,5,2,4,W-00043|W-00044|W-00045|W-00046
appendix/base/qwen3.5-27b/sidecar/s13,5148,5,3,1,W-00047
appendix/base/qwen3.5-27b/sidecar/s13,5356,5,3,3,W-00048|W-00049|W-00050
appendix/base/qwen3.5-27b/sidecar/s13,5609,6,1,1,W-00051
appendix/base/qwen3.5-27b/sidecar/s13,5695,6,1,1,W-00052
appendix/base/qwen3.5-27b/sidecar/s13,5809,6,1,1,W-00053
appendix/base/qwen3.5-27b/sidecar/s13,5844,6,1,2,W-00054|W-00055
appendix/base/qwen3.5-27b/sidecar/s13,6096,6,2,2,W-00056|W-00057
appendix/base/qwen3.5-27b/sidecar/s13,6308,6,3,1,W-00058
appendix/base/qwen3.5-27b/sidecar/s13,6377,6,3,1,W-00059
appendix/base/qwen3.5-27b/sidecar/s13,6494,6,3,1,W-00060
appendix/base/qwen3.5-27b/sidecar/s13,6851,7,1,4,W-00061|W-00062|W-00063|W-00064
appendix/base/qwen3.5-27b/sidecar/s13,7244,7,2,2,W-00065|W-00066
appendix/base/qwen3.5-27b/sidecar/s13,7582,7,3,2,W-00067|W-00068
appendix/base/qwen3.5-27b/sidecar/s13,7837,7,3,2,W-00069|W-00070
appendix/base/qwen3.5-27b/sidecar/s13,8090,8,1,5,W-00071|W-00072|W-00073|W-00074|W-00075
appendix/base/qwen3.5-27b/sidecar/s13,8610,8,2,2,W-00076|W-00077
appendix/base/qwen3.5-27b/sidecar/s13,8770,8,2,1,W-00078
appendix/base/qwen3.5-27b/sidecar/s13,8878,8,3,2,W-00079|W-00080
appendix/base/qwen3.5-27b/sidecar/s13,9124,9,1,1,W-00081
appendix/base/qwen3.5-27b/sidecar/s13,9196,9,1,1,W-00082
appendix/base/qwen3.5-27b/sidecar/s13,9222,9,1,2,W-00083|W-00084
appendix/base/qwen3.5-27b/sidecar/s13,9565,9,2,1,W-00085
appendix/base/qwen3.5-27b/sidecar/s13,9699,9,3,1,W-00086
appendix/base/qwen3.5-27b/sidecar/s13,9722,9,3,2,W-00087|W-00088
appendix/base/qwen3.5-27b/sidecar/s13,9975,9,3,1,W-00089
appendix/base/qwen3.5-27b/sidecar/s13,10027,9,3,1,W-00090
appendix/base/qwen3.5-27b/sidecar/s13,10188,10,1,1,W-00091
appendix/base/qwen3.5-27b/sidecar/s13,10297,10,1,1,W-00092
appendix/base/qwen3.5-27b/sidecar/s13,10346,10,1,2,W-00093|W-00094
appendix/base/qwen3.5-27b/sidecar/s13,10676,10,2,3,W-00095|W-00096|W-00097
appendix/base/qwen3.5-27b/sidecar/s13,11125,10,3,3,W-00098|W-00099|W-00100
appendix/base/qwen3.5-27b/sidecar/s14,125,1,1,1,W-00001
appendix/base/qwen3.5-27b/sidecar/s14,251,1,1,1,W-00002
appendix/base/qwen3.5-27b/sidecar/s14,305,1,1,2,W-00003|W-00004
appendix/base/qwen3.5-27b/sidecar/s14,426,1,1,1,W-00005
appendix/base/qwen3.5-27b/sidecar/s14,684,1,2,3,W-00006|W-00007|W-00008
appendix/base/qwen3.5-27b/sidecar/s14,1147,1,3,2,W-00009|W-00010
appendix/base/qwen3.5-27b/sidecar/s14,1296,2,1,4,W-00011|W-00012|W-00013|W-00014
appendix/base/qwen3.5-27b/sidecar/s14,2077,2,2,1,W-00015
appendix/base/qwen3.5-27b/sidecar/s14,2098,2,2,1,W-00016
appendix/base/qwen3.5-27b/sidecar/s14,2309,2,3,4,W-00017|W-00018|W-00019|W-00020
appendix/base/qwen3.5-27b/sidecar/s14,2615,3,1,2,W-00021|W-00022
appendix/base/qwen3.5-27b/sidecar/s14,2891,3,2,1,W-00023
appendix/base/qwen3.5-27b/sidecar/s14,3050,3,2,3,W-00024|W-00025|W-00026
appendix/base/qwen3.5-27b/sidecar/s14,3268,3,3,2,W-00027|W-00028
appendix/base/qwen3.5-27b/sidecar/s14,3450,3,3,1,W-00029
appendix/base/qwen3.5-27b/sidecar/s14,3475,3,3,1,W-00030
appendix/base/qwen3.5-27b/sidecar/s14,3742,4,1,4,W-00031|W-00032|W-00033|W-00034
appendix/base/qwen3.5-27b/sidecar/s14,4112,4,2,2,W-00035|W-00036
appendix/base/qwen3.5-27b/sidecar/s14,4279,4,3,2,W-00037|W-00038
appendix/base/qwen3.5-27b/sidecar/s14,4376,4,3,2,W-00039|W-00040
appendix/base/qwen3.5-27b/sidecar/s14,4580,5,1,2,W-00041|W-00042
appendix/base/qwen3.5-27b/sidecar/s14,4735,5,1,1,W-00043
appendix/base/qwen3.5-27b/sidecar/s14,4964,5,2,3,W-00044|W-00045|W-00046
appendix/base/qwen3.5-27b/sidecar/s14,5248,5,3,2,W-00047|W-00048
appendix/base/qwen3.5-27b/sidecar/s14,5393,5,3,1,W-00049
appendix/base/qwen3.5-27b/sidecar/s14,5532,5,3,1,W-00050
appendix/base/qwen3.5-27b/sidecar/s14,5708,6,1,1,W-00051
appendix/base/qwen3.5-27b/sidecar/s14,5855,6,2,1,W-00052
appendix/base/qwen3.5-27b/sidecar/s14,5927,6,2,3,W-00053|W-00054|W-00055
appendix/base/qwen3.5-27b/sidecar/s14,6190,6,2,1,W-00056
appendix/base/qwen3.5-27b/sidecar/s14,6278,6,3,1,W-00057
appendix/base/qwen3.5-27b/sidecar/s14,6318,6,3,1,W-00058
appendix/base/qwen3.5-27b/sidecar/s14,6375,6,3,1,W-00059
appendix/base/qwen3.5-27b/sidecar/s14,6440,6,3,1,W-00060
appendix/base/qwen3.5-27b/sidecar/s14,6683,7,1,3,W-00061|W-00062|W-00063
appendix/base/qwen3.5-27b/sidecar/s14,7056,7,2,2,W-00064|W-00065
appendix/base/qwen3.5-27b/sidecar/s14,7210,7,2,2,W-00066|W-00067
appendix/base/qwen3.5-27b/sidecar/s14,7469,7,3,3,W-00068|W-00069|W-00070
appendix/base/qwen3.5-27b/sidecar/s14,7726,8,1,3,W-00071|W-00072|W-00073
appendix/base/qwen3.5-27b/sidecar/s14,8055,8,2,1,W-00074
appendix/base/qwen3.5-27b/sidecar/s14,8122,8,2,2,W-00075|W-00076
appendix/base/qwen3.5-27b/sidecar/s14,8310,8,2,4,W-00077|W-00078|W-00079|W-00080
appendix/base/qwen3.5-27b/sidecar/s14,8934,9,1,1,W-00081
appendix/base/qwen3.5-27b/sidecar/s14,9020,9,1,5,W-00082|W-00083|W-00084|W-00085|W-00086
appendix/base/qwen3.5-27b/sidecar/s14,9435,9,2,3,W-00087|W-00088|W-00089
appendix/base/qwen3.5-27b/sidecar/s14,9708,9,2,1,W-00090
appendix/base/qwen3.5-27b/sidecar/s14,9967,10,1,2,W-00091|W-00092
appendix/base/qwen3.5-27b/sidecar/s14,10351,10,2,4,W-00093|W-00094|W-00095|W-00096
appendix/base/qwen3.5-27b/sidecar/s14,10634,10,3,2,W-00097|W-00098
appendix/base/qwen3.5-27b/sidecar/s14,10712,10,3,2,W-00099|W-00100
